Gene1,Gene2,score
G67,G86,0.5861351656868521
G67,G92,0.5698698042711402
G67,G126,0.5640556285871898
G67,G390,0.5480670688967306
G67,G167,0.5372367586251494
G67,G223,0.5353188156637662
G67,G340,0.47149038767144463
G67,G131,0.46126816078303107
G253,G335,0.45753853733025895
G253,G315,0.4564242607109506
G67,G87,0.4509042621889365
G67,G246,0.45050948357942455
G253,G336,0.44427124207450347
G84,G199,0.4412708522715168
G238,G84,0.44075801689833466
G253,G278,0.43732585093718734
G246,G67,0.42812925154810694
G84,G344,0.4250710299289494
G253,G198,0.42087704194516845
G84,G364,0.4174996792320764
G84,G238,0.413264273678011
G373,G253,0.4047744075127425
G277,G331,0.4018631721542175
G331,G277,0.39840406200910033
G67,G312,0.39674404535604696
G253,G330,0.39665226260711817
G47,G321,0.3935456621019302
G102,G256,0.39021018194606744
G253,G373,0.3900413881961922
G331,G212,0.3892694467236389
G67,G234,0.38800499524377724
G253,G144,0.3840414067178464
G331,G372,0.3839995318251491
G302,G316,0.37967590934173
G150,G138,0.37375318842550653
G67,G259,0.37342741725606354
G253,G352,0.36982326549980277
G102,G221,0.36761359963663803
G47,G388,0.3564231543220918
G253,G169,0.3493010420790253
G144,G376,0.34635983369235634
G102,G157,0.34434538915444646
G144,G179,0.34311095808190234
G144,G242,0.3425911618794035
G84,G283,0.34223165497681546
G253,G341,0.33864885683927687
G144,G267,0.3361634336841877
G253,G300,0.33031952958218197
G69,G288,0.3286858798509668
G84,G218,0.32765131913025836
G253,G39,0.3267195579237548
G67,G99,0.32497894575218583
G67,G225,0.3249683247886207
G84,G104,0.32335247429714364
G67,G75,0.3209427802767134
G67,G363,0.31913711309129356
G80,G102,0.3189425446122777
G84,G287,0.31827443544165646
G84,G338,0.3175151344381608
G69,G141,0.3167583674661064
G69,G153,0.3152877108272793
G253,G168,0.3152790126074829
G253,G196,0.31400421187317057
G144,G228,0.31336452784094615
G47,G342,0.3127584561445766
G47,G142,0.30563738122604034
G253,G150,0.3041474012266898
G47,G204,0.2995023223054818
G253,G53,0.2955071328111024
G84,G120,0.2928856186968704
G47,G296,0.2928206614074781
G253,G165,0.292120014784463
G253,G324,0.2920830628295406
G150,G57,0.291008390903616
G41,G382,0.2898016268545965
G84,G241,0.28979779413716233
G102,G135,0.28748227069356924
G67,G185,0.28738673020883265
G47,G397,0.28733765531352823
G382,G41,0.2858204897214575
G144,G349,0.28535510278878684
G67,G205,0.28343871546396443
G84,G295,0.28276891074527666
G253,G156,0.2825230884512019
G253,G109,0.28222935531242554
G102,G80,0.28113464605971783
G80,G190,0.27900682668402
G84,G118,0.27664390881218276
G302,G280,0.27377938387510453
G84,G343,0.27377314302234546
G253,G273,0.2727758523874328
G84,G244,0.27195934747249023
G84,G302,0.27189439547835376
G80,G357,0.2708535142577993
G102,G375,0.2693092628519658
G144,G284,0.2678691350805695
G144,G112,0.2670015805755963
G47,G258,0.266751433486886
G84,G145,0.26400041277939995
G84,G229,0.2637242300186208
G84,G192,0.26221457629994516
G84,G46,0.2586821049041836
G47,G308,0.25779236427178986
G144,G65,0.25695803282044455
G47,G323,0.2544246199931104
G84,G334,0.2540239218467828
G47,G276,0.252724479654402
G47,G163,0.25109778918456754
G102,G299,0.25008496287286613
G253,G317,0.2496067198577931
G67,G143,0.2490534257985616
G398,G69,0.2423380736821394
G80,G88,0.24155641244687678
G144,G369,0.24140459969593514
G47,G79,0.2394900780229242
G253,G306,0.23740379156958843
G302,G393,0.2370955662961716
G47,G275,0.23569268074290828
G253,G297,0.23526505918642618
G47,G133,0.23462362150445965
G67,G158,0.23443287581707156
G69,G304,0.23392156521908353
G69,G47,0.23390892382010683
G67,G201,0.23362863250525254
G47,G129,0.2329008955854405
G144,G211,0.23229568002431752
G144,G54,0.23029120606263048
G84,G155,0.2301884246465465
G47,G260,0.22992801678920022
G253,G114,0.2274022311499395
G47,G230,0.22635235916736823
G69,G398,0.22487837109270203
G253,G293,0.22461931426474596
G253,G271,0.22408501438889852
G47,G310,0.2226678407712711
G102,G183,0.22165155176936574
G67,G294,0.22101020890762646
G150,G130,0.2192800049713789
G331,G71,0.21622681798266793
G196,G353,0.21616274010111247
G253,G98,0.21577901620702333
G67,G237,0.2130601448080341
G47,G307,0.21291510722464108
G253,G91,0.21279842623176892
G102,G105,0.21257138546272827
G253,G384,0.2124000422578887
G144,G148,0.2111790476127864
G302,G161,0.21116420379871337
G253,G132,0.21027731986393047
G150,G62,0.21011478813385515
G253,G76,0.20942244541584146
G47,G193,0.20916416290046486
G46,G356,0.20527034541869296
G69,G85,0.2050551753897589
G123,G206,0.2026633690802495
G84,G257,0.2022101417134169
G46,G77,0.2018068886980437
G67,G188,0.20150548165026536
G102,G219,0.19908079369553983
G253,G313,0.19879566412210467
G102,G154,0.19747741673830066
G253,G59,0.19591731057401374
G69,G290,0.19348466091604763
G253,G103,0.19146925930663755
G398,G180,0.18954783234357167
G84,G374,0.1880923153949792
G47,G377,0.1854433143862495
G150,G249,0.18311582300312726
G246,G86,0.1828989231542056
G67,G121,0.17837948036620163
G144,G303,0.17817283998581337
G102,G110,0.17816217318210598
G398,G123,0.17674049995663185
G144,G247,0.1760753901475874
G253,G210,0.17554461118837067
G69,G299,0.17380524096255826
G84,G301,0.17350501567949048
G47,G350,0.17329740656542053
G123,G250,0.172813555822467
G246,G126,0.17153441476040132
G144,G100,0.1688190406225595
G144,G329,0.16830285915200097
G54,G245,0.16775306314797422
G47,G42,0.1643337356185548
G382,G355,0.16390323332200024
G41,G33,0.1636586501127527
G67,G66,0.16092614933860933
G102,G119,0.15923378933287108
G84,G48,0.15788010864800037
G302,G177,0.15718608657200855
G246,G92,0.15642680248369148
G47,G93,0.15614198276842112
G391,G394,0.15604219154702603
G41,G345,0.15592859818865934
G123,G362,0.15418518829695174
G144,G331,0.15308607332792992
G144,G315,0.1526106717942384
G302,G128,0.15180736686513505
G47,G173,0.15164027038678882
G123,G181,0.15158944774576388
G180,G289,0.15030272144079246
G47,G147,0.1494888538581428
G41,G61,0.14678724597592388
G47,G184,0.14492834556254092
G246,G223,0.14401726181742353
G246,G390,0.14393138814325004
G47,G50,0.1432913152772019
G150,G38,0.14173366339420326
G41,G97,0.14100252436965885
G67,G391,0.14098753973467584
G144,G253,0.14057025427427802
G54,G385,0.1402346059157988
G80,G221,0.13970079651503264
G331,G67,0.13926975610884584
G331,G251,0.13914951995539965
G67,G187,0.13884576089626163
G331,G136,0.13687272775479892
G80,G8,0.13678795374394143
G253,G81,0.1346132686099731
G180,G298,0.13439360800998892
G54,G386,0.13412059424738856
G47,G318,0.1303294676476024
G67,G135,0.1295608228715077
G238,G199,0.12777999489558012
G144,G336,0.12732447172278225
G331,G86,0.12711856510174005
G84,G122,0.1266863509758848
G84,G108,0.12660519958889804
G41,G262,0.12382637445629519
G47,G78,0.12302117635268246
G47,G243,0.12290984679406125
G67,G82,0.12250377431518028
G80,G197,0.12214295017889878
G102,G45,0.12192734312775068
G331,G41,0.1217738078492316
G67,G175,0.12124214783722868
G246,G340,0.1208274823559313
G102,G370,0.12064186470483863
G102,G332,0.12063456879732062
G331,G383,0.12036968607235732
G382,G292,0.119647833722814
G253,G280,0.11950231900601502
G102,G164,0.11944924389119235
G144,G39,0.11884937601079429
G253,G52,0.11721947173903804
G115,G146,0.11720930683681809
G391,G226,0.1166547125513009
G46,G84,0.11619276954354113
G54,G176,0.11607402445187924
G84,G41,0.11528493279564603
G212,G331,0.11522299461282465
G253,G302,0.11490642317680996
G331,G239,0.11483153769268412
G123,G149,0.11478317837895832
G238,G240,0.11319519726885444
G47,G68,0.11312745183502271
G238,G69,0.11299656957561549
G355,G387,0.11269813083814553
G398,G395,0.11258940481434727
G277,G367,0.11255414904035593
G47,G37,0.11250892675641518
G331,G124,0.11247155424607103
G84,G380,0.11127339550387669
G253,G309,0.11125125282669664
G47,G31,0.11107309654941588
G144,G341,0.11096034137464322
G391,G392,0.1108163062249642
G150,G49,0.11078836892729264
G47,G269,0.11055916241355866
G41,G366,0.11048141308866434
G277,G196,0.10959517650105388
G41,G92,0.10939596102958873
G47,G69,0.10860116422028934
G19,G186,0.10803613462362792
G150,G359,0.10768013584688149
G123,G189,0.107098315966083
G302,G217,0.10695154030182412
G144,G278,0.10691681230072159
G302,G279,0.1065309350907106
G144,G63,0.10639897708600927
G69,G67,0.10615767686111882
G47,G111,0.10600652079681461
G331,G126,0.10532752677013421
G47,G9,0.10466741103533342
G144,G204,0.10452998924968018
G67,G398,0.10423183603534562
G41,G351,0.10410505080474632
G84,G57,0.10384479268673646
G67,G274,0.10332676025584737
G41,G51,0.10177683613539638
G144,G92,0.10163983697980583
G46,G344,0.101086588895484
G67,G331,0.10089351737338642
G238,G265,0.1006992010428567
G144,G390,0.1001925904984581
G150,G339,0.10004709237438465
G1,G13,0.09986843501518161
G47,G114,0.09969460867213559
G67,G125,0.09964676403616902
G373,G35,0.09946283980551009
G302,G253,0.0990203401727267
G302,G202,0.09866479634276752
G67,G168,0.09829720223774269
G144,G334,0.09739038066733333
G253,G191,0.09721361263841005
G150,G102,0.09686263747040613
G144,G156,0.09636773883865005
G331,G174,0.09635838353983832
G196,G253,0.0960453999523235
G393,G302,0.09553441674930141
G144,G198,0.09545215766402604
G277,G372,0.09513262314226084
G331,G139,0.09512819345345279
G196,G47,0.09512289132034582
G54,G152,0.0944442084460447
G144,G218,0.09430594324008956
G123,G322,0.09409437246456773
G46,G396,0.09398489865160176
G144,G145,0.09285771102132759
G150,G253,0.09236471475001601
G67,G162,0.09183523173998183
G1,G6,0.09165290691365822
G130,G150,0.09161719524438502
G331,G87,0.09149707628203241
G196,G381,0.09024900145975666
G144,G75,0.08995045372611826
G123,G371,0.08956050346013295
G144,G330,0.08938182811703688
G115,G286,0.08891387695443546
G144,G234,0.08870493858194956
G212,G182,0.08857281817771286
G67,G179,0.08834695441543691
G243,G47,0.08826632906200124
G253,G67,0.08823677168029995
G144,G340,0.08819402960449038
G144,G335,0.0876597846587755
G47,G11,0.08754642772684552
G373,G315,0.08703574686537469
G180,G398,0.08700986991506748
G331,G144,0.08673541369164756
G331,G300,0.08673013156066492
G196,G263,0.08649395125687377
G393,G96,0.08642265279547054
G144,G169,0.0859403046319781
G331,G267,0.08576589281329511
G180,G270,0.08481674286198328
G84,G346,0.08459311862497067
G262,G89,0.08433453005070835
G41,G69,0.08419653388925044
G47,G326,0.08414361230725914
G302,G314,0.08405938800642394
G41,G340,0.08403902211822398
G144,G196,0.08391544619178112
G373,G308,0.08289488824072855
G41,G255,0.08247070459395926
G30,G291,0.08209026505462683
G144,G223,0.0820754154312707
G19,G25,0.08202268487063198
G246,G87,0.08194858151799528
G331,G352,0.08175580279446545
G262,G379,0.08124637326856785
G373,G278,0.08123650768102661
G302,G39,0.08109354760815038
G253,G246,0.08081678642462276
G54,G354,0.08017939927373828
G331,G196,0.08016464689857111
G47,G126,0.08000623404922749
G302,G198,0.07995281963438416
G47,G349,0.0796959247128117
G41,G57,0.07913616180701549
G302,G34,0.07870227110823874
G19,G311,0.07832396661710031
G54,G242,0.07826746393147704
G41,G331,0.07819678510008465
G84,G222,0.07810641294124529
G19,G26,0.07779230294772248
G123,G347,0.07745925663711835
G331,G282,0.07743770301104753
G246,G376,0.0773940759865191
G144,G105,0.07733636021279451
G54,G254,0.07715912440141705
G115,G348,0.07660077928614777
G246,G131,0.07602137976328341
G144,G67,0.07601466869518306
G84,G102,0.07590194279268322
G47,G32,0.07562204375584457
G382,G272,0.075293407252731
G69,G41,0.07462134057242462
G144,G19,0.07450187464622789
G67,G253,0.07445683717334392
G246,G39,0.0743312298997067
G302,G84,0.07432348939775374
G391,G327,0.07422302212369528
G67,G41,0.07408863301200139
G246,G17,0.074075925123947
G67,G308,0.07403660978898419
G102,G227,0.07398980374395059
G47,G268,0.07389907770477021
G46,G145,0.07375919600141463
G102,G203,0.0737487535930496
G253,G194,0.07366470319929169
G30,G214,0.07360974321573657
G373,G198,0.0735303802009804
G144,G338,0.07333576009923676
G144,G86,0.07330988831507423
G19,G232,0.07323933739635417
G84,G206,0.07316541498541262
G54,G99,0.07309376304052821
G41,G134,0.07287144374846881
G246,G167,0.07273565731180803
G67,G165,0.07263246646568006
G373,G39,0.07230584718956079
G19,G21,0.0722900227085374
G238,G344,0.07226768789702984
G196,G126,0.07174243706151162
G196,G331,0.07165948466471322
G84,G150,0.07116606440724993
G30,G213,0.071136402007926
G277,G242,0.07111399456961627
G398,G67,0.07104332992827855
G123,G126,0.07091717536104299
G359,G375,0.07085887935111881
G80,G157,0.07074679148725038
G238,G364,0.07073433959452025
G262,G235,0.07041346891503739
G382,G219,0.07038999581578645
G47,G92,0.070381084518268
G331,G92,0.07020332845183094
G150,G95,0.06962816284494203
G19,G1,0.06938679266556531
G46,G317,0.06900573680162803
G212,G317,0.06890813009798345
G115,G325,0.0688439702722523
G382,G67,0.0687041926946585
G395,G292,0.06868916610355512
G144,G195,0.06811431010204368
G238,G118,0.06801242544486627
G67,G372,0.06782859667258342
G262,G365,0.06766422047040563
G302,G267,0.06753010378581359
G41,G84,0.06729324130097893
G102,G84,0.06722245527389259
G373,G145,0.06714612180276794
G41,G39,0.0668132329913836
G277,G212,0.06674156452998983
G180,G266,0.06672404670319305
G41,G86,0.06658043465703356
G67,G53,0.06629375506678659
G238,G302,0.06628602756431201
G180,G196,0.06621850552677794
G359,G398,0.06619464598229066
G302,G373,0.06611923252352916
G277,G332,0.06609231931865392
G238,G123,0.06592544746171419
G47,G165,0.06592390370483275
G212,G319,0.06584089279559596
G54,G144,0.06563328050041511
G41,G390,0.06550531676664209
G115,G178,0.06521294438596616
G246,G259,0.06516068173940195
G331,G373,0.06511454750659798
G373,G138,0.06494962475397148
G123,G86,0.0647728435513027
G46,G62,0.06466785860930184
G41,G223,0.06456584644517546
G47,G196,0.06455608242495812
G123,G179,0.06436529749188416
G302,G216,0.0643613611138552
G196,G67,0.0643519846287944
G123,G388,0.06421056145862268
G41,G67,0.06420306102445053
G19,G113,0.0641573490956569
G212,G277,0.06404469787892222
G196,G71,0.06363857527999256
G246,G312,0.06324307301065049
G41,G150,0.06304866834923337
G246,G331,0.0629256922073293
G46,G316,0.06285129541938608
G69,G57,0.06260354146893143
G102,G199,0.06245127033270688
G373,G179,0.06233163720200338
G130,G41,0.062122692959389395
G46,G199,0.062097425135434786
G67,G315,0.0620403864076563
G46,G364,0.06189930487512324
G331,G39,0.06185223440990614
G69,G156,0.06181306751192765
G253,G229,0.0617702132299473
G331,G312,0.06161976337113512
G80,G220,0.061596101169821935
G373,G335,0.06130082693701622
G84,G369,0.061270073172173534
G212,G228,0.06126165948967505
G30,G209,0.061233155460473414
G47,G223,0.06119399844402232
G123,G156,0.06118809771389824
G47,G67,0.06113087524907482
G19,G28,0.06108862005472253
G238,G160,0.06102472808440189
G54,G248,0.060821060710772715
G30,G72,0.06077131145167236
G196,G198,0.06075666122435963
G67,G115,0.06034482207128795
G150,G335,0.06031859891966837
G238,G104,0.0600585711828478
G47,G299,0.06000387845136268
G19,G18,0.059953110377937165
G393,G114,0.059905355232888466
G373,G331,0.05981706925360758
G41,G126,0.059734975591957284
G253,G126,0.05948449488533597
G196,G39,0.0589215409974812
G238,G120,0.05883093064628281
G41,G75,0.05881587340329372
G54,G116,0.05868290258124226
G47,G317,0.05864550237379876
G46,G57,0.058641583884059545
G391,G67,0.05856032381710179
G277,G90,0.058355661002648156
G212,G211,0.05832228175866168
G212,G302,0.05832173481139456
G391,G22,0.05830301577464202
G150,G336,0.05823324764738619
G54,G67,0.05820044585821958
G373,G242,0.05790467715381248
G331,G138,0.057823853745216716
G46,G69,0.057787624862460044
G1,G5,0.057670767493177025
G302,G352,0.05766826743931702
G123,G398,0.05742961175165351
G373,G228,0.05724352569193758
G115,G215,0.057188973069732175
G80,G299,0.05715961011698131
G253,G316,0.05704250632620092
G391,G150,0.056949913810642634
G246,G198,0.05692444406711003
G391,G156,0.05687461322554273
G302,G299,0.0567513935972693
G84,G76,0.05673042310490435
G67,G388,0.05671330792766757
G123,G114,0.056711309241446864
G262,G207,0.056655586125552736
G355,G41,0.05657308137961935
G391,G397,0.05631122607253501
G355,G382,0.056300833061117744
G331,G264,0.05614088830358716
G69,G60,0.05605905074298242
G150,G39,0.05605628391194789
G123,G67,0.05605357233246305
G246,G253,0.05602271429750641
G253,G171,0.05593159858411628
G196,G167,0.05578743510098086
G262,G166,0.05575949545649495
G123,G161,0.05571080410279533
G302,G336,0.0556872453868629
G130,G253,0.05553007160439609
G80,G378,0.05519848691462224
G302,G338,0.0551758341857716
G373,G144,0.05507600962962714
G30,G285,0.05507105442130769
G30,G182,0.055063759125854775
G123,G302,0.05498092098633926
G212,G58,0.05486702009370956
G47,G224,0.054825829111576636
G84,G280,0.05482579260998527
G398,G288,0.054767242581718625
G262,G355,0.054734587404944864
G212,G369,0.05468779563535986
G144,G150,0.05464689898191846
G123,G198,0.05459497673374107
G373,G324,0.05451515053624201
G331,G223,0.054462155989531275
G123,G390,0.0542747183285361
G212,G196,0.054101019724398264
G196,G336,0.0539686971004745
G54,G267,0.05387856542117517
G331,G198,0.05381488051787214
G253,G331,0.053700480733024775
G150,G145,0.05366892314782204
G54,G39,0.053568567120914845
G302,G333,0.0534400960235708
G331,G253,0.05337784516378585
G67,G129,0.053357907419556455
G373,G150,0.053295218410579076
G253,G368,0.0532213577890749
G393,G316,0.05302648457839913
G302,G233,0.05301431840243829
G302,G65,0.05292616312360332
G123,G47,0.052854518717674256
G373,G67,0.05282337593997974
G331,G376,0.05276907829310032
G196,G278,0.052763081981125504
G393,G199,0.05270503991236017
G277,G41,0.0524914454849747
G102,G238,0.052439592286920064
G102,G41,0.052407710558111734
G1,G7,0.05218302709663399
G277,G99,0.05214825843798068
G67,G198,0.05213902338488957
G144,G168,0.05208126274171071
G246,G234,0.051954468143145
G69,G397,0.051822722244241504
G382,G253,0.05176213132745053
G80,G183,0.05164497228741796
G398,G156,0.05150834717429337
G19,G107,0.051466556776210495
G54,G168,0.05144207835875808
G1,G4,0.05135463542412763
G46,G302,0.051352516499140605
G398,G126,0.05132497283782125
G30,G320,0.05114971335127575
G54,G336,0.05107293718991687
G54,G253,0.05107104752441499
G196,G223,0.05104344341192868
G41,G56,0.050917502468966695
G123,G39,0.05082805826005049
G196,G315,0.05080357159885088
G238,G145,0.05074986211586188
G47,G302,0.05072775100244953
G1,G10,0.05072192102486034
G54,G198,0.05060999112173961
G391,G170,0.05057306973382952
G246,G196,0.05045986327424751
G150,G109,0.05023031340966605
G1,G20,0.05017278229316244
G46,G39,0.05003180146241493
G1,G12,0.04996491689132479
G302,G238,0.04987326083454888
G253,G74,0.04985994022639532
G196,G317,0.049779460854103647
G144,G126,0.04976701619075288
G277,G67,0.04969210808632871
G19,G27,0.04960443476250949
G391,G108,0.04949105079710567
G46,G253,0.04936016039639195
G398,G192,0.049349550687109986
G331,G234,0.04929651908628224
G373,G302,0.049159569426397154
G196,G156,0.049130064100080084
G47,G73,0.049113038893019094
G302,G344,0.048995897231007834
G212,G315,0.04895485794239665
G302,G109,0.04894515080718734
G277,G349,0.04893030217680683
G130,G196,0.04880729605326483
G46,G211,0.048794788603279335
G41,G360,0.048676342344785434
G150,G315,0.04857747033773194
G246,G114,0.04855407122348815
G47,G198,0.04854592494477633
G46,G278,0.04850365923124367
G150,G198,0.048474131366173595
G30,G151,0.048443202851818176
G102,G117,0.04840163691990289
G302,G196,0.048399885804660786
G123,G315,0.048349163957204164
G238,G221,0.0483369922417478
G302,G284,0.04830962189623875
G144,G57,0.04828105466086233
G180,G69,0.04819427146110654
G54,G315,0.04818097113490233
G150,G41,0.048002458863298736
G331,G252,0.04786978829606267
G373,G114,0.04786389209975181
G102,G88,0.04781959952711767
G302,G212,0.04778916501895686
G212,G253,0.047766005049558774
G54,G331,0.04773610734356187
G238,G46,0.047684102427885455
G102,G357,0.04767895757692853
G115,G314,0.04767373243956516
G246,G47,0.04755240407419037
G373,G196,0.04750885015632106
G30,G159,0.04746404006862282
G238,G343,0.04740528130239807
G196,G165,0.04739883555070873
G373,G156,0.04739143698260134
G170,G383,0.047353976514871145
G54,G79,0.04724966116223826
G398,G196,0.04724712634915858
G246,G45,0.04710357136297716
G395,G236,0.0468964802080192
G144,G167,0.046893277164601704
G67,G196,0.04684888077969179
G253,G382,0.0468393324955549
G331,G342,0.046789565734820404
G398,G86,0.04678811117125002
G150,G70,0.04676106153764931
G373,G300,0.04668117576409367
G262,G41,0.04664396394919401
G150,G373,0.04633170230914349
G246,G144,0.046259527533687256
G19,G302,0.046172612646096366
G67,G154,0.04608854136649661
G54,G173,0.04600937760372639
G302,G169,0.04598837435480954
G373,G341,0.045927560497752956
G238,G253,0.04588551121738843
G84,G77,0.04585625589777881
G54,G303,0.04579815469534573
G212,G156,0.045564286621473854
G238,G288,0.04551675048867759
G355,G361,0.04547211162417011
G1,G19,0.04544910496784788
G80,G256,0.045443133729734825
G391,G102,0.045413229811485135
G47,G127,0.045387060363755234
G47,G86,0.04528609505500242
G277,G284,0.0451454654805178
G1,G9,0.04507720268932524
G46,G156,0.045053678936540636
G196,G349,0.04502547014229763
G84,G138,0.045019298387670076
G84,G299,0.04497906929146636
G246,G341,0.04496940082365139
G150,G196,0.04494596030181877
G84,G198,0.044868852876061543
G180,G102,0.044864770250011836
G67,G69,0.0448570053114373
G212,G179,0.044835391253173484
G302,G168,0.04482468463172984
G246,G179,0.04463791075231813
G212,G112,0.04460407090961496
G238,G138,0.04451606004108735
G67,G142,0.04449647369801853
G373,G336,0.044448357707347674
G46,G198,0.044389965322533226
G46,G343,0.04437387833590431
G123,G280,0.0443323006904663
G395,G231,0.04427472881683672
G130,G32,0.04426738449772319
G331,G399,0.04425207215372156
G102,G190,0.04414374463122886
G253,G57,0.04402212786853879
G123,G144,0.04400841810590207
G102,G178,0.04399108955778837
G395,G101,0.04396912352462361
G46,G238,0.04389943029278309
G302,G123,0.0438674995977546
G253,G312,0.043853461948931444
G398,G299,0.04383330441724964
G47,G100,0.0437945800378019
G331,G390,0.04375338069942461
G84,G22,0.04369988088578969
G144,G363,0.043624738841387456
G54,G341,0.043616031261285354
G123,G253,0.04355632699873423
G144,G225,0.043530843444707895
G47,G253,0.04352425163910896
G196,G86,0.043430176836931955
G196,G300,0.04331475609796939
G302,G179,0.043245836415610944
G212,G324,0.04323117890629852
G238,G315,0.04320654662966787
G395,G378,0.04316967911285463
G212,G65,0.043161639572690785
G123,G369,0.043130061791278776
G302,G199,0.04310532161320077
G54,G349,0.04310470632964525
G243,G244,0.04309624269526581
G1,G16,0.04309312595826208
G54,G112,0.04296230099797543
G67,G156,0.04294852316199027
G212,G59,0.04292679946798314
G359,G166,0.04282987951883912
G41,G131,0.04262919234842297
G238,G241,0.04259624777022056
G84,G169,0.04243637563620886
G395,G374,0.0424074003175656
G253,G138,0.04239059671433293
G115,G52,0.042388511434393726
G150,G104,0.04234302851727402
G262,G331,0.04231618992768065
G102,G262,0.042316032429069714
G331,G131,0.04229025318221871
G1,G22,0.04224470028501043
G382,G156,0.042219208187011276
G69,G126,0.04213487297977739
G123,G308,0.042071302315779074
G123,G317,0.042027900913215066
G54,G126,0.04186684062834302
G150,G144,0.04183185677646195
G54,G261,0.04180040925119463
G123,G169,0.04179480437778049
G243,G388,0.04173899834208095
G277,G253,0.041736953121074644
G196,G179,0.04165915883958862
G67,G242,0.04164415870834903
G46,G218,0.041594011093482264
G150,G103,0.04158572709949693
G212,G129,0.041550224609740075
G80,G380,0.04147991759648294
G196,G144,0.04146580562768215
G19,G23,0.04135960960886544
G382,G397,0.04134864278433119
G69,G46,0.04132813565155527
G144,G321,0.04126702716454711
G212,G198,0.04119298645921746
G47,G41,0.04119210008274962
G302,G218,0.041177601482631776
G238,G295,0.04114134851738316
G69,G321,0.0411175947773568
G253,G161,0.04110111913308545
G123,G92,0.041094570673563216
G262,G202,0.041045254735288535
G355,G358,0.041044580859755875
G246,G315,0.04099700860689165
G102,G150,0.040975600885407595
G130,G342,0.040952914174044765
G102,G172,0.04092806761462295
G54,G317,0.040910419317070804
G69,G204,0.04084352363658353
G393,G198,0.04083167098570696
G84,G81,0.04081980158968661
G212,G341,0.04081717656806036
G253,G204,0.040813279934418495
G373,G86,0.04073934844802407
G69,G199,0.04068772926647056
G84,G66,0.040676587573175285
G246,G54,0.04062016699711754
G393,G48,0.040571688056579056
G373,G352,0.040466051622884275
G196,G169,0.04041187587525258
G123,G340,0.0404087673838521
G69,G196,0.0403185877418704
G238,G40,0.04025143399127159
G331,G340,0.04020412377446683
G41,G334,0.04013532116540587
G246,G267,0.04009203954546228
G69,G112,0.04001578035069768
G373,G92,0.0399588050152383
G123,G29,0.03990373233378649
G46,G104,0.03987871353680335
G46,G177,0.039801250425377965
G355,G308,0.039783090785528274
G373,G223,0.03976771682963201
G246,G336,0.03968716905099051
G373,G109,0.039641028477164
G398,G153,0.03955539990026061
G170,G200,0.03954427754534862
G180,G72,0.03952256040364253
G144,G48,0.03941805043195665
G359,G183,0.039334252431957914
G144,G165,0.03933356116476694
G391,G235,0.03926555019197717
G180,G299,0.0392614859780666
G150,G14,0.03916103095318721
G144,G353,0.03915990497693672
G373,G334,0.0391392321638977
G196,G131,0.039103558696066104
G373,G369,0.03889243887029503
G391,G274,0.038772386656074916
G302,G324,0.038762427364508106
G170,G161,0.03871047090161284
G243,G397,0.03870435616609791
G46,G393,0.038691154704204464
G395,G376,0.0386852942970278
G398,G253,0.038663080707610334
G243,G114,0.03863019839271914
G382,G198,0.03854163783616178
G246,G169,0.03854022167872295
G302,G317,0.03848967793775676
G150,G364,0.0384337688867057
G302,G183,0.038425133235365
G243,G276,0.03840293262184608
G246,G228,0.03839996877939056
G373,G330,0.03835600854732446
G391,G126,0.03833994949525305
G331,G167,0.03832473503500086
G150,G376,0.03831506467266027
G54,G289,0.03830841350925832
G393,G128,0.03829602096484591
G41,G47,0.038283886982503026
G47,G169,0.03827790498064661
G46,G249,0.038267325398002844
G144,G300,0.038179890520642246
G150,G391,0.03805201190516118
G41,G246,0.03802636175390267
G67,G276,0.03801499640892761
G41,G145,0.03799672934947805
G180,G331,0.037994394852312194
G41,G232,0.037980710436377504
G102,G10,0.037979711703097635
G277,G92,0.03792446366100721
G47,G188,0.0379224969524337
G67,G302,0.03785515380857882
G144,G324,0.037729713108434204
G46,G169,0.03771719712380858
G180,G153,0.03766097137383464
G69,G150,0.037573549725550826
G144,G385,0.03755382558484187
G84,G157,0.0375342244757212
G373,G84,0.03743757681369067
G196,G65,0.037403568023235745
G115,G355,0.03739207879692303
G373,G169,0.03737155310898671
G355,G389,0.03734664822356503
G246,G165,0.03734463557985751
G373,G211,0.0372892299938436
G123,G7,0.03722720668101355
G393,G344,0.03718798873201759
G123,G223,0.03707506040524562
G355,G137,0.03703462730906272
G67,G44,0.03701756547234723
G359,G196,0.03700722806446243
G196,G79,0.03699049640131177
G69,G151,0.036989526279610316
G19,G64,0.036947320224361244
G196,G373,0.03694354961720145
G84,G327,0.036915930061849137
G123,G83,0.03689943797418662
G277,G317,0.03687979168531849
G69,G302,0.03679359535158094
G80,G364,0.036772375733442
G69,G84,0.03672847351086353
G373,G87,0.036723434742032296
G391,G47,0.036717681464656864
G238,G218,0.03671597915013039
G395,G276,0.036675574601392674
G331,G169,0.036551434421952606
G47,G331,0.036497968130559916
G359,G140,0.03648776962290377
G69,G155,0.03642195577320077
G19,G281,0.03638923267649068
G170,G391,0.0363078035090642
G84,G297,0.036298520077441
G150,G84,0.036280321635400986
G262,G138,0.03625906928555078
G302,G349,0.0361502062173486
G69,G344,0.03614443308167836
G69,G238,0.03611330497784965
G277,G169,0.036100938174917024
G246,G225,0.03609690869000745
G212,G54,0.036074598456337675
G69,G165,0.03604577278988491
G246,G99,0.0360202048194794
G393,G238,0.03600959771335835
G331,G246,0.03596237576100916
G373,G62,0.03596098878005839
G69,G308,0.03592832030895146
G196,G376,0.035818316832892216
G331,G259,0.03574504129241168
G80,G344,0.035727652360463755
G47,G390,0.03570839725547695
G331,G42,0.03564933514630472
G67,G144,0.03562561145361265
G54,G169,0.035624802466373284
G69,G210,0.03561751384313269
G302,G315,0.03561592907683078
G196,G168,0.03561220902653192
G46,G287,0.035542105052593226
G196,G277,0.035391301881380594
G331,G165,0.03523131155901055
G150,G157,0.03522202979361708
G302,G337,0.03521676912629561
G69,G92,0.0351830788667062
G54,G86,0.03515242304695591
G84,G161,0.035152221826128094
G46,G304,0.035149168635811676
G212,G77,0.03512921810824347
G238,G335,0.03512202382961316
G331,G315,0.03506825439031461
G47,G304,0.03505194312567872
G212,G169,0.03505064565066343
G144,G246,0.03503132279617094
G150,G330,0.035030492946807795
G54,G397,0.0349849392521493
G67,G169,0.03494929073839223
G391,G198,0.03491509153872438
G144,G280,0.03488847902108208
G302,G144,0.03485885127088112
G123,G133,0.034802005412099934
G1,G94,0.03478489720395282
G238,G336,0.03477280414239266
G67,G238,0.03467998732762058
G373,G165,0.03467963385603423
G277,G200,0.034629069113580116
G253,G308,0.03461055123662307
G150,G344,0.03457506487462492
G150,G98,0.03454914746730803
G123,G131,0.034540972425119235
G246,G123,0.034480450433040016
G123,G324,0.03447815672656267
G123,G87,0.03446006898492687
G331,G228,0.03445313859039434
G253,G55,0.03444815967046883
G302,G278,0.034374567723521154
G54,G92,0.03436160146453453
G80,G104,0.034345573860287304
G47,G102,0.0343225560107092
G47,G167,0.034289203522295225
G46,G334,0.034281823004801926
G253,G234,0.034219496139344524
G46,G114,0.03421501302403809
G180,G41,0.03420278743575419
G398,G15,0.03420075126969236
G373,G53,0.03419732486968424
G246,G71,0.03418126072234133
G144,G392,0.034176481286943255
G212,G67,0.03416234605870938
G30,G24,0.03414628897877162
G130,G397,0.034141337022379155
G41,G277,0.03410908924380862
G54,G278,0.03408227992339116
G41,G87,0.03408176038449304
G144,G276,0.0340510179986418
G238,G169,0.03404727467944248
G302,G283,0.03401679583154385
G41,G386,0.03399344191291852
G302,G165,0.0339813896622326
G196,G275,0.03397991334738523
G253,G212,0.03396790633386737
G180,G304,0.03389559716121533
G84,G153,0.0338831337905606
G30,G322,0.03383267239867999
G84,G109,0.03378499668475293
G238,G287,0.03377262256241423
G238,G102,0.03376009492677007
G391,G30,0.033632590154026185
G391,G223,0.03361305575232801
G395,G343,0.03360582158704585
G238,G228,0.03359501299249265
G115,G41,0.03357620858321239
G302,G132,0.033558266194553335
G30,G39,0.033555835051863984
G46,G295,0.03350389396861338
G262,G102,0.033499991990966614
G253,G267,0.03349529509907084
G391,G114,0.03348456541321235
G262,G208,0.0334835700401804
G302,G213,0.033347954909692314
G41,G273,0.03332445853301767
G212,G393,0.03319886998225542
G393,G169,0.033187613343297284
G212,G144,0.0331651250817418
G130,G302,0.03311387727291611
G1,G2,0.03303901453918411
G246,G109,0.03301922148610155
G84,G394,0.03301533619903871
G238,G156,0.03301374903625488
G19,G169,0.0329972998740014
G144,G181,0.032938327238522774
G382,G86,0.03291360123580285
G54,G65,0.032907532015623756
G130,G18,0.0328887348174176
G277,G163,0.03287914856495316
G1,G58,0.03287050678337239
G54,G300,0.0328456832278389
G130,G138,0.032835822150181354
G253,G328,0.032834146155809145
G246,G218,0.03280100528038973
G355,G169,0.03279684737652602
G238,G198,0.032754983150752204
G398,G204,0.03262499030011912
G67,G376,0.03261729782140696
G212,G41,0.03256997991639479
G331,G336,0.03256133110371098
G123,G165,0.03254537323149223
G393,G36,0.03254335749248525
G123,G321,0.03252235018453853
G1,G38,0.0325208935606129
G54,G246,0.03251559165003233
G115,G116,0.032489407668438504
G277,G86,0.032474665058917856
G150,G241,0.03245677086425043
G238,G338,0.03245125314993666
G302,G308,0.03244230712325477
G277,G144,0.032435731379972604
G382,G92,0.032417499429820015
G382,G317,0.03238737144424303
G30,G90,0.03228773526595411
G196,G41,0.032264077278148784
G196,G87,0.03225602863555044
G1,G0,0.03225232132154157
G47,G221,0.03220961789681584
G359,G138,0.03213463065629678
G373,G57,0.0321193821479574
G67,G39,0.032100081635796585
G302,G114,0.032097020024819206
G373,G259,0.03197378644431402
G262,G364,0.03191096137037927
G69,G319,0.0319004373604707
G170,G43,0.031881581093408676
G144,G91,0.03187801014806105
G238,G395,0.03186323125055816
G196,G129,0.03185387904907333
G253,G321,0.03171992061515466
G243,G299,0.031709791457508726
G355,G144,0.031698551582355364
G373,G285,0.03168014537636271
G123,G336,0.03164440350716298
G144,G277,0.03164107085294193
G84,G316,0.03161908205368372
G69,G89,0.03158870584256838
G19,G253,0.031565161566533675
G150,G169,0.03154878285913659
G67,G204,0.0315192486057643
G373,G349,0.031472026020880395
G196,G398,0.03146903788239358
G373,G284,0.03146480799557044
G359,G57,0.03146149146898193
G359,G253,0.031426831934468075
G41,G169,0.03140936212909806
G196,G212,0.03140213027975711
G331,G335,0.03139645889542561
G196,G324,0.03138361334592463
G238,G77,0.03137225689823811
G30,G149,0.0313463096717479
G47,G75,0.03134527417312227
G54,G212,0.031312312280430715
G243,G165,0.031301091685024374
G395,G169,0.031295296465802896
G277,G75,0.031280119512969246
G69,G312,0.03123231747062613
G144,G346,0.031211636296405124
G144,G317,0.031198172594273044
G246,G41,0.03116575594187866
G67,G273,0.03112111767383377
G302,G364,0.031101286298704733
G382,G390,0.031046749172466775
G302,G67,0.03103416372278517
G30,G114,0.0310037221037493
G391,G86,0.030961690471197727
G196,G369,0.03093320379349518
G80,G382,0.030851232739883966
G395,G315,0.030810429503608877
G84,G39,0.030804394649563457
G359,G356,0.030799024411297716
G302,G204,0.030738607584411076
G359,G150,0.030731555179179984
G30,G347,0.03071269423843463
G253,G86,0.030674156298364064
G54,G302,0.030667136044031873
G144,G87,0.030665150231710236
G46,G165,0.03065223179258522
G253,G141,0.03064857210087721
G212,G380,0.030637346749956898
G253,G349,0.03061307551145842
G41,G130,0.03059013201049679
G359,G219,0.030575052528504655
G69,G250,0.030544537681030173
G30,G18,0.03051924288487342
G246,G284,0.030494401884891553
G144,G373,0.03046232055206452
G47,G398,0.030461292517283856
G67,G296,0.030450249772278837
G130,G26,0.03040366774383908
G80,G219,0.03038301951246626
G393,G102,0.030335677966831447
G196,G92,0.03033527703454697
G262,G375,0.030303274450271443
G130,G335,0.03030090042686316
G170,G395,0.030285042463797814
G30,G160,0.030232875735299813
G246,G143,0.03022788641044344
G359,G41,0.030149241859778166
G46,G374,0.030128605179106538
G243,G267,0.03012064208026989
G246,G75,0.030118220773681814
G69,G198,0.030112778454140704
G84,G69,0.03005800345856799
G277,G198,0.03004325371923136
G67,G335,0.030013123397546165
G373,G168,0.029998107051321138
G277,G148,0.029978800531673344
G130,G147,0.029971279370810948
G150,G199,0.029949579596229126
G150,G338,0.029923701143967807
G373,G340,0.029874010289121344
G69,G86,0.029856332710141056
G393,G279,0.029831280254248416
G395,G210,0.029830440214462003
G262,G343,0.0298235199646278
G102,G20,0.0298048704028517
G246,G185,0.029784509561419314
G212,G71,0.02976586562140482
G196,G114,0.02975603891761075
G130,G93,0.029734724442104968
G243,G144,0.02972882456791951
G393,G253,0.029717007448976734
G150,G69,0.029713180806041115
G243,G342,0.02969063433101817
G212,G372,0.02966194223554111
G262,G398,0.029661359244804522
G144,G220,0.029623287981276284
G144,G219,0.029622054435013784
G393,G84,0.029608894494322635
G355,G221,0.029588903669052993
G277,G335,0.029583718022286626
G359,G96,0.02956529539783692
G243,G169,0.029551129657229523
G150,G218,0.02952895790524321
G395,G234,0.029493972320490107
G373,G205,0.029484948961350524
G46,G315,0.02947964200555811
G359,G102,0.029430370826416502
G395,G275,0.02940419253242437
G331,G65,0.029359941678062162
G47,G141,0.029345669119785645
G355,G97,0.0293358066146137
G382,G167,0.029311274060042317
G84,G304,0.029281359719879302
G243,G118,0.029208978107308495
G115,G57,0.029150865652074132
G253,G305,0.02910743096254686
G277,G390,0.02908534090519968
G54,G156,0.029071294509126336
G115,G54,0.029058591868709144
G130,G243,0.029000880067607315
G46,G338,0.028987067269886813
G393,G334,0.02895459705371574
G47,G187,0.02890930741378886
G238,G229,0.028901619432155606
G102,G342,0.02887001799566133
G212,G39,0.028825369803499423
G382,G75,0.02882401713301022
G69,G244,0.028815282942568327
G80,G375,0.028794067788866395
G67,G300,0.02872674987847934
G238,G47,0.02871459615270311
G196,G246,0.028706837807650265
G67,G353,0.028705060880418437
G243,G198,0.028670208437078834
G373,G338,0.028641742557704852
G391,G167,0.028630792017832016
G262,G183,0.02859681722551844
G130,G260,0.028582602424082455
G67,G260,0.028582462625138
G144,G46,0.028566556389622633
G331,G341,0.02854626318552478
G391,G340,0.028533319721592343
G80,G84,0.028480196206597447
G170,G165,0.028468721612129717
G150,G156,0.028369024811294496
G196,G204,0.028363789780545295
G30,G308,0.028352730046401327
G130,G198,0.028321153728525388
G196,G69,0.028267358715494767
G253,G77,0.02826551146900705
G54,G196,0.028257867520377303
G196,G341,0.02825678209986035
G238,G57,0.028249529112085725
G67,G349,0.028243025814938927
G144,G53,0.02822409375919474
G373,G199,0.02822234817726929
G130,G124,0.028188702818542195
G1,G183,0.028180701840402927
G80,G295,0.028143843628102294
G359,G372,0.028111195405159033
G67,G65,0.028101478672259844
G196,G390,0.028090008502195035
G398,G92,0.028064348258882113
G302,G206,0.028063889303850953
G150,G310,0.02805995729786233
G130,G31,0.02803084611490139
G46,G141,0.02796848671635581
G391,G87,0.02795846457029036
G382,G276,0.02795583470503439
G359,G274,0.02795079264901428
G123,G238,0.02792788450910673
G238,G80,0.02789666880897876
G115,G39,0.027885471664670234
G302,G149,0.027871460638417264
G67,G91,0.027856016650743276
G277,G228,0.027845942992896194
G19,G144,0.02782561300367603
G359,G3,0.02779310713660445
G180,G321,0.02777229944144146
G382,G196,0.027764087488973813
G196,G330,0.027759244584320247
G302,G104,0.027751114457851805
G84,G253,0.027728768153370012
G47,G353,0.027723531799780043
G253,G47,0.02771852486959997
G246,G205,0.02770683780106184
G150,G278,0.02770644387067092
G243,G41,0.027697669228772898
G382,G210,0.027697251065539982
G80,G105,0.02769050608448459
G302,G357,0.027682869841914162
G41,G158,0.02764848307611957
G30,G76,0.02763448699771163
G277,G126,0.027625527467361105
G69,G287,0.02762397981167665
G373,G218,0.027587834564513497
G395,G398,0.02758058278143726
G80,G384,0.027559393675701687
G246,G324,0.02755398218036212
G243,G211,0.027540767095645305
G302,G126,0.02753242992756702
G41,G312,0.02752700142549211
G196,G307,0.027505394197237285
G331,G168,0.02747648862277116
G391,G92,0.027448660802594962
G130,G315,0.027439221347040313
G46,G373,0.027420210187145466
G80,G199,0.027410713252262242
G196,G132,0.027394208365957018
G47,G246,0.027367959452835308
G395,G323,0.02736305749499697
G246,G89,0.02736181988198257
G80,G154,0.027355899543625675
G277,G204,0.027349727821825723
G123,G168,0.027334594919802058
G41,G144,0.02729329118867549
G67,G278,0.027246100654645805
G212,G165,0.02724283428278168
G69,G192,0.027213800298700325
G212,G150,0.02720960984262076
G115,G149,0.027190004989287767
G253,G376,0.027152821647530356
G150,G165,0.027115178158062997
G170,G314,0.027107725602543452
G46,G369,0.02710515427514794
G150,G295,0.027098924667127336
G331,G308,0.027095905103960927
G150,G384,0.02707653023891915
G382,G341,0.027074412771842138
G246,G294,0.02706557404076862
G123,G129,0.02705208423466586
G243,G307,0.026985056876453896
G123,G211,0.02698369122045255
G67,G306,0.02692251731880302
G302,G318,0.02691821191297321
G243,G346,0.02686303114032743
G69,G364,0.026821127132339764
G395,G377,0.026804277846634403
G196,G308,0.026754744134805136
G212,G336,0.026748068319936175
G54,G210,0.026746033517822523
G277,G18,0.0267036088783279
G212,G167,0.026703228383620742
G144,G352,0.026664364710883653
G212,G242,0.02664641848475846
G30,G120,0.026625719498414566
G123,G157,0.026612875187284807
G331,G156,0.0265739225738941
G46,G67,0.026562614334932677
G238,G244,0.0265365196613071
G123,G158,0.02648844080928406
G47,G273,0.026439228995927794
G238,G341,0.02641556290329286
G69,G382,0.026387072225272548
G395,G41,0.026366928811941005
G196,G335,0.026346087929888434
G1,G78,0.02634251807731159
G243,G199,0.02633174701953164
G30,G325,0.02632133233669657
G243,G315,0.026306122228535567
G123,G155,0.026297878640927752
G393,G130,0.026285503626180637
G277,G315,0.02628450753545697
G54,G211,0.026280890002060187
G102,G82,0.026269919007921902
G253,G106,0.026260423002368676
G80,G142,0.02625748159849694
G47,G156,0.026256844539906787
G123,G84,0.02625562045754097
G123,G316,0.026224472408104535
G382,G126,0.02617238318047077
G398,G397,0.0261670596479866
G373,G54,0.026159496077153843
G373,G356,0.02612634061940633
G355,G274,0.026119142494410302
G355,G344,0.0261125450740926
G277,G87,0.02608632419288165
G382,G336,0.02608049086587516
G69,G145,0.026062579835383917
G19,G84,0.026040978087745796
G243,G149,0.02601941870057474
G391,G165,0.026018355606294112
G170,G145,0.026008715639000122
G243,G39,0.02597539016948361
G41,G167,0.02596399830137608
G54,G373,0.025945085808262214
G243,G104,0.02593833639531395
G246,G155,0.025931584970530483
G102,G196,0.025929620235366338
G355,G92,0.025903394493877116
G46,G150,0.025882847595724442
G393,G13,0.025873036498123565
G398,G198,0.02585530863309775
G398,G144,0.025839677476264936
G30,G236,0.02581776625990554
G144,G379,0.0258010239339815
G69,G325,0.025772771516620423
G196,G312,0.025770186949584106
G382,G179,0.02576435430743916
G67,G132,0.025762612783530398
G262,G274,0.02574207463091365
G196,G150,0.025742041241224284
G373,G271,0.025711082531164386
G302,G145,0.025680928571909845
G19,G87,0.02566952286796923
G19,G315,0.025626991045998367
G302,G287,0.025619189501949025
G84,G5,0.02560303725113112
G277,G336,0.02557645599582309
G30,G70,0.025558137842228185
G391,G398,0.02549597636078616
G54,G369,0.025469841791406697
G80,G321,0.025466594006505208
G395,G67,0.02546265920760217
G46,G91,0.025440900491063484
G80,G141,0.025422279558503447
G46,G66,0.025406879980363187
G355,G223,0.025400115418728386
G30,G337,0.02536532340529004
G382,G338,0.025356051805507138
G170,G15,0.025345095001958456
G130,G105,0.0253316806497449
G67,G267,0.025328402940695105
G398,G331,0.025320555274510964
G246,G156,0.025313980958075133
G246,G201,0.025312448383860042
G277,G39,0.025296843052296375
G393,G156,0.025287761938750652
G393,G157,0.02527754311230046
G150,G331,0.025233708201540472
G54,G335,0.025228617964182243
G238,G41,0.025223201326696185
G382,G165,0.025222223443599076
G395,G156,0.025147998258525567
G46,G376,0.02512690409123841
G69,G377,0.025056233689017673
G180,G141,0.02504686958832463
G253,G398,0.025040211278228808
G382,G376,0.025012863879637928
G46,G24,0.0249883712665327
G243,G317,0.024957982495650323
G30,G44,0.024952366235275133
G41,G323,0.024916759307519423
G54,G87,0.024880821244004397
G355,G58,0.02486523047217864
G246,G349,0.0248360564954129
G246,G168,0.024831523631196784
G46,G48,0.02482838550445715
G69,G118,0.024828141256286684
G130,G67,0.02481185493365208
G246,G330,0.02480892697097689
G123,G246,0.02479959926437794
G355,G199,0.02477185049641592
G302,G335,0.024759111728713118
G115,G380,0.024732919568160636
G246,G297,0.024719130292172098
G302,G300,0.02468819187691329
G398,G75,0.024657113376395506
G54,G76,0.02465388589505539
G47,G181,0.024634821387831934
G395,G308,0.024625523057183456
G54,G273,0.0246134020693132
G373,G287,0.024612226903964404
G382,G315,0.02458152716272606
G170,G262,0.024564039662705938
G69,G190,0.02453739436817704
G382,G150,0.024532184216010444
G302,G276,0.024512619905961583
G1,G109,0.024505602574052245
G46,G240,0.024502779327043117
G277,G246,0.02449731276122813
G54,G329,0.024478598440281232
G130,G23,0.024456984006342188
G393,G307,0.024447025311458752
G355,G131,0.024410148101595322
G373,G343,0.024397153198473645
G47,G158,0.024382544940141276
G47,G39,0.02435006239923157
G212,G180,0.02434981582673982
G19,G198,0.02434705098515682
G212,G286,0.0242600355857769
G243,G253,0.024257830684247264
G84,G355,0.024252081008581193
G54,G158,0.024224001657308286
G19,G43,0.024217116714971947
G123,G167,0.02421465044685009
G130,G326,0.02421358722916763
G196,G143,0.02421087032507903
G170,G150,0.024209701948566708
G41,G330,0.024102259765949124
G180,G47,0.024094316525417846
G1,G3,0.024052186648516504
G54,G165,0.024050333754955078
G395,G300,0.024038883617159182
G373,G75,0.02402097734507927
G46,G336,0.02399610183831609
G359,G128,0.02399595160383979
G355,G67,0.023988911363166852
G115,G118,0.023977741208180185
G243,G273,0.02397165536893958
G123,G303,0.023949507480497692
G19,G303,0.023945635715928795
G30,G58,0.023932515490446168
G41,G253,0.023926375986520337
G102,G304,0.02392198709701847
G54,G66,0.023919715578272382
G262,G393,0.02391517980765863
G69,G349,0.023907497460291083
G144,G99,0.02389037283887588
G130,G173,0.023868147918565674
G84,G62,0.023861114661078736
G212,G349,0.023825414922311827
G382,G188,0.02381172273944103
G84,G119,0.02380531336799599
G359,G289,0.02378006038219113
G238,G39,0.02375464867836631
G47,G340,0.023744326209303224
G196,G273,0.023709493515306018
G382,G39,0.023667290590139944
G262,G311,0.023650136020118933
G253,G92,0.023639132955173392
G130,G246,0.02363751699075778
G69,G180,0.023626477321028988
G302,G367,0.023621330151476175
G67,G317,0.023604763711650628
G395,G133,0.023565726222906758
G67,G336,0.02356345475857677
G41,G344,0.023546279600474687
G277,G179,0.023545725007330987
G196,G120,0.023537505260406044
G115,G394,0.02353195960984192
G67,G47,0.023530481293222855
G212,G215,0.0235291143654013
G46,G366,0.023520143989610363
G69,G142,0.0234665299966859
G84,G375,0.023458006064257145
G123,G363,0.023446852375105423
G212,G300,0.02343361889303927
G150,G341,0.023431114097794636
G196,G293,0.023402277672491006
G30,G29,0.023377291813058348
G80,G126,0.023376925230885623
G67,G373,0.023333405524121664
G331,G242,0.023328693773771586
G253,G276,0.02332375532955064
G243,G277,0.023288193488654824
G355,G4,0.02326396979089687
G331,G369,0.023231462484436333
G359,G1,0.0232200092406428
G41,G107,0.023218768679946995
G395,G349,0.02321442867563659
G123,G228,0.023197672446582496
G115,G343,0.02319667068843359
G359,G33,0.023192776390238576
G41,G138,0.02319075700118342
G398,G390,0.02318638511327309
G391,G344,0.023175774293776385
G359,G385,0.02311809312537306
G212,G373,0.02310383835434049
G355,G126,0.023067476372299736
G54,G179,0.023046904394783574
G150,G300,0.023043783259099226
G47,G91,0.02301968047573527
G69,G286,0.022939718287064353
G144,G138,0.022931612364217674
G393,G324,0.022930618938423922
G395,G253,0.022926150883337375
G144,G123,0.022918579797969726
G115,G301,0.02290927586323866
G391,G390,0.022896775867159345
G243,G129,0.02286642888905721
G393,G210,0.02286107587869496
G238,G257,0.022858964791735242
G150,G238,0.022852815357612397
G373,G164,0.02281507129913723
G30,G59,0.022811086649239695
G144,G314,0.0227782606444858
G243,G321,0.022756771926665774
G253,G338,0.022751105372503938
G253,G133,0.02273363056024838
G130,G9,0.02271488773879561
G359,G336,0.022659724785113612
G130,G388,0.02265506583101041
G355,G69,0.022646505212582282
G1,G34,0.022639327936473583
G144,G302,0.022639287259693747
G30,G280,0.02263281041751397
G84,G190,0.022582835860973524
G373,G126,0.022517567549481282
G243,G348,0.022484327647446723
G395,G391,0.02248084090804752
G47,G131,0.02247773943789763
G391,G157,0.02247065051208441
G243,G391,0.02246801568753371
G196,G302,0.022465840288340505
G243,G284,0.022458644683477733
G395,G336,0.02245073707042569
G331,G184,0.022417471728232885
G41,G27,0.022408080747304063
G102,G302,0.022348882005721424
G391,G128,0.022344051664219718
G80,G238,0.02234108901821126
G373,G153,0.02232884915613379
G359,G36,0.022328212586756786
G302,G301,0.02229660390355534
G54,G390,0.022235556570623274
G359,G130,0.022229959117366735
G130,G336,0.022218894667984906
G373,G167,0.02221859000933779
G253,G145,0.02221520200636612
G253,G211,0.022197161420652256
G130,G64,0.022190654307321166
G359,G39,0.022166304781254566
G30,G332,0.022143997535187157
G123,G48,0.022130368001274714
G41,G25,0.022127478478896734
G69,G331,0.02212277959956821
G277,G340,0.02212086723994952
G130,G61,0.022108182289547793
G331,G54,0.022092820443057132
G19,G268,0.022062111538121248
G170,G77,0.022043706178370315
G115,G369,0.021982020255721893
G80,G32,0.021981551271314743
G355,G243,0.021977410811396373
G54,G340,0.021965795494558973
G19,G54,0.021944471531613642
G212,G316,0.021939614779885055
G123,G225,0.021935472683082616
G144,G188,0.02191359166935694
G382,G359,0.021890646563124116
G1,G350,0.02188947803906012
G1,G246,0.02188585915954864
G30,G379,0.021870733944871237
G69,G167,0.021870731429636414
G212,G247,0.021870323087056318
G262,G150,0.021855758216907946
G47,G87,0.021837083562108422
G359,G382,0.021831025987722283
G102,G343,0.021829460757390992
G180,G177,0.021823804336961825
G1,G265,0.021813349702463652
G150,G177,0.021803278965069034
G144,G235,0.021765690579864168
G19,G90,0.02174637603711312
G130,G230,0.021738896954582056
G253,G390,0.02173322699520311
G47,G315,0.021732365765417927
G302,G330,0.021710418404726206
G243,G374,0.021689310427495723
G115,G120,0.02165900944020293
G47,G144,0.02165525843629318
G395,G91,0.021640831524304467
G302,G388,0.021609264504960327
G243,G376,0.02160279994315805
G277,G71,0.021601661603986216
G123,G278,0.021598089303233897
G395,G331,0.021593486336446366
G46,G283,0.02157969465418358
G246,G210,0.02156202992609625
G170,G177,0.021485619241035245
G359,G322,0.02144786993694862
G391,G94,0.021444637048768728
G373,G98,0.021436703751476854
G180,G126,0.021432720982810106
G170,G163,0.021420199753087704
G180,G90,0.021371206491014823
G243,G308,0.021370897033116724
G80,G218,0.02134781766282537
G69,G343,0.021311049822064637
G54,G312,0.02130862440496853
G19,G390,0.021297990003769612
G253,G228,0.021290446832377102
G243,G287,0.02128457894999697
G391,G307,0.02127578713159177
G246,G66,0.021251361027126714
G130,G126,0.021230091332449595
G84,G114,0.021215279888539426
G19,G168,0.021204070666274152
G46,G362,0.021190821930721956
G196,G135,0.0211546600093985
G253,G223,0.021142827458764113
G180,G287,0.021133914642387466
G212,G303,0.021131995444043997
G302,G369,0.021125186339382818
G130,G298,0.021118329729589887
G246,G300,0.021105129640051012
G196,G211,0.021061667017927027
G246,G266,0.02106013297226713
G253,G258,0.021004716574837295
G144,G71,0.021004659642853474
G196,G340,0.02097054317761915
G243,G249,0.020965396929393292
G355,G374,0.020956553443218305
G47,G312,0.02091296035553275
G373,G390,0.020909564661056618
G150,G67,0.020869188972977293
G84,G146,0.02086506289914768
G302,G91,0.02083801836242319
G393,G256,0.0208264546627695
G359,G144,0.020823714743176396
G262,G382,0.020812429134764804
G19,G103,0.020794579266797238
G243,G364,0.020785374171505628
G391,G312,0.02078421053392522
G277,G128,0.02072752865332892
G46,G280,0.02065910368595797
G398,G223,0.020648409896302386
G212,G92,0.020643018836338622
G130,G111,0.020624396195682317
G144,G398,0.020608577368567985
G262,G385,0.020606069182868208
G170,G300,0.020598617231274652
G69,G276,0.02059281374279602
G302,G148,0.02058403227124396
G130,G12,0.02057035699480448
G355,G246,0.020567938739994046
G123,G209,0.02056644901061212
G302,G155,0.020560507792506066
G391,G331,0.020555110442121848
G41,G299,0.02054036494373329
G54,G277,0.020524111972816353
G170,G288,0.020516516547075633
G80,G396,0.02049711365227936
G302,G297,0.020480108560698068
G382,G331,0.02045811673997934
G359,G216,0.020439906165551077
G84,G356,0.0204323889113599
G102,G50,0.020429550959800563
G67,G228,0.020428152861438953
G19,G67,0.020417349354370493
G302,G334,0.020415409942853457
G47,G53,0.020408399910337716
G1,G150,0.020404403784560286
G262,G323,0.02039551050288385
G373,G317,0.020388182384297904
G355,G57,0.02038497325574609
G395,G47,0.02033723927472475
G150,G313,0.02032802650968303
G196,G228,0.020283299701401303
G80,G340,0.02027209183913154
G115,G95,0.02025100939437877
G170,G235,0.020243448725228756
G46,G16,0.020239910037570055
G115,G67,0.020237271795680196
G41,G205,0.020226837020977287
G302,G192,0.020217946228455658
G395,G84,0.020214926382623365
G238,G324,0.02018498720695261
G115,G302,0.020183134518382
G130,G144,0.020179360399478707
G54,G280,0.020175068675285984
G212,G312,0.020173217713162717
G130,G182,0.020165016797904552
G393,G270,0.020156687489637115
G54,G370,0.020146411613774076
G262,G119,0.020144344695783363
G130,G240,0.020140341837294587
G84,G315,0.02013158925085523
G238,G373,0.020103167705424724
G212,G126,0.02010289756536282
G170,G274,0.020092477618027325
G47,G225,0.02007069067828092
G41,G237,0.0200378406279271
G1,G11,0.02002985532467523
G253,G218,0.020010943717446772
G80,G18,0.019992880188590394
G238,G316,0.019972451545637093
G359,G348,0.01997135291347162
G54,G228,0.019937992133522237
G115,G69,0.019919015153490642
G395,G181,0.01991106222951257
G398,G167,0.019902228735258654
G54,G20,0.01988621756697246
G123,G275,0.019884001952023667
G393,G283,0.01988201402050914
G331,G75,0.019878935789843843
G196,G352,0.019866698282088396
G253,G277,0.019857238738296673
G102,G283,0.01981743534862143
G102,G8,0.01980933591031614
G19,G119,0.019796959187071292
G84,G373,0.019783140147690642
G212,G335,0.01977572555304924
G19,G15,0.019772902675435966
G150,G334,0.019740112387935493
G80,G96,0.019730119104285206
G373,G297,0.019710954482026116
G69,G390,0.019709390409172856
G41,G105,0.019692700638212088
G170,G123,0.019691977899027397
G144,G312,0.019688568513419435
G30,G368,0.019686040412726865
G373,G316,0.01962472826367484
G253,G179,0.01961486077433705
G243,G67,0.019605329749907745
G1,G330,0.01959958153894469
G47,G59,0.01959415178137794
G246,G292,0.019575359284789193
G393,G111,0.019572200446136535
G67,G382,0.019561537836639276
G130,G369,0.019546793595942004
G30,G393,0.019546183164292318
G212,G223,0.019545769865158907
G196,G109,0.0195236812702351
G196,G363,0.01951763687732863
G69,G77,0.019504099499050367
G46,G168,0.01949982063279869
G277,G114,0.019498112036695797
G47,G179,0.019486204939262675
G359,G345,0.019457412203660478
G212,G178,0.019457223501811925
G196,G372,0.019452471019207357
G115,G127,0.01944444925010023
G196,G75,0.019442518993553898
G30,G71,0.01944050588506768
G84,G349,0.01941676132734492
G69,G177,0.01938945463640103
G262,G221,0.019364797035399964
G359,G119,0.019361863228782826
G115,G323,0.019345938104690142
G262,G97,0.01929656415737667
G130,G184,0.019284418561190782
G243,G377,0.01927970177656585
G123,G353,0.019271462580864346
G393,G317,0.019271110476830056
G30,G185,0.019266808778143487
G212,G86,0.019266151248034297
G355,G87,0.019257656196571424
G196,G284,0.01925568222714094
G262,G110,0.019248738290312546
G212,G297,0.019248424857763125
G246,G308,0.01923237797375779
G373,G158,0.019220698706714834
G30,G274,0.0192149674929288
G102,G47,0.019211341652655173
G84,G211,0.019209915223997467
G144,G297,0.01920103956682806
G123,G342,0.01919540558894864
G123,G273,0.0191947085797792
G115,G340,0.019135954825249712
G1,G275,0.019129042456350873
G243,G31,0.01912813970190804
G302,G118,0.01912004975497153
G30,G92,0.019106114249342988
G359,G366,0.019102953846794002
G41,G156,0.0191019007213952
G115,G398,0.019091623261809857
G102,G0,0.019089849650221348
G253,G113,0.019065437253601845
G302,G66,0.019056497352443635
G393,G91,0.019044604049274744
G395,G39,0.019044477911381898
G30,G60,0.019028225679310562
G180,G349,0.019026305219689427
G46,G292,0.019020336524075372
G393,G313,0.01899392083393347
G395,G37,0.01898593051252829
G302,G156,0.01898337693789129
G130,G136,0.01897306881656386
G393,G221,0.0189428718632816
G277,G243,0.018937083169831788
G246,G250,0.018937020164614335
G393,G109,0.0189146307922356
G30,G243,0.018894364513294883
G46,G98,0.01886984896409398
G19,G384,0.018868082325839017
G144,G308,0.018867488215553313
G150,G244,0.018859856971536
G196,G299,0.018848349120721558
G246,G237,0.01884238718605441
G80,G75,0.01882801739249125
G238,G155,0.01882782058481955
G391,G317,0.01881182226584968
G212,G205,0.01880923142549562
G41,G28,0.018797744914209588
G253,G75,0.018775853750764376
G302,G86,0.01875770704703103
G144,G214,0.018737099341114186
G46,G341,0.018723419100299024
G355,G8,0.01871608223347674
G30,G315,0.01868378004501977
G115,G219,0.018655853369971925
G196,G53,0.018651424168079384
G243,G216,0.018614034894270135
G150,G279,0.018603550081688985
G115,G145,0.018598486660184946
G47,G298,0.018591000537792758
G170,G188,0.018577858090816027
G180,G307,0.01857002067233489
G144,G131,0.018562345143688347
G30,G137,0.01853729971219177
G246,G53,0.018536461005732252
G355,G39,0.018520820251863558
G69,G342,0.01850685091489243
G243,G91,0.01849659623960935
G243,G142,0.018493373358991393
G123,G196,0.018492465381548348
G30,G40,0.018488672888221307
G180,G183,0.01848779431912917
G393,G398,0.018462322597664012
G47,G288,0.018460187117610313
G19,G196,0.01845275188281144
G398,G66,0.018451538714712903
G80,G259,0.01844566531670148
G212,G272,0.01842233934998227
G246,G271,0.01840242577173863
G84,G322,0.018377898105327736
G395,G192,0.018364621939887103
G123,G53,0.018355862793836927
G382,G169,0.018338643303308075
G395,G132,0.018327618220752344
G67,G341,0.018324943524178433
G243,G332,0.018322045758880776
G243,G156,0.018315458849820658
G115,G43,0.018287711601631215
G41,G141,0.018276535564514612
G238,G374,0.01826882148765399
G238,G283,0.018254490492298325
G84,G53,0.018224295818477648
G398,G179,0.018221361431421612
G144,G76,0.018215801159052802
G30,G153,0.018212773068708974
G212,G271,0.018212488582850433
G144,G33,0.018209061053165443
G238,G141,0.018198579035352616
G102,G265,0.018193580135997686
G47,G121,0.01817482830940871
G243,G275,0.01816299929286813
G84,G129,0.018161475814013825
G277,G300,0.01815768687803318
G69,G283,0.018126515274205127
G123,G204,0.018077466534788117
G395,G63,0.018077125413214726
G102,G344,0.018066989862643365
G30,G180,0.01806083677228276
G180,G292,0.01804794460067168
G80,G319,0.01804055627384098
G243,G78,0.018035237534861324
G359,G98,0.018027121040140925
G130,G312,0.018022581373037888
G30,G331,0.01801257793662988
G393,G54,0.018004174191591428
G246,G365,0.01799241256631352
G243,G296,0.01799226490563506
G115,G96,0.01798699072671736
G54,G330,0.017982686181153867
G277,G66,0.01798080467813036
G130,G42,0.017980098489965627
G243,G203,0.01797264747541167
G30,G164,0.017964291479098456
G393,G371,0.01795522372391278
G393,G67,0.017927559365123483
G46,G244,0.017927089067219612
G69,G99,0.017918219828499227
G395,G206,0.017882806091558817
G19,G223,0.017878322501273747
G84,G226,0.017866962385519315
G130,G210,0.017863703959139783
G302,G69,0.017855271923682886
G302,G242,0.017848938535837022
G30,G48,0.01781562711035498
G30,G187,0.01780864633499976
G382,G312,0.01780859657378156
G144,G129,0.01779803608630459
G246,G173,0.017768726483367206
G243,G126,0.01775933044158874
G1,G71,0.01773351006386308
G47,G336,0.017720197563218604
G69,G289,0.017719589314103765
G331,G278,0.017708471273202353
G395,G371,0.017702787780751104
G19,G39,0.017696506340200882
G102,G19,0.017690716563873724
G80,G291,0.01769005304608524
G331,G179,0.017682349517393142
G150,G168,0.017666533916503968
G262,G370,0.017664872486213977
G170,G42,0.01765195866542145
G30,G169,0.017650064764591186
G243,G65,0.017637857470658658
G19,G187,0.017631702905852566
G54,G204,0.017626389510102092
G1,G77,0.017624414558307128
G144,G212,0.01761707676389168
G238,G299,0.017605293731224658
G46,G196,0.01760449980312148
G277,G211,0.017596921799385906
G398,G312,0.01759188751263853
G46,G204,0.017589670609456917
G115,G182,0.017569666699712196
G393,G315,0.01756833800027749
G382,G335,0.017549502093464037
G373,G192,0.01754372243995092
G398,G274,0.017538994171519245
G84,G336,0.017536241554102494
G19,G277,0.017527157456730162
G277,G312,0.017517772672589665
G382,G57,0.017505765149689878
G115,G59,0.017493497549503068
G391,G39,0.017486011990201965
G243,G352,0.01748027845865719
G243,G310,0.017462945402171477
G69,G88,0.017460023807654254
G115,G21,0.0174522082782521
G355,G110,0.017443338335439852
G180,G67,0.01743750984856938
G246,G81,0.017437030161569028
G212,G267,0.017427827442323823
G67,G230,0.01742561863923954
G359,G75,0.0174160655490972
G54,G205,0.017403690352771686
G359,G225,0.017387256175348975
G238,G192,0.017386710821898077
G170,G153,0.017376844258327383
G382,G191,0.017358997831714962
G180,G310,0.017354855434645825
G84,G271,0.01735453974325976
G355,G167,0.017337822286079857
G212,G306,0.017330299181021303
G302,G341,0.017326180410859482
G115,G371,0.017320586565035795
G302,G260,0.017312327039832792
G246,G188,0.01729756723513351
G355,G78,0.0172963313652582
G243,G355,0.01728515526565988
G302,G343,0.017274964695442235
G30,G260,0.01726331558338582
G196,G259,0.01725883781242113
G262,G21,0.017251835695821824
G393,G122,0.017229369254937392
G253,G112,0.017224015387929864
G395,G317,0.017221287170562927
G391,G207,0.017213558262289656
G262,G98,0.01720630212697101
G80,G89,0.017203862630327443
G46,G122,0.017196327098169206
G393,G97,0.017184543018497936
G359,G221,0.017166926964998157
G212,G26,0.01715232009768862
G80,G243,0.017150136029834697
G393,G278,0.017149186744484
G80,G66,0.017132972440538595
G196,G267,0.017126651665654025
G395,G149,0.017123633774297927
G80,G140,0.017115167352714785
G373,G210,0.01711173583550589
G246,G112,0.017108704419071336
G30,G313,0.01709475960672031
G69,G303,0.017086978031549967
G30,G200,0.01707740115733409
G80,G398,0.01707438068750701
G84,G256,0.017066481650315976
G130,G39,0.01704409111364088
G69,G104,0.017042997110799735
G331,G385,0.017028683383298118
G331,G288,0.01702493876922133
G373,G397,0.017021239218702175
G302,G350,0.01701045663863275
G355,G189,0.0170019357572082
G123,G386,0.017001756205399392
G373,G312,0.016996837746247023
G69,G218,0.016974799248773112
G382,G234,0.01696632884335446
G355,G390,0.01696316857286751
G115,G225,0.016959550058539764
G246,G204,0.01694266495282129
G277,G193,0.016926474093498255
G30,G391,0.01686602495460536
G262,G347,0.016864187283642203
G393,G218,0.016854973231234
G196,G280,0.01683522839964699
G246,G363,0.01682159908613179
G238,G179,0.01679602475096742
G262,G199,0.016777087728456437
G398,G165,0.016774303282862515
G212,G53,0.016761361854487983
G46,G241,0.0167426375845718
G41,G102,0.016727920655968093
G19,G65,0.016720698754232044
G170,G102,0.01671592998498535
G246,G158,0.016712619179952704
G69,G273,0.01669363738505955
G69,G253,0.01668506241117043
G30,G2,0.016658925620898823
G395,G273,0.016604026754965882
G331,G293,0.016595074289396244
G355,G86,0.016594913133605782
G246,G76,0.016587409845530296
G180,G84,0.016572723250115676
G130,G316,0.016555030323140145
G395,G212,0.01655432427226316
G144,G109,0.016553003197365662
G102,G48,0.016550106879532053
G196,G99,0.016542034295557312
G277,G373,0.016529201416585537
G123,G331,0.016512846836125736
G30,G104,0.016502580935827377
G30,G41,0.016495260043142123
G19,G306,0.016493901127891772
G115,G148,0.016487742061037976
G277,G165,0.01646475404827212
G54,G100,0.016447623939865402
G144,G273,0.016447613930487215
G67,G352,0.016442992923407507
G80,G110,0.016397922547625052
G355,G134,0.016385252636807665
G69,G179,0.0163718411850977
G1,G67,0.016368779572273555
G115,G263,0.016366770939441493
G84,G221,0.016365582791026248
G382,G84,0.016351626532953967
G331,G349,0.016320962999971295
G243,G349,0.01631921769768699
G46,G109,0.016311964753132943
G115,G203,0.01631019421390984
G46,G189,0.01630974733039644
G393,G77,0.0162822021191954
G355,G133,0.016245578128140092
G243,G241,0.016222619268851095
G277,G324,0.016175439126453056
G1,G378,0.01617356510777894
G46,G384,0.01615192234934265
G123,G188,0.01614422502355889
G1,G65,0.016132610968925685
G19,G238,0.016131948821444177
G393,G164,0.016107563961661756
G302,G150,0.016102866698413182
G19,G143,0.016101191621539557
G302,G46,0.016090229619344865
G393,G39,0.01608874375054542
G382,G373,0.016083741106091773
G19,G66,0.01606677803939771
G115,G264,0.01605708002012647
G359,G245,0.016053956205516758
G243,G324,0.016040295446706654
G243,G353,0.016027079566563476
G196,G276,0.016024070459033535
G355,G340,0.01602189047754922
G393,G280,0.01598100727977589
G355,G336,0.015976275894378063
G359,G52,0.015956410843641838
G54,G150,0.01595135819053302
G395,G57,0.01594792883563933
G395,G257,0.01592780009221971
G1,G216,0.01592204430800914
G123,G95,0.015904399357509348
G382,G87,0.015898984573619393
G355,G179,0.01589183070218636
G170,G65,0.015877777509928158
G46,G118,0.015876808764796163
G253,G99,0.015869545467082385
G180,G204,0.015847006164752785
G393,G179,0.015837888972414504
G1,G48,0.015834205287944454
G302,G47,0.01580099018337945
G359,G62,0.01577467723148164
G150,G126,0.015773825675229586
G391,G256,0.01575218927092053
G331,G302,0.015729944496055165
G170,G159,0.015712624631375995
G262,G157,0.015710143580274595
G395,G158,0.015670341291224806
G393,G308,0.015669642549590766
G359,G333,0.01566744676615119
G67,G375,0.015665093322582285
G382,G204,0.015645888404885122
G246,G148,0.015608542107435841
G69,G48,0.015607370198767873
G196,G102,0.015606816404732826
G395,G390,0.01559497968707875
G243,G204,0.015592713113727417
G123,G91,0.015579335449650816
G1,G228,0.015574417753884795
G170,G281,0.01557269947569263
G69,G129,0.015572173315455615
G47,G62,0.015549843339937724
G123,G335,0.015547411778199835
G19,G287,0.015543497075956772
G123,G54,0.015521483707378117
G80,G236,0.01551976990408873
G212,G229,0.015518404500227095
G19,G316,0.01551518745893269
G373,G129,0.015503613259636811
G395,G362,0.015492642581658465
G130,G73,0.015489981688232573
G395,G302,0.015489009362273397
G359,G247,0.015487895565354452
G243,G132,0.015477514837580038
G391,G228,0.015468025360796403
G262,G394,0.01546324224269387
G123,G312,0.015452771688076211
G212,G87,0.015437339598729699
G80,G163,0.01543411420197787
G54,G352,0.015417702918365778
G123,G163,0.015411944385218382
G80,G332,0.015410666033779927
G391,G71,0.015408013608618765
G170,G205,0.015407876130602387
G130,G169,0.015407615666339101
G277,G167,0.015376640715062784
G398,G41,0.015365783211362921
G253,G167,0.015364682009464836
G30,G284,0.015361362521400489
G243,G196,0.015350396888553962
G246,G124,0.015332437485031367
G54,G316,0.015313354203426777
G1,G92,0.015312659515704333
G47,G168,0.015312172988814252
G123,G349,0.015308809010708815
G398,G47,0.015297733082594245
G243,G390,0.015284745425925075
G246,G256,0.015279421191055208
G262,G228,0.015256859630523548
G359,G267,0.015255264432558653
G123,G352,0.015250466692616524
G144,G306,0.01523298914625093
G1,G168,0.015225710148399765
G1,G40,0.015204528045570428
G115,G391,0.01520420557598132
G170,G156,0.015191168592598923
G115,G124,0.015189073707555602
G41,G292,0.015185865186755854
G373,G247,0.015185436713734068
G393,G336,0.015180395045618925
G30,G26,0.01517956891799873
G246,G352,0.015176554396551856
G115,G315,0.015170250164340315
G262,G316,0.015160132594454631
G102,G67,0.015145061812742007
G115,G33,0.015138640223120888
G123,G77,0.015137590437926354
G243,G312,0.015137431758123147
G1,G306,0.015131708993568669
G67,G206,0.015126568444762178
G69,G320,0.015120066178796845
G67,G397,0.015113433126563741
G19,G188,0.015097643984817576
G331,G99,0.015093841181621576
G19,G134,0.015089855410756655
G246,G397,0.015087520673768715
G382,G101,0.015082244079818553
G246,G242,0.015068991487870137
G391,G308,0.015047019481864217
G393,G389,0.015044829375563753
G150,G118,0.01503191513027409
G253,G129,0.015030109223360483
G41,G192,0.01502886122574297
G373,G384,0.014996118790376906
G30,G189,0.0149907147373289
G102,G364,0.014990297259106389
G238,G165,0.014970490605242484
G102,G217,0.014962895569736692
G80,G251,0.014956547794708987
G54,G78,0.01493905796651724
G238,G334,0.014894827474020655
G238,G278,0.014843543916071691
G1,G128,0.014819587304118892
G359,G331,0.014819218948547666
G302,G57,0.014803771957285938
G30,G178,0.014788126765252672
G130,G268,0.01478780638443034
G238,G330,0.014779088052855646
G115,G318,0.014763692658194525
G144,G274,0.014763364324744538
G170,G299,0.01475286519701461
G391,G277,0.014717150930754208
G359,G190,0.01471704881556412
G331,G355,0.014712271604954738
G373,G306,0.014703256045286633
G238,G161,0.014684212224635368
G331,G204,0.0146662171280178
G46,G312,0.014655379193569532
G30,G21,0.01465446256859216
G238,G267,0.014651758933650061
G102,G307,0.014650808108904165
G359,G21,0.0146445442560059
G130,G331,0.014641022559032428
G243,G279,0.0146383663678098
G144,G59,0.014635138798894082
G393,G299,0.014634848384291216
G355,G398,0.014627801637365365
G80,G58,0.014622850496406117
G277,G330,0.014622529356533687
G150,G352,0.014619751542450876
G30,G263,0.014614638507980735
G123,G242,0.014590620161744464
G277,G395,0.014589389184783481
G30,G89,0.014583594473901262
G30,G343,0.01458341447276979
G243,G157,0.014580099945710467
G170,G253,0.014573869999917442
G102,G92,0.01457008494776877
G46,G229,0.014558873256598132
G170,G229,0.014547324291148472
G395,G179,0.014543976786278189
G262,G256,0.014540026971884085
G180,G158,0.014484383894853
G54,G217,0.014481214378443331
G30,G46,0.014479191025093437
G373,G159,0.01446327890519499
G331,G273,0.014460252918608946
G19,G4,0.014453494334691033
G123,G210,0.014451443892088425
G302,G232,0.014409534715579563
G84,G393,0.014408104036387814
G30,G246,0.014405490906729334
G19,G158,0.014403891338754755
G123,G300,0.014393863817541874
G115,G336,0.014377220889578136
G262,G212,0.01437150151334076
G115,G300,0.014335447436658731
G373,G303,0.014310632176440935
G19,G86,0.014281712099553846
G47,G339,0.014272592295125744
G1,G139,0.014272218797040999
G196,G334,0.014261995373948927
G46,G184,0.014226854397685465
G398,G141,0.014205398029724536
G243,G369,0.014203951503000814
G170,G141,0.014197786629406624
G246,G318,0.014196434143379552
G391,G321,0.014194218556392232
G359,G91,0.014192855379948095
G1,G204,0.014186180474844686
G277,G363,0.014184082481782823
G212,G168,0.014180766428706831
G170,G303,0.014166560860568177
G54,G223,0.014136713825939534
G130,G235,0.014126815134112833
G123,G234,0.014091112166332492
G395,G265,0.014084154862166468
G382,G187,0.01408165325366216
G170,G39,0.0140588487208115
G302,G48,0.014029738972236971
G355,G165,0.01402452659211302
G302,G71,0.014016035633972662
G243,G1,0.014009387480386326
G19,G70,0.014007982760652779
G253,G363,0.014002928982228352
G355,G51,0.014002517754729674
G46,G52,0.013985546907284915
G355,G32,0.013984850312580906
G393,G211,0.013975801305645158
G54,G284,0.013964599410127454
G395,G283,0.013961778192435721
G170,G204,0.013956282285290444
G102,G329,0.013939472637451388
G243,G373,0.013935214288005024
G277,G269,0.0139308186808208
G69,G157,0.013922386808145032
G243,G111,0.013922370962966425
G238,G71,0.0139114450017815
G80,G81,0.013910273158873426
G359,G51,0.013899732852805588
G123,G259,0.013876355095975096
G262,G52,0.013873642137097374
G395,G363,0.013869775500951753
G395,G150,0.013869273028656766
G395,G165,0.0138663378772559
G395,G3,0.013863428352986871
G115,G169,0.013856992149489315
G47,G245,0.01385101058653411
G196,G100,0.013845348625529247
G373,G280,0.013838219113115391
G69,G18,0.01383414538343028
G123,G377,0.0138330989488335
G130,G57,0.013829976572546449
G393,G295,0.01379517861106648
G1,G251,0.013786732441933045
G391,G322,0.013786418275351705
G382,G100,0.013782979004929696
G80,G397,0.01377074121180577
G150,G179,0.013756543508994162
G170,G198,0.013756294657472315
G123,G111,0.013753366546605396
G180,G122,0.013751775583461877
G30,G194,0.013723065968377333
G395,G399,0.013721161554324408
G382,G308,0.013720880309674582
G359,G315,0.013719716347307412
G355,G314,0.013717071936397048
G47,G105,0.013705695615725572
G253,G41,0.013692589848402964
G355,G397,0.013674315883524336
G398,G39,0.013644682673642494
G359,G354,0.013642132006195993
G302,G331,0.013640858077837492
G238,G48,0.013625481403675282
G30,G83,0.013623338845304157
G1,G111,0.013614709236877534
G30,G165,0.013579936820834622
G30,G7,0.013579041556752224
G30,G219,0.013566489008512317
G102,G242,0.013558594507289655
G115,G368,0.013557628325982408
G355,G321,0.013553140514378177
G277,G267,0.01355249224420646
G1,G250,0.013551302840896841
G47,G335,0.01355037994906784
G54,G53,0.013549122816107567
G355,G262,0.013544262170415065
G382,G246,0.013541555481343198
G1,G99,0.01353898811349842
G150,G46,0.01353553530584925
G130,G296,0.013529503604772985
G359,G371,0.013506426473840094
G382,G260,0.013500779525422751
G238,G317,0.013499114841069651
G19,G58,0.013494305523189896
G243,G367,0.013449797680338028
G170,G116,0.013446535974718045
G395,G123,0.013438293886930512
G69,G240,0.01343094713512688
G238,G109,0.013428550313073134
G243,G173,0.013426631505163725
G393,G203,0.01341791696237419
G130,G142,0.013412666080543112
G30,G240,0.013408852365582464
G1,G276,0.013405441705611428
G395,G270,0.013402175553795557
G123,G192,0.013386169656254596
G46,G187,0.01338001526590537
G19,G307,0.013367921374024514
G373,G237,0.013360438263842908
G243,G316,0.013355874821301975
G1,G368,0.013355671724217803
G130,G86,0.013336282916129115
G30,G316,0.013334154344869254
G30,G247,0.01333295180922742
G253,G84,0.013330016181397175
G253,G65,0.01332853181761795
G170,G341,0.013327158284575369
G359,G99,0.013325449722084139
G84,G370,0.013321688834142392
G398,G87,0.013301827398350771
G391,G287,0.013296425885293433
G355,G198,0.013283731382389835
G373,G188,0.013281321933367563
G1,G320,0.013276892392753016
G243,G278,0.013269980109556996
G355,G89,0.01326986077861153
G243,G187,0.013268434437423676
G41,G212,0.01326792971933241
G102,G6,0.013265439066222356
G170,G67,0.013263815596128246
G238,G356,0.013261771017211016
G41,G335,0.01323767797086628
G359,G357,0.013237672285612068
G395,G92,0.013230027156142597
G302,G92,0.013224106635182878
G395,G260,0.013212262704567573
G69,G335,0.013190396472232468
G1,G245,0.013178333992541851
G212,G278,0.013177990655778682
G46,G179,0.013173169093428777
G1,G232,0.013160141390370462
G30,G371,0.013148834647678898
G382,G363,0.013141954470089687
G130,G37,0.01313449332261084
G382,G223,0.01313124104618503
G243,G217,0.013126287282466797
G393,G145,0.013105811669891776
G19,G312,0.013105502756879883
G373,G204,0.013095741586921422
G1,G190,0.013078107904847477
G130,G340,0.013074396347692592
G391,G314,0.013071823651531728
G170,G367,0.01306278358280232
G246,G278,0.013049912018406329
G144,G114,0.013040304136257896
G123,G397,0.013037322940204044
G80,G118,0.01303699546989015
G144,G143,0.01302733634675221
G246,G367,0.01302037483526583
G395,G118,0.013012314722425478
G69,G247,0.013005526895002645
G69,G388,0.012995235114810655
G355,G242,0.012987701912258051
G69,G316,0.012982988648796615
G262,G47,0.012975263200013264
G391,G210,0.01297185869068404
G67,G330,0.012964450930114585
G84,G250,0.01295295898683188
G1,G81,0.012945925031137758
G212,G330,0.012921377684702334
G115,G76,0.012920578768993631
G115,G97,0.01290125792683966
G331,G324,0.012897879002499363
G355,G75,0.012897658325800566
G302,G398,0.012895099974882168
G30,G205,0.012884759293316662
G398,G149,0.012880395892162139
G30,G314,0.012873918239955952
G243,G77,0.012870304870846574
G84,G49,0.012866952918278135
G395,G393,0.012857962189012327
G130,G90,0.01285106324707281
G355,G211,0.012843897698051339
G102,G118,0.012829878332550948
G246,G211,0.012803952412210912
G102,G338,0.012799910838737771
G150,G397,0.012794925154554701
G123,G276,0.012791625507251964
G123,G218,0.012791012626856155
G41,G52,0.012772567147175298
G30,G295,0.012755799760428418
G243,G323,0.01274811092237807
G46,G207,0.012742218164132686
G30,G333,0.012739593858435596
G262,G255,0.012734709751716797
G41,G142,0.012727734526351467
G243,G133,0.012720882629869389
G331,G317,0.01272044101793543
G30,G35,0.012716671838653515
G355,G363,0.012714238719034612
G359,G330,0.012713593356212707
G196,G210,0.012703381594228985
G69,G353,0.01268176596641353
G359,G116,0.012676631919875617
G355,G366,0.012674025978897094
G46,G92,0.012668053040436097
G84,G98,0.012664074979535977
G84,G111,0.012662180407430168
G373,G344,0.01265812144321242
G80,G283,0.012656256716836435
G30,G276,0.012645206570361403
G212,G376,0.012631645171828382
G19,G152,0.012621911698488392
G393,G99,0.012618646449974569
G1,G129,0.012618645970174935
G80,G9,0.0126134231732788
G30,G118,0.012592194222777721
G30,G283,0.012588886946414912
G123,G373,0.01258120984413015
G243,G227,0.01256274082741319
G123,G284,0.012550866476727984
G41,G179,0.012542656545317665
G391,G221,0.012542130214300805
G246,G145,0.012539574475188761
G41,G355,0.012531743075609003
G398,G114,0.012525934234224045
G150,G302,0.012500873396046608
G243,G153,0.012499561752948512
G355,G271,0.01249869477373651
G54,G75,0.012498635128655983
G391,G42,0.012451037830585973
G277,G131,0.012450937026124348
G69,G334,0.012423997239984719
G246,G273,0.012419056298312997
G395,G321,0.012412641326893618
G246,G184,0.012365140093532553
G47,G185,0.012353533714705572
G41,G398,0.01234647582397179
G355,G210,0.012340305831235576
G262,G90,0.012327656206920334
G47,G396,0.012314040814045538
G243,G190,0.01231340542319723
G395,G126,0.012308133953690188
G277,G129,0.012293855863796582
G46,G192,0.01229105411955285
G30,G301,0.012284502821502272
G115,G283,0.012261632477410828
G41,G219,0.012256921340187549
G253,G188,0.012255532005231634
G170,G103,0.012247113852277013
G150,G287,0.012231742221993788
G395,G189,0.012212717865388394
G395,G238,0.012200366778250461
G46,G32,0.012199838243879463
G196,G271,0.012197774636747621
G393,G76,0.012190968725190765
G382,G80,0.01218660114949404
G395,G329,0.012184968802705299
G393,G138,0.01218218878909147
G393,G290,0.012180278227910398
G46,G34,0.012180007753176604
G115,G312,0.012175204940626613
G1,G73,0.01215316460554201
G373,G238,0.012147210947606943
G144,G384,0.012120250045346115
G395,G216,0.012109260173234111
G243,G338,0.012091933528484998
G47,G132,0.01208482230169336
G1,G86,0.01208164862496397
G253,G340,0.012076629557684349
G1,G205,0.012056994436674205
G130,G293,0.012056191572081591
G355,G272,0.012054982696830703
G246,G57,0.01204782196083004
G130,G223,0.01204704386096736
G102,G184,0.01202770379754129
G355,G331,0.012022487681645468
G238,G223,0.0120101459954879
G115,G338,0.012002008788252076
G243,G256,0.011999964355962227
G302,G53,0.011980611601636021
G130,G72,0.011976631769829799
G1,G327,0.01195699825204584
G123,G341,0.01192574112231165
G355,G170,0.01191859776172887
G41,G321,0.011915579975455087
G393,G126,0.011908466109255153
G246,G42,0.011907892895282352
G391,G158,0.011907267072079786
G212,G334,0.011897272578519483
G355,G204,0.011895100299038598
G196,G242,0.011889895561983471
G170,G254,0.011882130757812658
G30,G95,0.011877708571360952
G393,G352,0.011877436680193185
G355,G238,0.011872753109186493
G243,G221,0.011867597012257286
G243,G29,0.011866576797445341
G54,G259,0.011843962239463324
G277,G9,0.011843749718008466
G373,G91,0.011832243664517988
G253,G386,0.011827203537743317
G355,G115,0.011819646333700841
G19,G335,0.011812892907525754
G355,G218,0.011809949382211048
G19,G92,0.011807295009692666
G130,G301,0.011792774769578962
G46,G288,0.01179165200873239
G69,G280,0.011790878768849808
G243,G163,0.011768646930277127
G395,G86,0.011767003194283275
G180,G388,0.01176524935557055
G144,G362,0.011763776941138102
G393,G244,0.01174708863090173
G391,G99,0.011725519391598015
G130,G76,0.011715885531826939
G123,G142,0.011714854507688527
G170,G346,0.011697184091562216
G391,G349,0.011696532577676402
G19,G331,0.011685283961216243
G359,G256,0.011676524019833708
G30,G101,0.011675036897854917
G170,G136,0.011668552547671735
G253,G353,0.011651154933048607
G395,G291,0.011650988017352216
G246,G129,0.011635486153645874
G395,G162,0.011631691658002957
G180,G192,0.011630425648601395
G373,G131,0.011630186194414638
G80,G74,0.011623377064559905
G19,G373,0.011612483624643045
G46,G239,0.011611732962949109
G102,G104,0.01161075207863331
G54,G10,0.011608712098340856
G123,G2,0.01159728662883273
G102,G399,0.011596687645987987
G246,G388,0.011582720923035611
G115,G92,0.011582199136986486
G246,G306,0.01157494838277004
G1,G141,0.01156837160473452
G19,G297,0.01156355584948389
G130,G78,0.011550124941250992
G277,G197,0.011545427132747792
G262,G396,0.011541325570406567
G277,G341,0.011533715992334687
G243,G393,0.011522644284121735
G212,G309,0.011481509428893602
G84,G165,0.011477569897713036
G395,G143,0.011476570486933235
G180,G57,0.011465885578354873
G180,G288,0.011452915362794872
G238,G150,0.011433863065547806
G170,G129,0.011432722624986968
G393,G196,0.01142248064876332
G115,G285,0.011410141373326233
G243,G92,0.011400899100534802
G30,G84,0.011391505504844156
G1,G126,0.011384798951021808
G19,G76,0.011380756697024742
G130,G341,0.011380087842755598
G80,G113,0.011371774295486786
G253,G334,0.011371721484150804
G170,G261,0.011335168730454533
G212,G294,0.011334744243403971
G382,G193,0.011328507389069598
G102,G120,0.01131695357697017
G391,G379,0.011313288016302013
G359,G283,0.011306851129670926
G262,G88,0.0113037657606926
G1,G313,0.01130010921884637
G253,G242,0.011291206480544685
G30,G9,0.011282052013364182
G30,G227,0.011270055582961956
G196,G342,0.011265381418438136
G30,G33,0.011244608294453173
G46,G120,0.011243089766091424
G393,G229,0.011201273639706508
G41,G120,0.011194383274853878
G196,G54,0.011192657052379623
G84,G324,0.011192129942899809
G1,G179,0.011191225747844442
G373,G388,0.011186966752764899
G80,G279,0.011176930495027639
G262,G357,0.011175261818369274
G30,G96,0.011167024316909989
G80,G301,0.011165937721432553
G1,G341,0.011164916484975768
G331,G150,0.01114207960129901
G144,G210,0.011139566050248517
G246,G335,0.011134279011563525
G150,G312,0.011127446910719346
G115,G250,0.011126710643604588
G212,G204,0.011123322707268457
G262,G190,0.011123003121464817
G212,G218,0.011105175486682897
G243,G75,0.01110158239372279
G80,G68,0.011098136948163688
G238,G384,0.01109353821138917
G395,G198,0.011077424537940375
G150,G228,0.01106788122022516
G212,G338,0.011067593120893768
G355,G288,0.01106655024963362
G80,G45,0.011053133074379468
G302,G374,0.011049201112141555
G243,G350,0.011045510639111626
G180,G397,0.011034492015129065
G54,G262,0.011011879105661319
G277,G280,0.010992025884253409
G238,G352,0.010980796000464352
G170,G267,0.0109750446527522
G54,G308,0.010967173369437533
G196,G112,0.010946675649141452
G393,G330,0.010943323872817975
G243,G240,0.010913570295445658
G115,G98,0.010908270641024752
G30,G398,0.010907896309841406
G1,G180,0.010903346942168499
G382,G145,0.010902675207203116
G1,G396,0.010893939956585743
G47,G242,0.010887623570644406
G123,G391,0.010862617853358222
G212,G246,0.01086120656750586
G46,G87,0.010858696774077109
G115,G303,0.010840803094256581
G243,G17,0.010837676641956302
G382,G47,0.010823285782315256
G355,G338,0.010813642342387103
G1,G112,0.010799045052727253
G277,G223,0.010795423621604155
G80,G241,0.0107907977464331
G130,G68,0.010775136412699123
G359,G201,0.01077111312023845
G393,G183,0.010768142099727401
G253,G130,0.010762588964149972
G359,G397,0.010750340643642477
G41,G287,0.010739632957763812
G123,G294,0.010733623728755873
G180,G165,0.010733505427125735
G1,G192,0.010729867225469251
G393,G46,0.010727508032701685
G359,G341,0.010721470724945927
G391,G338,0.010714658581346626
G246,G121,0.010672402280269333
G1,G54,0.010671580606720917
G373,G267,0.010668078514099844
G393,G282,0.010666636937825179
G391,G276,0.010663914251611263
G382,G131,0.010653876321486955
G19,G385,0.010631777147017789
G359,G31,0.010630412893282218
G115,G331,0.010630392695438598
G180,G71,0.010609612035883967
G391,G66,0.010608230617437209
G54,G293,0.01060203626953106
G391,G179,0.010581165307469609
G359,G202,0.010577136443653105
G123,G99,0.010575010355383427
G393,G129,0.010557109776477766
G130,G46,0.010547899545846492
G80,G57,0.010547769297934592
G180,G327,0.01054141828087321
G30,G352,0.010536386497037219
G41,G364,0.010535956362707308
G1,G393,0.010525003778429035
G302,G211,0.01051863477127854
G102,G241,0.010516444042688325
G115,G299,0.010502185654281595
G170,G397,0.010502166666132566
G1,G292,0.010500757926545735
G331,G284,0.010484978089736557
G180,G366,0.010479849051284
G54,G376,0.010479346476659324
G212,G308,0.010479052952423462
G80,G388,0.010478464094929515
G123,G330,0.010473412918680244
G395,G285,0.01046921520738103
G212,G76,0.010457567375146526
G102,G149,0.010445350591023958
G41,G374,0.010445223661680755
G246,G276,0.010433265792754637
G80,G192,0.010417879382403988
G253,G71,0.010402384496601913
G123,G267,0.010401627934482752
G238,G301,0.010394072325899784
G355,G42,0.010393275142001869
G382,G262,0.010374385447578446
G180,G184,0.010373495688793491
G359,G17,0.01036383925526042
G54,G47,0.01036351937521593
G393,G341,0.010360809538151383
G243,G179,0.010349296362791742
G277,G352,0.010348956138636872
G19,G338,0.010344047087015598
G80,G316,0.010342199357765987
G150,G343,0.010338448972913833
G393,G202,0.010335949871687206
G355,G33,0.010335333449699217
G47,G256,0.010332583710020882
G170,G207,0.010332079645292168
G395,G344,0.010329178133878215
G80,G296,0.010328102602394883
G123,G258,0.010294139232563795
G115,G221,0.010276403724241573
G246,G310,0.010274001853240664
G355,G146,0.010268665365230738
G196,G338,0.010243144767897838
G115,G45,0.010241979765537423
G19,G237,0.010233527958113747
G180,G17,0.010228880631399977
G170,G336,0.010226216271759314
G54,G145,0.010215449360356482
G331,G330,0.010211856918777823
G30,G109,0.010199605356120684
G115,G272,0.010163932889626722
G238,G157,0.010163496662573296
G395,G129,0.01013298534647697
G41,G225,0.010128289904849264
G150,G148,0.010122025776345175
G246,G1,0.010118768336451131
G212,G91,0.0101175180732406
G1,G343,0.010112569628655007
G69,G241,0.010108249015012324
G212,G109,0.010102675664245664
G395,G180,0.010098327006858997
G80,G287,0.010087920378087215
G243,G257,0.010080247950806347
G69,G163,0.010076442304558828
G373,G376,0.010062088197854618
G19,G29,0.010049449097523465
G150,G108,0.010048849757679418
G1,G314,0.01003449442516546
G393,G338,0.010028945933771294
G30,G254,0.010007090070911676
G123,G60,0.00998528980865624
G277,G168,0.009976154128449904
G393,G165,0.009960404583318642
G30,G43,0.009960366314878573
G373,G104,0.009957462808230969
G130,G224,0.009949998588423133
G30,G198,0.009924074674253961
G69,G75,0.009914474423900865
G19,G179,0.009907882788433832
G331,G276,0.009906397170451803
G30,G54,0.009899535202686691
G30,G375,0.009899271340515669
G243,G339,0.009889137011071768
G1,G149,0.00987753381976767
G41,G199,0.009873201602255188
G46,G144,0.009872810893950451
G393,G26,0.009869782055817858
G180,G64,0.009864421374857234
G123,G314,0.009861001984419998
G46,G37,0.009857677261772987
G253,G260,0.009857558945750494
G115,G192,0.009854969823581805
G54,G138,0.00984544743590382
G47,G153,0.00983920920481006
G115,G22,0.009821939829130783
G395,G204,0.00982070447305227
G359,G263,0.00980986987848358
G30,G179,0.009799941736680402
G1,G131,0.009798022443144143
G46,G348,0.009787441786294943
G359,G110,0.009786813371925475
G373,G246,0.00977699634767254
G170,G10,0.009766835935566619
G395,G152,0.00976356277329383
G382,G306,0.009757728443184177
G170,G191,0.00975503834800739
G102,G109,0.009746876007818234
G46,G335,0.009744442599708539
G302,G244,0.00974390972022468
G391,G129,0.009732920340394191
G130,G131,0.009730189052852382
G243,G304,0.00972801436911512
G391,G300,0.009717830529723456
G382,G281,0.009714543003596712
G359,G103,0.009712346486908684
G373,G85,0.009691919514114161
G262,G3,0.009680969081311773
G84,G88,0.009671986862625603
G19,G310,0.009658842279237353
G331,G109,0.00965820878136786
G30,G374,0.00965236502149231
G212,G268,0.009652122418828908
G130,G185,0.00964417992482414
G391,G13,0.009637171800771907
G54,G109,0.009627090112901582
G54,G299,0.009625122141680188
G359,G120,0.009619871481866136
G212,G48,0.009613483555699812
G180,G34,0.009604423507376513
G395,G324,0.009604291040892242
G395,G296,0.009600664154238409
G102,G197,0.009599114727781938
G115,G341,0.009590238883758553
G355,G253,0.009585976090996533
G212,G254,0.009576044277198166
G123,G76,0.009568426087312162
G170,G17,0.009563549524662554
G144,G313,0.009563318634419532
G180,G105,0.009560657905275431
G123,G205,0.009546228100301465
G243,G330,0.00952461211473779
G246,G316,0.009510820586108332
G69,G223,0.009504635515642776
G355,G334,0.009483735314643298
G395,G335,0.009480702491961458
G355,G145,0.00947857973172496
G19,G62,0.009476547551125203
G19,G334,0.009474341908445497
G243,G351,0.00945051187755299
G19,G340,0.009446687917569231
G80,G302,0.009434780950112458
G170,G143,0.009413834044140552
G373,G140,0.00940933159240716
G123,G361,0.00939843156356823
G1,G104,0.009398302194103893
G393,G300,0.009373617631217912
G398,G221,0.009365936167690422
G123,G334,0.009364598570531471
G391,G334,0.009362557851105284
G277,G218,0.009357527813109862
G359,G34,0.009351834904708424
G41,G304,0.00934707787653738
G19,G282,0.009337404678523616
G253,G62,0.009337174753067445
G130,G157,0.009333892510165948
G30,G154,0.009331981343925835
G373,G283,0.009329330188257573
G246,G280,0.00932829627361327
G398,G150,0.009322906718805132
G382,G229,0.009322402059066516
G80,G198,0.009321207978675264
G115,G86,0.009318246026515941
G19,G22,0.009296843812918842
G359,G335,0.009289067824371534
G46,G297,0.009288823240732269
G1,G207,0.009282240944770802
G102,G359,0.00928164019080592
G19,G50,0.009273124483708595
G170,G335,0.00926450542219009
G19,G35,0.009260029234127581
G170,G390,0.0092557497567952
G395,G114,0.009235311255231846
G30,G47,0.009233610044472148
G46,G123,0.009231173643487953
G19,G300,0.009221984551747171
G180,G164,0.009219553593382918
G54,G332,0.009217862338237605
G115,G132,0.009209226734506196
G393,G70,0.009207154693876805
G180,G308,0.009206291054687274
G41,G135,0.009193648951769995
G144,G382,0.009191830495717021
G130,G188,0.009189743318386387
G355,G202,0.009183056856028882
G130,G162,0.009172589110469143
G67,G114,0.009160155519207042
G393,G144,0.009146109620556162
G80,G391,0.009134814603564651
G196,G37,0.009133279805921449
G30,G86,0.009132689142186092
G54,G77,0.009126925103189562
G170,G76,0.009124576940014353
G19,G192,0.009121307545068368
G246,G161,0.00911646245707852
G54,G192,0.009108088208373583
G54,G129,0.00909213671339433
G123,G395,0.009082078312820097
G150,G280,0.009047850832581167
G30,G389,0.00901764545347044
G102,G382,0.009016542072446954
G393,G335,0.00900383752914212
G115,G232,0.009003083351556133
G84,G173,0.008998269786215651
G46,G155,0.008992166955132427
G212,G239,0.008990273670796384
G238,G272,0.008987076135307297
G150,G76,0.008976694796277634
G54,G57,0.008966543072582225
G398,G129,0.00895568900675174
G212,G352,0.008953296722534781
G130,G81,0.00895246696676999
G180,G95,0.008934832832614458
G355,G294,0.008929951073156014
G212,G99,0.008927150207040546
G243,G271,0.008914640150772521
G170,G57,0.008893848289780931
G243,G88,0.008889953938948977
G331,G112,0.008889432911149714
G123,G239,0.008886655985865438
G1,G89,0.008880454740766073
G398,G308,0.00887961697480398
G170,G279,0.008877624030216486
G54,G139,0.008875168198266753
G359,G384,0.008864744059275453
G47,G206,0.008864236696339525
G46,G126,0.008862091755685059
G212,G273,0.008847284818171736
G69,G295,0.008841604768227596
G80,G334,0.008838649729601224
G102,G229,0.008836421075083048
G243,G154,0.008835022488663625
G359,G351,0.008834357267831196
G393,G347,0.008833934740805294
G115,G210,0.008824405469563413
G69,G301,0.008822819094760265
G30,G340,0.008819928688725144
G54,G82,0.008813183744404263
G47,G341,0.008803855485372408
G196,G397,0.008803017646492065
G47,G228,0.008802051216680831
G246,G277,0.008794942171994363
G243,G86,0.008785840424885033
G19,G57,0.008784562293052835
G19,G53,0.008783323410713355
G391,G297,0.008782967109955263
G391,G253,0.008776296731849625
G302,G136,0.008770834841205707
G246,G135,0.00875700646480898
G243,G242,0.00874808604180305
G80,G202,0.00873968524708358
G19,G344,0.008724896008554639
G46,G397,0.00872417368508141
G46,G153,0.008724138652429173
G46,G54,0.008707939367803952
G398,G278,0.00870376031337923
G243,G100,0.008672445622379822
G355,G99,0.00866539370176548
G180,G193,0.0086557523110211
G30,G113,0.008636990685266625
G395,G218,0.008635744754847699
G54,G155,0.008631996020337776
G69,G254,0.008631907286841396
G391,G196,0.008617924136717928
G123,G46,0.00861570422095266
G277,G302,0.008607910414862752
G84,G179,0.00859983085360326
G302,G77,0.00858357910421964
G246,G373,0.008575169777239322
G262,G194,0.008572499453960204
G123,G287,0.008561822972302985
G238,G280,0.008556459863388044
G30,G386,0.00854886492051337
G80,G292,0.00854662128121916
G1,G196,0.00853612803547029
G130,G294,0.008535086154447882
G84,G164,0.008533305981435646
G47,G376,0.008533287334238818
G115,G15,0.008531122503104564
G30,G31,0.00851991548597793
G1,G290,0.008491670798617776
G46,G246,0.00847877383529437
G30,G140,0.008475952764373164
G180,G235,0.00847493661494983
G80,G144,0.008467011800353419
G393,G331,0.008463368021377794
G355,G283,0.008462018019765219
G359,G189,0.00844941773187853
G243,G112,0.008447523847234191
G196,G321,0.0084272739981614
G19,G12,0.008420479772514741
G30,G225,0.008416836305451383
G1,G233,0.008413644181327564
G170,G361,0.008400216749560239
G391,G278,0.00839370961869608
G262,G30,0.008391353157564417
G30,G171,0.008385318050802452
G302,G112,0.008383259686244038
G144,G259,0.00838072583426469
G393,G241,0.008377228489348396
G196,G234,0.008367454786763318
G115,G218,0.008360338674479408
G130,G33,0.008356560342189512
G41,G397,0.008351493114710812
G238,G390,0.008345182352724606
G144,G98,0.008337769269547435
G130,G261,0.008336449720531706
G246,G133,0.008333156071332282
G19,G99,0.008328413225491799
G41,G244,0.008315865718727958
G243,G50,0.008313191322023676
G19,G120,0.008311900646466017
G395,G196,0.008305798353627783
G395,G263,0.008288725995571157
G80,G269,0.008287534718200817
G212,G390,0.008286665491052225
G170,G241,0.008282374976288528
G243,G195,0.008267786927814219
G46,G188,0.00823807159961805
G359,G97,0.008235475566074738
G246,G122,0.008231308748160276
G395,G394,0.008225081608626249
G80,G257,0.00819914706381454
G102,G218,0.008190826202612134
G238,G114,0.00818354603305499
G1,G36,0.008175908331521315
G41,G186,0.008158119839173394
G393,G228,0.008153973968467287
G19,G126,0.008132021015519728
G115,G352,0.008120960559272201
G150,G192,0.008114902877304625
G123,G118,0.008113989314235195
G246,G260,0.008103642838752118
G180,G249,0.008094902649115929
G393,G143,0.00809025335341939
G170,G147,0.008076960373847634
G41,G218,0.008076828945896175
G47,G300,0.008074913102548986
G130,G390,0.008070920484646443
G46,G300,0.008062970245488688
G47,G145,0.008061827898709822
G262,G332,0.008048439269341956
G359,G4,0.008042111516901507
G243,G341,0.008040389029359614
G1,G315,0.008037090702928577
G115,G87,0.00803529643048232
G30,G363,0.008032352429922816
G391,G80,0.008026282793321876
G243,G37,0.008011145505410482
G398,G128,0.007988658648197824
G393,G120,0.007984326277608644
G19,G341,0.007975620241494119
G19,G104,0.00796310647620277
G84,G91,0.007932851230355045
G373,G212,0.007932455639576341
G180,G167,0.007915344533430194
G115,G152,0.007912873965197631
G170,G321,0.00790759122784973
G19,G48,0.007906048088146149
G277,G143,0.007904436695349404
G115,G374,0.007893919104502725
G123,G187,0.007871870993391983
G115,G100,0.007868495613135032
G355,G188,0.007867857535294898
G180,G70,0.007854307482594833
G123,G292,0.00784886806532583
G144,G47,0.007843779479496354
G359,G352,0.00783744071270994
G395,G397,0.007832270739071813
G46,G64,0.00782995695235296
G1,G63,0.00782627935592271
G80,G231,0.007824840754755506
G170,G366,0.007821913162411162
G54,G142,0.007810586443559565
G102,G77,0.007808597473332818
G398,G273,0.007789619330533945
G355,G241,0.0077882736702721556
G180,G145,0.007778781336692152
G355,G96,0.007775501195561172
G80,G119,0.0077707102296381
G30,G367,0.007769123524273547
G130,G300,0.0077597593735966724
G30,G195,0.007756038397292726
G80,G43,0.007753527901974849
G47,G352,0.007750500360697105
G170,G126,0.007745292591783439
G212,G329,0.007737456740165405
G302,G234,0.007735147475509893
G382,G274,0.007721257793046388
G359,G105,0.00772108173924152
G46,G352,0.007713959361993122
G46,G363,0.007702033633807795
G196,G138,0.007698544026164655
G238,G297,0.007695721676853923
G262,G196,0.0076847110734624136
G46,G330,0.007683371679695655
G262,G277,0.007677224227044692
G30,G75,0.007668230385883702
G130,G165,0.00766744926780033
G382,G114,0.007660572385671582
G331,G57,0.0076576771046506925
G1,G363,0.007654779727471089
G382,G168,0.007652450049294476
G130,G330,0.007650855881995357
G19,G166,0.007643939759844226
G123,G109,0.007632416390832175
G67,G212,0.007629402080514186
G391,G41,0.007620781774939189
G393,G306,0.007612562431250712
G359,G218,0.007604437428139675
G262,G104,0.0076022440609176956
G170,G327,0.007593242481482274
G302,G76,0.007568538698174185
G115,G389,0.007563579392893434
G243,G184,0.007562674050401848
G302,G100,0.007550959023309364
G355,G315,0.0075482598856980165
G80,G42,0.007544861877525334
G393,G104,0.007528688437522996
G262,G103,0.00752819651931199
G180,G142,0.007526405737520121
G382,G45,0.007525053517482873
G19,G228,0.007521062327161376
G84,G183,0.007516913637826167
G382,G69,0.0074958108273417146
G170,G378,0.007473067245435474
G277,G189,0.007467682517762093
G1,G167,0.0074458899816569335
G391,G259,0.007443781823386113
G1,G211,0.007412360841820571
G54,G149,0.007405288914782253
G80,G87,0.007400475129484406
G130,G284,0.007391964992545887
G170,G354,0.007387243549137823
G246,G212,0.0073716197569395625
G123,G382,0.007371103275331317
G243,G297,0.00737000130060745
G115,G277,0.007368426711840882
G30,G319,0.007364938477875008
G54,G103,0.007360523195902358
G150,G242,0.007359388062888439
G19,G330,0.007356740331756491
G19,G33,0.007355080775275467
G41,G234,0.0073474062162290354
G46,G206,0.007344586557636992
G395,G122,0.0073438057404375395
G19,G46,0.0073348658994487545
G84,G278,0.0073314692457862735
G19,G271,0.0073232161766740925
G170,G287,0.00732297365408186
G395,G280,0.007322642643656896
G212,G280,0.007313660622985496
G80,G189,0.007312617966844036
G243,G80,0.007307899717916649
G115,G111,0.007304904157634587
G115,G200,0.007297483909006329
G41,G154,0.007295579374820241
G243,G260,0.007292939159766219
G30,G162,0.007287398886325473
G302,G312,0.007276337646261871
G123,G42,0.007273576545785296
G80,G310,0.007273461895094778
G41,G275,0.007271648563810795
G130,G395,0.007252971256478651
G47,G161,0.007238078216274743
G19,G164,0.007236819389319148
G102,G138,0.007232993833647394
G382,G330,0.00722681372902273
G170,G233,0.007225782908017708
G47,G84,0.007222866547255805
G115,G131,0.007222002036139104
G47,G330,0.007221457137685697
G246,G59,0.007208823876722115
G54,G148,0.007207462019283725
G130,G304,0.007205008980255313
G115,G322,0.007197458873869005
G253,G87,0.007191534674192396
G102,G62,0.007191059664606869
G19,G278,0.007185821226753625
G130,G102,0.007153643812372393
G243,G250,0.007151605254850146
G47,G182,0.007149511285776934
G277,G258,0.0071337855763920766
G243,G45,0.007131434061899592
G302,G139,0.007119305322912106
G84,G306,0.007111175723402932
G359,G217,0.007094078745195889
G47,G332,0.007088339938403493
G170,G260,0.007087049690323335
G115,G188,0.007074898741940689
G102,G175,0.0070748564592375
G355,G267,0.00706739980083583
G398,G290,0.007063337275709514
G30,G155,0.007063023668447873
G47,G238,0.007048851413206145
G170,G242,0.007041019659864282
G41,G363,0.007036672102142358
G30,G267,0.007031347350101804
G302,G304,0.007028478116302819
G391,G183,0.007028180909704428
G277,G117,0.007026676948561565
G262,G302,0.007016511100684152
G243,G218,0.007004655139710249
G170,G28,0.007002437373825318
G395,G46,0.0069815469911674935
G196,G105,0.006980368303133588
G398,G169,0.006976771520427805
G395,G82,0.006972753955765756
G393,G27,0.006955737240712471
G30,G188,0.006946340923787934
G69,G296,0.006940938934738836
G398,G242,0.006938301439611966
G391,G191,0.006935604799114675
G80,G188,0.006930662647109412
G46,G112,0.006927102782847902
G359,G40,0.0069222678561906455
G80,G224,0.006919810890045636
G19,G294,0.006913199923648781
G130,G393,0.006912287272754572
G150,G229,0.006909123390705665
G243,G95,0.006896329811357491
G170,G1,0.006890885221677114
G130,G92,0.0068861399348431745
G262,G341,0.006881065303975774
G46,G308,0.00687143489761384
G373,G279,0.006865724297296635
G30,G397,0.0068652472102400455
G130,G273,0.006850940129991816
G1,G199,0.006850185760336278
G46,G276,0.006845458810644134
G262,G84,0.006839561900912422
G102,G331,0.0068329398823508275
G238,G128,0.00681621964099953
G355,G386,0.006794024458572412
G196,G188,0.0067938746565760905
G262,G69,0.006774972976036728
G115,G259,0.006756695796083033
G170,G155,0.006754784310348453
G395,G352,0.006753896017153392
G1,G347,0.006746959455180149
G246,G353,0.006744660396741486
G130,G109,0.006726984703103879
G359,G188,0.006723812815514808
G19,G242,0.0067210049186506235
G355,G46,0.0067016993764685145
G262,G67,0.0067013180389008525
G54,G188,0.00669914723013533
G123,G230,0.0066982652381459284
G150,G306,0.006694010101044909
G1,G145,0.006692596987991205
G373,G393,0.0066925577719519486
G19,G110,0.006681162921677419
G355,G138,0.006679688577849369
G196,G290,0.006665660295909634
G46,G59,0.006645821780592989
G67,G277,0.006636576424223356
G84,G135,0.006632309867086281
G262,G397,0.006629175390970479
G302,G273,0.006617926331749541
G302,G138,0.006613805778660525
G30,G8,0.006612931847357624
G277,G81,0.006607964212886078
G54,G167,0.006601726748027142
G246,G321,0.006600990671931192
G393,G190,0.006596271970587805
G246,G303,0.006588797402559993
G170,G210,0.006588511503688499
G1,G329,0.006585827863390532
G238,G293,0.006573719484829335
G115,G308,0.006568789340457713
G243,G331,0.006567974413465488
G130,G247,0.006557082264724241
G30,G330,0.006550485119317415
G355,G258,0.0065449614371144715
G115,G8,0.006539165009072232
G391,G273,0.006531411610937662
G238,G67,0.006527207458449008
G180,G171,0.006519595396771848
G1,G200,0.006503095156583305
G391,G204,0.0064989757122029465
G359,G67,0.006489267297495528
G54,G231,0.006483809771423078
G170,G140,0.006478686343419514
G382,G218,0.006478252684657793
G115,G279,0.006460967250810457
G30,G292,0.006455579750573814
G253,G128,0.00644241118856452
G359,G95,0.006437061391674166
G130,G179,0.006435860428836461
G395,G211,0.006435335388820809
G19,G95,0.00642763438880559
G41,G341,0.006422175001357777
G30,G218,0.006418367550419487
G170,G276,0.0064170964346040825
G130,G322,0.0064139023043023186
G238,G168,0.0064076490049870816
G115,G373,0.006405669413782261
G212,G284,0.006395726953638603
G355,G166,0.006388407378628634
G393,G373,0.006387130076792744
G373,G132,0.006381537298958628
G19,G52,0.006368013445413857
G19,G376,0.006366902601854053
G80,G150,0.006361334211217269
G359,G339,0.006350613156816405
G115,G108,0.006344027619508728
G80,G262,0.006341786256761628
G1,G244,0.006337688617076559
G243,G295,0.006336796485729069
G395,G341,0.00633499890587922
G47,G99,0.006330553797416608
G115,G242,0.006305811263615794
G47,G344,0.006298902847546542
G243,G327,0.0062966566724554605
G115,G162,0.0062774218841271205
G180,G332,0.006252082952630526
G196,G296,0.006249555786987437
G212,G145,0.006242661537593869
G170,G310,0.00624168333269573
G170,G105,0.006233306830982249
G373,G293,0.006232306220145645
G359,G373,0.006223873004135752
G180,G53,0.006212845086354599
G41,G196,0.006206893698271182
G130,G125,0.006203844391801397
G393,G212,0.006202549213929057
G41,G198,0.0062006349261187615
G123,G283,0.006199635599734299
G115,G48,0.006197414802050667
G262,G223,0.006195843469172381
G246,G136,0.006189991578423176
G46,G385,0.006180105534472867
G80,G46,0.006172536847712684
G395,G388,0.006171227472686086
G19,G241,0.006158269479741747
G30,G382,0.0061556207987791805
G373,G377,0.006154578583471654
G246,G329,0.006153747507773505
G80,G7,0.006150208148808506
G30,G210,0.006144968310980822
G395,G116,0.006127240203377227
G130,G77,0.006116413291447145
G46,G116,0.0061141183388952434
G46,G271,0.0060902334907245725
G41,G176,0.006083291790750969
G395,G19,0.006083088672642664
G80,G12,0.006077262368964652
G115,G46,0.006072998150205188
G355,G295,0.006055870462981568
G355,G255,0.0060524604531464465
G115,G362,0.006019875782687069
G1,G242,0.006012327048370125
G355,G384,0.006008777856452936
G170,G255,0.006004673618933844
G1,G253,0.005991256501867142
G19,G109,0.005989397891757203
G1,G176,0.0059892206959498775
G84,G177,0.0059857392390700315
G69,G393,0.005974784736612476
G398,G168,0.0059732259997336695
G359,G112,0.005965570338259951
G238,G210,0.00595173706558523
G69,G39,0.0059508965905232525
G331,G100,0.005946583456887228
G67,G297,0.00593969521477572
G1,G270,0.0059371068829658594
G115,G280,0.005924270150221223
G196,G163,0.005916548483330161
G277,G109,0.005906838966451222
G54,G372,0.0059059302288491655
G80,G327,0.005887652689397976
G355,G317,0.005882604173666116
G243,G230,0.005881588228649343
G67,G258,0.005877306754742934
G80,G333,0.005876652411481664
G47,G123,0.005866910552344798
G262,G279,0.00586359809396525
G238,G217,0.0058525602163480295
G19,G77,0.005844905808212647
G277,G175,0.005844095039607991
G150,G202,0.0058433114050092105
G395,G318,0.0058344048091620235
G19,G208,0.005824769605928433
G170,G270,0.005820001836881661
G130,G278,0.005810421674906904
G80,G345,0.0058018519390880645
G123,G145,0.005796865982972715
G395,G228,0.005794743727259813
G395,G77,0.005774341251726663
G130,G209,0.005769882669764893
G80,G24,0.005765359940360634
G246,G372,0.005761995983019019
G41,G201,0.005742580225531452
G393,G89,0.0057415416178785775
G41,G300,0.005727442330235644
G277,G391,0.005716039760125073
G393,G262,0.005714512905602126
G382,G293,0.00571045625469821
G46,G349,0.0057048243460723624
G302,G228,0.00570462272528191
G19,G218,0.005683978763902767
G19,G96,0.005680625608516773
G144,G271,0.005677607491350822
G130,G306,0.005676226167646299
G243,G300,0.005671524710657988
G180,G87,0.005671082809349873
G243,G166,0.005659420505485109
G359,G195,0.005640670808771814
G398,G302,0.005637044018878781
G115,G361,0.005624377700463517
G395,G229,0.005622132194512013
G243,G145,0.005617985513165193
G1,G105,0.005607230800245789
G115,G136,0.005601674932358271
G84,G345,0.005592801114939469
G80,G237,0.005592268649459945
G80,G201,0.005592011517518224
G130,G84,0.005590658429263283
G123,G376,0.005589338897694418
G115,G274,0.0055889751486880405
G359,G311,0.005583673715029241
G355,G381,0.005574648706366196
G277,G46,0.005571863829174739
G115,G306,0.005567265499904717
G398,G246,0.005554287286825041
G80,G381,0.005552178222535866
G246,G302,0.0055513883826766725
G47,G278,0.005543612686014526
G253,G240,0.005543496107581633
G359,G100,0.005538965450564794
G1,G115,0.0055222769919059805
G382,G261,0.005514980436403014
G180,G253,0.0055099676990937665
G69,G380,0.005476955275333206
G1,G387,0.005470723191114956
G115,G194,0.005465977003902941
G180,G260,0.005461665010035664
G46,G398,0.005456099223776198
G54,G114,0.005443093192592646
G243,G226,0.005442116437538377
G398,G315,0.005421668943922361
G1,G163,0.005416761220885243
G30,G341,0.005404350552581018
G69,G258,0.005402681762066666
G395,G109,0.005399684699145167
G41,G283,0.005398320884190511
G41,G204,0.005386787166476059
G243,G274,0.005381486907285307
G123,G75,0.005380210679324815
G355,G278,0.005376653028875376
G102,G137,0.005369349856431806
G391,G91,0.005364476547014108
G150,G212,0.00534717513537028
G30,G385,0.00534489017871443
G393,G168,0.005329949956576541
G359,G349,0.005328867916804279
G391,G21,0.005328138872225118
G253,G369,0.0052959277409368455
G355,G22,0.0052949947778518774
G84,G80,0.005287069556772633
G54,G306,0.005286179381226233
G355,G388,0.005281552146785162
G19,G283,0.005278352845876785
G395,G145,0.005273111771243934
G398,G262,0.005262679377689025
G19,G229,0.005252452447851323
G359,G132,0.005243155536132773
G393,G123,0.005243071144599806
G115,G126,0.005231896603375159
G331,G53,0.005214541365275743
G180,G348,0.005205729801731536
G180,G343,0.00520234959407128
G395,G258,0.00518113781658603
G115,G177,0.005177526273979494
G243,G302,0.005175648640234828
G123,G166,0.005173763514196201
G67,G350,0.00517271750490611
G1,G21,0.0051707828114880595
G30,G134,0.005169815313145875
G144,G293,0.005167221124386945
G398,G160,0.00516548086943714
G84,G156,0.005160346115067327
G1,G14,0.005140498281421227
G30,G116,0.0051372344755443965
G373,G273,0.005133574456651163
G130,G262,0.005128177081402778
G54,G84,0.005115752957309948
G102,G130,0.005103679577045522
G393,G200,0.005103631731994903
G180,G101,0.005101090803171327
G115,G51,0.005094832145274657
G355,G376,0.005089558109870586
G359,G294,0.005085470805529086
G170,G284,0.005084888833783493
G115,G31,0.0050843612948926155
G359,G148,0.005083071983099333
G69,G374,0.005075459817127995
G67,G109,0.0050753758846042996
G196,G205,0.005073615715055713
G46,G324,0.005054645920150758
G115,G104,0.005051520349585489
G246,G132,0.0050496526994362745
G391,G243,0.005046681585039445
G398,G298,0.005041857065630248
G398,G133,0.0050363490490936275
G355,G20,0.00503298585432058
G382,G82,0.005030606416744063
G46,G53,0.005025870561603321
G1,G312,0.005025287232125621
G302,G221,0.005015978884315125
G19,G322,0.00500318295783023
G150,G51,0.00499032519703678
G41,G327,0.004985055785523093
G373,G263,0.004984999289581071
G47,G162,0.0049795221123473815
G359,G213,0.00497468671620312
G170,G122,0.004963082608798517
G373,G155,0.0049575608244558644
G331,G121,0.004955384699586174
G69,G338,0.004955044740427433
G355,G350,0.004950545199340704
G84,G335,0.004947914174403351
G243,G109,0.004933227040077454
G115,G199,0.004928933138826124
G130,G375,0.004927933298581225
G331,G185,0.004923432096485561
G170,G50,0.00491749235846365
G391,G387,0.004916584720379619
G398,G321,0.004912589343103055
G144,G132,0.004900322221485037
G382,G77,0.004895160537624246
G395,G11,0.00489078570299132
G373,G65,0.004887337019333721
G1,G386,0.004871800779023938
G1,G377,0.004868694670949927
G243,G139,0.004863314380481924
G262,G163,0.004841437045745321
G238,G211,0.004838087221836193
G19,G112,0.004832271601614466
G144,G172,0.004827025765931765
G246,G338,0.0048216141433118365
G382,G349,0.004819396097321335
G115,G137,0.00481626044237091
G30,G206,0.00481585753787462
G144,G237,0.004793189426879313
G238,G308,0.004790879928060862
G393,G365,0.004790399779804756
G180,G351,0.004789253470482088
G180,G316,0.004788998393192131
G238,G369,0.00478479917116699
G355,G300,0.004779479066584394
G238,G132,0.004777750302420863
G253,G388,0.004755892544306001
G246,G356,0.00475537767030787
G123,G274,0.004750463999737789
G30,G294,0.004748746304779817
G391,G225,0.004747665834249987
G67,G288,0.004747398747102921
G277,G278,0.004739153162598819
G170,G282,0.0047179091675073215
G355,G73,0.004717209676555086
G373,G46,0.004712167107509907
G115,G80,0.004709090031401068
G80,G180,0.00470118848267724
G393,G98,0.004697821730562046
G84,G396,0.004688420426342099
G115,G342,0.004685706623366443
G46,G299,0.0046404534553845245
G1,G55,0.004639946564327452
G115,G229,0.00462445355841333
G80,G41,0.004607229253738292
G355,G269,0.004605950209541371
G355,G84,0.0045986442474501635
G54,G22,0.004594315835395997
G84,G317,0.00456833635145748
G302,G295,0.0045332960297989056
G19,G7,0.00452317167435087
G238,G206,0.004522474248588898
G115,G228,0.00451944495369197
G41,G238,0.0045004795324812
G382,G273,0.004486197295772584
G243,G57,0.004486060313422507
G262,G109,0.0044845674284268305
G180,G365,0.004477260692264173
G80,G181,0.004476689904400713
G84,G384,0.004466599515998926
G115,G246,0.0044544189888175365
G170,G232,0.004449044918137326
G382,G278,0.004446549417257126
G382,G340,0.004444052542046745
G359,G151,0.004440330214498727
G196,G304,0.00443707153808387
G130,G345,0.004435865938307013
G30,G287,0.004423253746071609
G391,G325,0.004422599106189605
G393,G356,0.004422233421808766
G393,G351,0.004419311871506015
G19,G155,0.00440652760411521
G123,G73,0.0043911513773505495
G47,G363,0.0043817787666339675
G391,G134,0.004372243461307913
G115,G77,0.004368462883721388
G54,G91,0.004368056867221165
G246,G317,0.0043598415007851665
G373,G385,0.004345040611724665
G393,G80,0.0043418334176667725
G19,G38,0.004338587059411446
G123,G63,0.004328904447414447
G395,G312,0.004321767843740179
G1,G188,0.0043175711617053775
G391,G146,0.004316852214831555
G170,G222,0.00430760729999718
G84,G290,0.0043057961045716575
G253,G134,0.004292326171351828
G1,G68,0.004273377627427816
G46,G63,0.004271202865040034
G170,G348,0.00426562025750492
G253,G104,0.004261152205867494
G395,G333,0.004259965845583299
G30,G190,0.004256320962674087
G30,G390,0.004254820746298961
G115,G130,0.004246342365519944
G19,G348,0.004242606325050274
G1,G146,0.004239285793046978
G238,G103,0.004223692746794655
G180,G391,0.0042228959204743885
G395,G230,0.004208749724732043
G398,G304,0.00420461217524698
G170,G377,0.004191839589915248
G355,G23,0.0041890656811830644
G80,G348,0.004184244451898463
G395,G373,0.004183769614814335
G391,G75,0.004183665046728381
G150,G271,0.0041727782985590545
G80,G393,0.004171997612914521
G80,G223,0.004169281423822106
G391,G32,0.004165928803930644
G395,G155,0.0041615291219183476
G30,G306,0.004161263031565554
G243,G64,0.004148186441690354
G123,G132,0.004142177191881077
G47,G210,0.0041305425194437945
G391,G381,0.004119156966677993
G130,G378,0.004118322936050696
G398,G228,0.004117226405307317
G395,G175,0.004116894281432495
G1,G361,0.004109045702573205
G1,G160,0.004096046973823774
G115,G226,0.004089587726943615
G130,G168,0.004073229049975875
G67,G123,0.004064444820325336
G196,G142,0.004051903328937928
G398,G317,0.004047381126451116
G395,G188,0.004040415188319109
G243,G194,0.004034529995163256
G123,G177,0.0040334104173413154
G359,G80,0.004031891344892274
G180,G45,0.004031323997118301
G180,G49,0.004022963092100821
G80,G343,0.004022862803707616
G1,G26,0.004015591539393775
G355,G153,0.0040053829467702196
G393,G357,0.004003005854279568
G19,G69,0.004000499765240098
G54,G161,0.003997383383661471
G391,G374,0.003996362042611244
G30,G22,0.003994128036620411
G180,G195,0.003991648143766199
G170,G392,0.003991151802663923
G84,G212,0.0039839295330618835
G144,G77,0.00397910833127664
G355,G206,0.003973476278690109
G246,G377,0.003961112298336761
G123,G383,0.003957181869010756
G277,G265,0.003936175150430245
G123,G344,0.00393464492667861
G382,G398,0.0039345109723913085
G80,G97,0.00393330052573778
G253,G199,0.003923528084240485
G170,G168,0.0039186225499346465
G373,G59,0.003909625473742018
G373,G41,0.0039058626608442226
G355,G312,0.003901597814016708
G393,G193,0.003896174959206706
G19,G9,0.0038916576959153355
G238,G262,0.003876671407662749
G355,G53,0.003856780180520443
G180,G89,0.0038520728987767663
G180,G208,0.0038438717966493806
G54,G297,0.003838109988758845
G41,G307,0.003834930790620722
G69,G91,0.0038322714427349025
G1,G41,0.003830640966439182
G54,G324,0.0038225704439750346
G277,G112,0.0038184149834059045
G1,G84,0.0038148518297789202
G355,G298,0.003810161972131989
G277,G234,0.0038099123390378797
G393,G297,0.003796968241584847
G41,G99,0.003795965109550839
G395,G269,0.0037947718670075722
G80,G358,0.0037765066881461622
G80,G121,0.0037757239402780862
G130,G256,0.003774752980754692
G391,G169,0.0037731834708508785
G243,G122,0.0037657448089118734
G393,G65,0.0037363578378728085
G54,G363,0.003716938721460991
G253,G79,0.00370176440926287
G243,G168,0.0036935243479591304
G212,G98,0.0036894233695332623
G1,G234,0.0036761887223102883
G19,G246,0.003655687859323513
G238,G62,0.0036442008454577873
G359,G146,0.0036353055573656416
G115,G399,0.003626955950308132
G359,G277,0.003613718666589036
G196,G225,0.0036088430950830253
G359,G157,0.0036079030123409885
G395,G193,0.0036042371111928775
G115,G247,0.00359427610058179
G253,G318,0.003593348447188116
G243,G269,0.0035844631759781795
G253,G238,0.0035818411137017725
G102,G39,0.003574664161955607
G382,G237,0.003570025290190945
G277,G156,0.0035688411590620167
G69,G387,0.003563133379954994
G355,G98,0.0035544009983491456
G30,G268,0.003553669502655203
G253,G131,0.0035485266122485537
G54,G247,0.0035275454397079575
G102,G389,0.003522365995141094
G54,G378,0.003520312048908642
G170,G187,0.0035129124491291037
G69,G120,0.003509586067142745
G46,G223,0.003508333187607543
G246,G187,0.0034908512801908598
G170,G22,0.0034880839205207598
G243,G155,0.003480419842466463
G47,G65,0.003476573959245305
G30,G202,0.0034764809338656416
G382,G379,0.003468242300828199
G46,G132,0.0034632122218685862
G391,G395,0.003459471031379016
G170,G234,0.003458155488364145
G84,G288,0.003452585466511421
G80,G323,0.003437415505099156
G262,G352,0.0034322439405766805
G80,G147,0.0034205089980332004
G243,G282,0.0034179985456337762
G84,G47,0.003409178885614192
G355,G132,0.0034018391910735496
G170,G166,0.00339582990866418
G54,G294,0.0033874478420038573
G302,G246,0.0033853665108539294
G262,G80,0.0033818069092248285
G1,G278,0.003374427746180849
G238,G357,0.003373327811457952
G170,G273,0.003372122403612763
G180,G342,0.0033663743287278697
G46,G267,0.0033646121179669863
G1,G87,0.0033617883919250975
G170,G41,0.003361251911156632
G46,G331,0.003359161046213255
G393,G119,0.003358676855383609
G41,G395,0.0033564886655129134
G243,G228,0.0033542009626387065
G47,G391,0.0033538176374774686
G41,G50,0.003353278073800564
G150,G122,0.003352157445347226
G243,G9,0.0033510783817021217
G46,G101,0.0033502027871747143
G393,G71,0.0033475469041620437
G1,G255,0.0033338805050707153
G30,G143,0.0033320376062165313
G393,G364,0.0033220333561253396
G246,G313,0.0033196190534872244
G130,G11,0.0033171874795788862
G1,G382,0.0032822364901594295
G1,G300,0.0032775366817552713
G30,G281,0.0032743806586056964
G398,G363,0.0032722844688013314
G1,G355,0.003268139789041516
G243,G3,0.003259342022199189
G1,G39,0.003256614809387704
G41,G315,0.003253119685837455
G54,G234,0.003252126221786139
G355,G273,0.0032516625199702914
G382,G97,0.0032482380932278704
G243,G224,0.00324244349089281
G150,G167,0.003240378480326822
G398,G340,0.0032363106713051704
G391,G357,0.0032301042982153458
G30,G19,0.00322891902140514
G30,G244,0.0032141353474701567
G41,G338,0.003210522371790994
G170,G350,0.003202878268826726
G30,G121,0.003195194056696754
G243,G121,0.003190084591617605
G170,G4,0.0031825190289806234
G30,G3,0.0031770969904950297
G170,G124,0.0031667824587924636
G212,G161,0.003159095251275418
G1,G289,0.003143690378517144
G130,G363,0.0031410177170900777
G243,G158,0.0031409945310898676
G212,G42,0.003139935478507966
G1,G88,0.003139769905087288
G331,G211,0.003131816448743857
G355,G156,0.0031317501907548104
G355,G143,0.0031221783156511057
G277,G308,0.003118980136028099
G391,G388,0.0031166831210106202
G30,G146,0.0031092764313352516
G382,G271,0.0031027897236272917
G115,G256,0.0031018309222325107
G395,G347,0.0030859851743297063
G395,G104,0.003082026068516243
G246,G79,0.003078766828480406
G243,G258,0.003078216707195547
G359,G109,0.0030637547467141646
G212,G234,0.0030627982134335263
G212,G281,0.0030589276818662366
G19,G128,0.003056596080099616
G84,G321,0.003055096905278318
G395,G48,0.003054691267216178
G69,G170,0.0030482462707253355
G69,G229,0.003043747874563546
G115,G29,0.0030411391403095834
G382,G91,0.003038875477354916
G359,G165,0.0030149393351979747
G253,G275,0.003005927447140594
G130,G96,0.0030043820545608835
G123,G14,0.0030023136762313586
G102,G98,0.0030008955216199867
G115,G159,0.0030003844592812485
G115,G395,0.002996952340197461
G359,G152,0.0029834588474553364
G54,G334,0.0029751317767581636
G41,G376,0.0029660303856628434
G115,G335,0.0029656723506105744
G391,G5,0.00294835479823872
G170,G393,0.0029411949697305297
G84,G168,0.0029390807870020297
G395,G199,0.0029301038109165317
G355,G356,0.002909371517722248
G196,G180,0.0029028367496695406
G69,G274,0.0028924929795723503
G262,G180,0.0028836062840646437
G1,G331,0.0028799773018802315
G84,G167,0.0028727622185533708
G331,G363,0.0028674005046918916
G262,G388,0.0028647975006984364
G102,G75,0.0028372725325008924
G373,G225,0.0028355520516492178
G115,G11,0.0028335024512268787
G277,G154,0.0028329839929226164
G1,G75,0.0028255930976339473
G115,G112,0.002815032619736719
G144,G316,0.002814756292055229
G373,G81,0.002801686689729785
G1,G28,0.0027994939770197708
G253,G284,0.0027969018052047268
G130,G377,0.0027858418656198885
G355,G353,0.002779506423981011
G170,G47,0.002768561123701198
G382,G302,0.0027515351257245274
G398,G382,0.0027484638920353827
G246,G111,0.0027441793217745647
G395,G277,0.002732931718193825
G1,G243,0.0027313305758591786
G54,G342,0.0027295038007265487
G115,G396,0.0027268448520502454
G373,G123,0.0027246819818456114
G54,G143,0.002709868640201285
G391,G162,0.0027059195655095014
G123,G43,0.0027055099400043747
G243,G246,0.0027034574671907924
G69,G234,0.0026984672936586906
G277,G63,0.0026949445961997054
G1,G37,0.0026868843401037694
G243,G48,0.0026832805809220393
G196,G57,0.0026708830390464178
G246,G38,0.002670671174673553
G144,G236,0.002667565772694745
G355,G0,0.0026661767648598934
G212,G340,0.0026543711766943145
G30,G261,0.002646221014611391
G331,G158,0.0026386507338811427
G130,G215,0.0026347458298487704
G359,G370,0.002634002365964949
G331,G47,0.0026292499345998976
G262,G238,0.0026086759867704687
G243,G381,0.0026082079893756313
G54,G19,0.0026063489705631104
G393,G343,0.00260302974572435
G262,G344,0.0025953612768602197
G1,G373,0.002589909293681438
G67,G9,0.0025829235572559783
G30,G273,0.0025807897129757635
G1,G76,0.002579773965995274
G359,G16,0.0025770421880394866
G80,G92,0.0025759252356570145
G398,G369,0.0025677522898643196
G102,G253,0.0025667222019008645
G391,G190,0.0025625430104938215
G382,G62,0.0025596479915553916
G359,G156,0.0025463953945455073
G123,G194,0.002514125652061633
G391,G377,0.002511604522229892
G243,G336,0.0025093205773878274
G1,G303,0.0025010295161559983
G115,G238,0.0025003927851371885
G80,G294,0.0024926772264464644
G130,G269,0.002491158197276989
G69,G336,0.0024878199756142444
G262,G94,0.0024828946771301777
G115,G386,0.002481595571693189
G391,G263,0.0024710481234993843
G238,G386,0.002469919898881963
G54,G314,0.0024641711637269914
G46,G210,0.0024634663626707243
G243,G212,0.002462206108989229
G180,G51,0.0024612056161206312
G123,G69,0.00245940453875694
G359,G27,0.0024586606926759215
G395,G364,0.0024581148731429234
G130,G329,0.002455434886856969
G19,G116,0.0024430472313429
G1,G340,0.002437524017971364
G115,G304,0.0024306381481519618
G102,G295,0.0024277274508202745
G373,G372,0.0024255539146101623
G150,G112,0.002413548866283588
G1,G336,0.002410245354883267
G30,G11,0.0023872520051440096
G243,G318,0.002386786808332937
G382,G284,0.002382799311898512
G170,G85,0.0023806489463239905
G54,G201,0.002373153881858811
G382,G158,0.0023710521016497565
G359,G309,0.00236214252244615
G54,G90,0.0023605751516038997
G47,G157,0.0023558454581866783
G67,G342,0.00234732779639929
G54,G282,0.002344130233877112
G302,G241,0.0023391417170853662
G115,G24,0.002322732388241929
G277,G202,0.0023214496003729906
G253,G287,0.0023156285001472154
G262,G77,0.002295142373459666
G393,G19,0.002287594152537209
G170,G264,0.002279184272806228
G84,G245,0.002261204157693486
G302,G277,0.0022351779745718864
G1,G18,0.002234559507965663
G398,G183,0.0022300713503541902
G277,G173,0.002229977707485828
G395,G299,0.0022110259003447486
G144,G69,0.002199451415795986
G80,G125,0.0021952142568019244
G170,G179,0.002193431032026818
G80,G244,0.002183987170195814
G130,G373,0.0021764298410554064
G115,G244,0.002172863349602615
G1,G165,0.0021687629519236834
G238,G242,0.002163335607039296
G355,G60,0.0021495665422031976
G144,G323,0.0021415470456107866
G359,G35,0.0021385312199735176
G19,G183,0.0021355546244966467
G123,G260,0.0021326596558192412
G69,G392,0.002127869572271443
G302,G157,0.0021250965024885438
G391,G216,0.0021213533646109867
G393,G87,0.0021188902988682687
G243,G130,0.0021187649101648276
G144,G205,0.0021185666975450934
G170,G304,0.0021092021232507596
G373,G364,0.0021077218247431417
G170,G278,0.002104183187801565
G67,G324,0.0021041695187448417
G391,G360,0.002098396757353127
G115,G94,0.002096349626017048
G1,G64,0.002093636812159086
G115,G235,0.002088640127736987
G393,G86,0.0020875765314609038
G382,G375,0.0020836288684051157
G355,G7,0.0020775070979510007
G30,G358,0.002065327924539232
G262,G81,0.0020651793655167908
G30,G12,0.002064651914885975
G393,G155,0.0020611594564966806
G359,G145,0.0020596431432960034
G115,G317,0.0020579225972841564
G46,G81,0.002041006718725716
G1,G262,0.0020256683936124443
G246,G293,0.0020143770013498763
G391,G133,0.0020059126903104532
G80,G285,0.002001934601659292
G395,G384,0.001998141678435747
G395,G322,0.0019959870313882647
G41,G267,0.001989596186082687
G19,G139,0.0019803805012640133
G212,G148,0.001967969423447763
G144,G372,0.001967190777486666
G391,G53,0.0019666179772426726
G1,G156,0.001963440193165425
G170,G237,0.0019533840670990753
G115,G329,0.0019521574653816216
G391,G123,0.0019393388901636222
G373,G118,0.001930104624453352
G395,G163,0.001929723521370278
G67,G173,0.0018978636322568854
G331,G105,0.001890651227069634
G212,G386,0.001889496482786579
G196,G297,0.00188797392885387
G80,G62,0.001879205465375823
G393,G349,0.0018719005931101262
G243,G63,0.0018670014388456994
G47,G154,0.0018659720805110774
G80,G135,0.0018643912609167534
G238,G66,0.001862315161012082
G170,G277,0.0018548397639157471
G170,G112,0.0018460615720446282
G30,G344,0.0018454190256935975
G19,G24,0.0018437270229216193
G180,G251,0.0018300352104511156
G19,G374,0.0018285897473203777
G19,G364,0.0018207421314448344
G355,G123,0.0018066904740976983
G212,G176,0.0018015041015303074
G391,G335,0.0017975596044671333
G80,G143,0.0017967860436663464
G19,G247,0.0017937709828106593
G80,G230,0.0017922719862511274
G359,G210,0.0017879073356731091
G395,G244,0.0017848865022299515
G170,G18,0.00178463805176525
G277,G376,0.0017838274902500506
G393,G25,0.0017802262218715899
G262,G58,0.0017768949361608374
G102,G121,0.0017758100732550297
G373,G76,0.0017736150273624796
G253,G206,0.0017704344451963117
G170,G58,0.0017665367390735758
G69,G376,0.0017645016460293567
G30,G14,0.001764314520810893
G150,G394,0.0017569264080655178
G150,G221,0.0017549030896647222
G212,G23,0.001748372948909005
G212,G138,0.00173086908133524
G398,G276,0.0017274013037324593
G382,G71,0.0017062439969857124
G41,G276,0.0017002369137807949
G302,G188,0.0016901477665882264
G302,G229,0.0016859008790305052
G262,G26,0.0016798472530744901
G355,G343,0.0016775850228000835
G115,G281,0.0016747858989975429
G180,G367,0.0016716459876582532
G170,G11,0.0016710564463826155
G80,G152,0.0016639359815506082
G1,G33,0.0016568323131304456
G243,G235,0.0016551954982768763
G395,G33,0.0016521446510710733
G180,G377,0.0016508751725183082
G262,G317,0.0016423988433887926
G130,G291,0.0016402044032793224
G46,G10,0.0016355006983690655
G1,G32,0.0016293132824298992
G102,G49,0.0016261364302909281
G144,G52,0.0016238840687275574
G180,G38,0.0016196509424594684
G30,G74,0.0016075280997344009
G196,G91,0.0016052552351389915
G180,G203,0.0015966970093940977
G395,G288,0.0015912103929452207
G144,G41,0.001590122910377162
G246,G393,0.0015812352912698419
G54,G131,0.0015773795361414128
G253,G48,0.0015596149154518124
G41,G297,0.001556341185398366
G80,G374,0.0015524478336165423
G30,G234,0.0015490138786362082
G373,G234,0.0015440499371447702
G80,G249,0.001537978548858246
G393,G375,0.0015369748706374614
G180,G212,0.00152696073534319
G170,G167,0.0015171807401521097
G355,G13,0.0015055640943461637
G170,G319,0.001503233470894514
G395,G69,0.0015018251975974645
G123,G243,0.0014933021697342702
G54,G394,0.0014931962336413515
G69,G307,0.0014924012082658672
G393,G271,0.0014868467684324566
G19,G145,0.0014795667130146281
G262,G324,0.001466980942875895
G302,G223,0.0014607106397881847
G382,G33,0.0014597109506684497
G144,G35,0.001448625589234434
G359,G257,0.0014474413200355161
G395,G172,0.0014463956163292477
G115,G138,0.0014360852786918822
G30,G168,0.0014280803981472998
G277,G53,0.0014273873095462797
G69,G323,0.0014197863565474644
G1,G384,0.0013994706154435814
G262,G289,0.0013980477598093156
G170,G330,0.0013874761063646136
G1,G27,0.0013868714231690116
G130,G156,0.0013793616009597706
G80,G37,0.0013644387590180732
G246,G65,0.0013624967503477192
G373,G277,0.0013556617533879434
G393,G379,0.0013462521918612552
G246,G82,0.0013339606803322857
G243,G386,0.0013291378240508772
G331,G11,0.00132764895876758
G67,G79,0.0013217167991489698
G243,G207,0.0013144803995890283
G180,G16,0.0013121497538045087
G47,G372,0.0013100527793696026
G395,G185,0.0013077974755229052
G393,G372,0.0012979938552387243
G123,G359,0.001292993179880332
G395,G235,0.001285605519898026
G46,G158,0.001284017181486935
G102,G142,0.0012792387794107463
G180,G262,0.0012716119485290597
G150,G29,0.0012532629636781492
G102,G69,0.0012513857282123453
G41,G242,0.0012509675665508257
G54,G52,0.001249808926062898
G144,G187,0.0012214698127457208
G1,G198,0.0012208546663955294
G391,G309,0.001211706715543489
G102,G287,0.0012057006977665152
G41,G133,0.0011924939891597292
G180,G86,0.0011902724303565551
G30,G359,0.001189542764139945
G212,G62,0.0011888870277795283
G41,G308,0.0011855530837294737
G30,G298,0.0011813258917243545
G243,G280,0.0011813065019355418
G398,G85,0.0011734861972064192
G246,G91,0.0011689772201620985
G130,G234,0.0011688891965356898
G395,G375,0.0011540928241963767
G130,G299,0.0011480037150641553
G302,G129,0.0011450034297818545
G67,G141,0.0011386600353304188
G395,G355,0.0011331280790474116
G212,G245,0.0011303873037140644
G54,G123,0.0011121594822047914
G391,G88,0.0011008491594057673
G19,G97,0.00109555249275174
G238,G52,0.0010934447229378336
G41,G165,0.0010861901606039198
G373,G313,0.0010816622804938614
G54,G271,0.0010465653348355752
G19,G227,0.0010448434120459305
G80,G185,0.001039755284030032
G243,G151,0.0010336770882329784
G395,G327,0.00103122407458495
G212,G384,0.0010278895084801232
G180,G55,0.0010224607639453091
G30,G51,0.0010183382563675597
G19,G195,0.0010055670143642725
G30,G117,0.001004270011389338
G355,G197,0.0009956714536830478
G30,G88,0.0009836335385140053
G373,G103,0.0009820997723050673
G1,G357,0.0009793514723520323
G1,G194,0.000974139156713405
G69,G178,0.0009706394759488902
G80,G274,0.0009701051501478618
G180,G63,0.0009564376758288695
G69,G257,0.0009548822415282598
G1,G273,0.0009548324900777536
G115,G222,0.0009528905609270822
G80,G326,0.0009426337667971345
G1,G62,0.0009412680572270272
G359,G368,0.0009330457399466877
G359,G10,0.0009279627013283748
G302,G366,0.0009169701133155614
G395,G294,0.0009160964543198993
G212,G114,0.0009103547725081429
G391,G69,0.0009102725213843421
G395,G59,0.0009100942195161069
G130,G396,0.0009042274378659836
G30,G156,0.0008978220159664291
G243,G53,0.0008856881232123665
G123,G338,0.0008744925943885984
G170,G313,0.0008715591142840692
G243,G188,0.0008707881021753974
G80,G227,0.0008655100219397693
G212,G18,0.0008550266081826727
G19,G351,0.0008479882848698023
G1,G42,0.0008456771939382001
G115,G62,0.0008411287670255056
G243,G58,0.0008405629243709509
G102,G380,0.0008389157513795931
G262,G38,0.000835261133384009
G382,G235,0.0008324507309514437
G41,G336,0.000830680870092762
G391,G311,0.0008265996623129691
G102,G126,0.0008261402510254534
G262,G374,0.0008189238877769345
G46,G237,0.0008161734988925834
G30,G27,0.0008144253886298823
G359,G374,0.0008138019438372474
G382,G345,0.0008013890295746617
G46,G85,0.0007985963850122291
G170,G142,0.0007969953143817793
G393,G133,0.0007933034775209832
G393,G8,0.0007924828331490608
G46,G372,0.0007902414374078293
G19,G133,0.0007862742585092106
G115,G173,0.0007851119777268316
G393,G177,0.0007758044423395449
G1,G371,0.0007748200036054205
G170,G351,0.0007620132603899741
G355,G352,0.0007505812287612809
G395,G271,0.0007452438522250054
G359,G251,0.0007350096734472789
G373,G382,0.0007211645426062341
G359,G38,0.0007138714551968538
G180,G329,0.0006994937135461413
G373,G99,0.0006954215829455268
G1,G392,0.00069337800745972
G359,G169,0.0006784113548474191
G144,G307,0.0006782858991085938
G30,G396,0.0006724433204243659
G115,G387,0.0006688813913951971
G1,G98,0.0006679921439810589
G243,G363,0.0006674821230384792
G115,G363,0.0006622093335068475
G19,G121,0.0006505237288980045
G398,G234,0.0006453189098885037
G391,G251,0.0006262595435588547
G80,G361,0.0006124753610829026
G243,G96,0.0006096653340225983
G382,G353,0.0006069496018721032
G170,G40,0.0006053054445142349
G359,G212,0.000604366448782076
G46,G260,0.000602478252164626
G30,G366,0.0006023437992746482
G69,G358,0.0005958517247924219
G243,G290,0.0005944041116427504
G84,G124,0.0005937430176776379
G382,G366,0.0005915807458745093
G115,G208,0.0005830040150394573
G115,G223,0.0005652781945269733
G170,G60,0.0005633668323305023
G398,G336,0.0005549190836985907
G54,G338,0.0005537952931836121
G277,G78,0.0005494191212797317
G1,G337,0.0005485692388541123
G1,G178,0.0005468283790483683
G170,G133,0.0005435795457359276
G19,G386,0.0005388314939201513
G69,G298,0.000538556964717482
G1,G30,0.0005364015650172384
G243,G108,0.000528806084062701
G355,G2,0.0005265492524381028
G196,G66,0.0005258004684776107
G19,G212,0.000520604604314065
G1,G335,0.0005008350914994728
G115,G129,0.000498541273943498
G130,G338,0.0004967112805980625
G391,G267,0.0004892827583779236
G212,G34,0.000488577062032175
G391,G154,0.00048020405876995215
G102,G232,0.00047401167622007634
G180,G119,0.0004725668849366038
G393,G204,0.00047170021629031056
G359,G88,0.0004654479263956311
G391,G246,0.0004647426004562791
G180,G345,0.0004642636081411064
G84,G141,0.0004610427956580343
G19,G272,0.000457421427685175
G19,G298,0.0004444299567500365
G243,G345,0.0004428746265545923
G84,G163,0.0004404356838548368
G359,G231,0.0004369266742137272
G150,G86,0.0004332219487256789
G262,G351,0.00042241500808357785
G150,G385,0.00041911325517733633
G262,G136,0.00041465511967733043
G212,G110,0.00041441227422801125
G46,G161,0.0004136973994842974
G359,G59,0.0003930381345053219
G80,G304,0.00039280541249388234
G253,G249,0.000391568227111172
G123,G387,0.0003803170441171802
G180,G346,0.00037618663626794516
G395,G233,0.0003708396623987656
G47,G85,0.00034892161561943247
G359,G365,0.00034304492634167766
G355,G150,0.00033488975524080533
G1,G301,0.0003324220659954875
G393,G380,0.00033241003792577883
G395,G346,0.0003281336629804843
G30,G259,0.0003223981373151278
G41,G241,0.00031345734231140454
G30,G355,0.0003133258010058586
G243,G11,0.00030754122752895546
G1,G134,0.00030595904135875124
G180,G1,0.000304465550968306
G144,G397,0.00029837755068555516
G170,G240,0.0002974602707729833
G84,G65,0.00028625038348506493
G115,G339,0.0002835279105016606
G19,G261,0.00027334474397554265
G102,G192,0.0002423041952827748
G115,G253,0.0002381783276967607
G170,G169,0.00023574510009260682
G1,G365,0.00021166229665341672
G19,G81,0.00020954409766144738
G355,G250,0.00020836524570421594
G395,G187,0.00019684886881601166
G170,G258,0.00019115382839113987
G170,G149,0.00017850832037886663
G170,G369,0.00017026107974646085
G47,G192,0.00016544610797492032
G180,G62,0.0001601562723792596
G398,G352,0.0001497609861781657
G54,G353,0.00013637332370830535
G170,G37,0.00011840003972262217
G69,G272,0.00011627751922745067
G46,G72,0.00011459191460989893
G46,G143,0.00011422092917223736
G1,G285,0.0001094773971440817
G180,G355,0.00010505093131100984
G212,G131,0.00010386233206369222
G1,G223,0.00010056713899499539
G170,G154,8.426765642620057e-05
G359,G237,7.793435846568941e-05
G170,G182,7.773764455602447e-05
G80,G258,7.319722077580096e-05
G170,G89,6.988081533012766e-05
G170,G308,6.974947581615647e-05
G30,G272,5.391163104058417e-05
G170,G238,5.3770818025579425e-05
G84,G35,5.013858012610506e-05
G180,G65,4.757487011914502e-05
G30,G184,4.456793978243126e-05
G80,G275,2.519140509556206e-05
G359,G121,2.3060142815136547e-05
G41,G118,2.0915417350858556e-05
G196,G201,2.0739476611464358e-05
G130,G288,1.8343528454457803e-05
G150,G303,1.392340638549372e-05
G115,G151,1.3083266818226039e-05
G277,G259,1.3305314114642197e-06
