Gene1,Gene2,score
G67,G92,0.5762273039459966
G67,G167,0.571962811964903
G67,G86,0.531189973286265
G67,G126,0.5271641925834496
G67,G223,0.5209831596502468
G67,G390,0.5056492235267372
G253,G315,0.4838433507147804
G67,G87,0.4801946112534824
G253,G336,0.4686575824994009
G253,G335,0.4624520495001038
G84,G199,0.4593923854795222
G67,G340,0.4582427452766019
G102,G221,0.45350978177110324
G331,G212,0.4509614718220539
G277,G331,0.449600947222066
G67,G131,0.44113372126528033
G144,G169,0.42852196346830085
G84,G238,0.42795327203748706
G84,G344,0.42786120826422763
G102,G157,0.42599922545586777
G246,G67,0.42535416157029726
G331,G277,0.4241217153352381
G238,G84,0.4232681369794194
G150,G138,0.41763655335846916
G253,G144,0.41050182879357144
G253,G198,0.4083392559814179
G67,G234,0.40745953365572224
G67,G312,0.39505225307951
G302,G316,0.39365951023216467
G144,G253,0.3911409113012809
G331,G372,0.3901582536107678
G253,G278,0.3898508793499081
G84,G364,0.3895843261520267
G67,G246,0.3862880873868236
G253,G373,0.38173972556823105
G144,G242,0.37483578270013296
G144,G376,0.3742345492079333
G253,G330,0.37377959694985274
G80,G102,0.3705829210844605
G102,G256,0.3679340204002883
G47,G321,0.3653942324062279
G102,G80,0.3623031901255417
G84,G283,0.36089849319936496
G253,G39,0.3579481464642672
G84,G218,0.3552653846147011
G84,G287,0.3527696216334795
G47,G388,0.35222463977281704
G80,G190,0.34976742149586015
G67,G75,0.3469187656661103
G67,G363,0.3463773302258567
G67,G259,0.334948634145357
G69,G288,0.33346711750027064
G253,G109,0.33133298021319385
G144,G267,0.32796721342904134
G144,G179,0.32588387381427375
G84,G229,0.31968070539695836
G67,G185,0.3186813367137003
G253,G168,0.31832382505750656
G331,G228,0.3161684951552118
G253,G352,0.3146528079012045
G80,G88,0.31334460699734723
G144,G300,0.3117646096058095
G84,G338,0.31114795893822433
G84,G145,0.3107868166434426
G69,G153,0.31066114914753085
G331,G196,0.3102327937664066
G253,G324,0.30762046077566096
G47,G204,0.3067935259141617
G84,G244,0.30521439337602974
G253,G165,0.30420460886028333
G102,G135,0.3032700879565589
G253,G150,0.29984835850973274
G253,G334,0.2980539954637121
G150,G57,0.29614734183856956
G302,G280,0.29592516024151094
G69,G299,0.29488238295242425
G102,G375,0.29278026138722807
G331,G71,0.2911410524258154
G67,G225,0.28969697784313886
G144,G112,0.2893772475732906
G67,G205,0.28861595001180523
G144,G211,0.2845454001762007
G144,G341,0.28393415249077036
G84,G118,0.28323798381576076
G84,G120,0.2825100477025527
G47,G342,0.2817373008116173
G47,G142,0.2814677955673075
G144,G284,0.28143438459728937
G67,G99,0.2810604564825558
G84,G241,0.28073513266264083
G102,G357,0.2790702257611954
G84,G104,0.27690274697783235
G144,G349,0.27621885842706184
G69,G141,0.2746003888207786
G47,G276,0.2729360360655469
G253,G53,0.27281373959519967
G47,G258,0.2619354731397321
G84,G295,0.26132952083501604
G144,G156,0.2612967384825824
G84,G46,0.26048845665639253
G47,G79,0.2598647745708385
G382,G41,0.2526599253076871
G84,G302,0.25125138558969146
G41,G382,0.2510081813997148
G253,G308,0.2497460255024922
G67,G294,0.24853463410134494
G67,G273,0.24715743774923113
G144,G297,0.24610364102113957
G144,G369,0.2440227960699361
G84,G343,0.24362386177245576
G102,G183,0.24309429618365797
G47,G296,0.23796444720255133
G47,G353,0.2378579748003352
G150,G130,0.23652973223115145
G144,G65,0.23394250302328237
G253,G114,0.23386973962688967
G47,G275,0.23338388515396777
G47,G397,0.23312743738483158
G47,G69,0.22743853714331064
G144,G317,0.22473141765451438
G150,G62,0.22454913820562827
G47,G163,0.22330669479879448
G102,G219,0.22316688493902337
G253,G98,0.22313987761630782
G102,G105,0.22173374065465462
G47,G129,0.22164128772997074
G69,G398,0.22061226100534478
G69,G304,0.22057622436213667
G67,G201,0.21992497591202892
G84,G155,0.2197400164628796
G84,G301,0.21971456189248495
G398,G180,0.21935253482353986
G69,G47,0.21682955926228564
G253,G306,0.21625500741220577
G253,G293,0.21364175682926337
G150,G249,0.21355920306770154
G144,G148,0.21192220406492676
G47,G377,0.21112844218446777
G67,G143,0.20986214726068184
G144,G54,0.20809856116745587
G47,G93,0.2076978692119532
G47,G323,0.2058581844094916
G84,G77,0.2054308701613738
G102,G154,0.2049911432074282
G302,G48,0.20371926248387554
G69,G290,0.2036608312475872
G102,G110,0.20298654609109698
G67,G158,0.2019043063943828
G67,G188,0.20186519900447322
G47,G260,0.200946088267549
G47,G310,0.20079866923365952
G102,G119,0.2004639707692535
G123,G206,0.1998507037419242
G69,G192,0.19689399935891846
G47,G230,0.19687246854601997
G253,G103,0.1965200950933969
G47,G132,0.19605226380727603
G180,G298,0.1934574249431729
G253,G76,0.19313795293379832
G46,G356,0.18891153549105333
G331,G383,0.18841527496352312
G253,G271,0.18790951973562736
G80,G380,0.1872651273293746
G150,G384,0.18570654431740133
G47,G133,0.1842906807971857
G47,G91,0.18289634780004999
G67,G121,0.18211262180724197
G253,G313,0.1801967326527974
G69,G85,0.1798950658490809
G47,G187,0.1794942852272069
G84,G374,0.17947987396584134
G47,G42,0.17935325206599506
G41,G61,0.1784176686396099
G253,G161,0.17640116243957504
G47,G193,0.17598380305825218
G102,G299,0.17586878646611181
G67,G237,0.1745406477014915
G47,G307,0.17387094563586578
G302,G393,0.17360960738604866
G144,G59,0.17162912672622285
G123,G362,0.1700934523822119
G144,G329,0.16840631820152138
G80,G8,0.1680195622751477
G41,G33,0.1639012978125065
G84,G257,0.16363421028403485
G84,G122,0.16347153581180604
G47,G350,0.16205102603043034
G180,G289,0.1602209968705802
G391,G394,0.1582157425823344
G54,G303,0.1540900111705688
G102,G217,0.15404882947467727
G302,G177,0.1539417814009663
G331,G136,0.1533764685183102
G80,G221,0.15303721251423763
G398,G123,0.1523806406961822
G123,G181,0.1515516606575335
G382,G355,0.15110337262690102
G41,G345,0.15029968677292474
G331,G41,0.14973291516414283
G144,G385,0.14967235318508396
G47,G173,0.14844583039775114
G373,G253,0.14839476135871935
G80,G197,0.14688359734138093
G144,G335,0.1463706013252032
G47,G147,0.1460730252488841
G47,G50,0.14408332224023793
G150,G359,0.14218180334108865
G150,G38,0.14055764999981485
G144,G66,0.1404130034592404
G246,G92,0.13950955143101088
G393,G128,0.1388418904240161
G144,G247,0.1387453592589763
G47,G78,0.13849930775629368
G67,G135,0.13735885028018427
G144,G309,0.1370323388108495
G144,G100,0.1365115754233588
G41,G351,0.13464536188114212
G123,G250,0.13393387943082855
G67,G82,0.1328672509662174
G144,G212,0.13251565828222936
G67,G81,0.13247296140108875
G84,G52,0.1322343313769848
G54,G245,0.13177754890686075
G47,G243,0.1303740668121387
G212,G331,0.13004528523751957
G331,G182,0.12908895360328856
G246,G167,0.127638473052549
G150,G339,0.12698343706671347
G67,G175,0.12649484938584535
G331,G367,0.12624541086774507
G382,G274,0.12405936476634041
G47,G184,0.1225985581357951
G41,G366,0.12258798703041864
G238,G199,0.12250439601813651
G102,G332,0.12249213064269114
G46,G84,0.12208058197412455
G144,G86,0.12185154296724632
G180,G398,0.12172781407479383
G246,G223,0.12150071337950175
G150,G49,0.12147801156924903
G144,G338,0.12133463129810522
G84,G108,0.12040974938607595
G102,G262,0.1199115384606092
G47,G68,0.1195747422585076
G80,G220,0.11945115159712055
G246,G390,0.11939525969872172
G54,G176,0.11933537487160754
G144,G228,0.11920648469315206
G84,G334,0.11897235039701148
G150,G102,0.11894696728013035
G144,G210,0.11869849578900035
G144,G336,0.11851723355213767
G102,G45,0.1179688901700395
G41,G97,0.11785998270173358
G150,G253,0.11640489689167449
G393,G279,0.11637826261718698
G19,G186,0.11579523069953498
G331,G251,0.11560936574557867
G331,G239,0.11468690845257132
G84,G265,0.11431577137877713
G144,G204,0.11420553021508309
G144,G315,0.11392880813124251
G246,G131,0.11299380542927867
G47,G318,0.11245820762512485
G47,G269,0.11244180715972595
G67,G105,0.11199832180279967
G246,G86,0.11165572337237392
G41,G331,0.11155998952375915
G393,G202,0.11128245695195765
G253,G331,0.1111775292240697
G67,G47,0.11058830983028828
G102,G370,0.11044207576478048
G47,G111,0.10956141666245804
G144,G63,0.10929882790247694
G123,G189,0.10857146306322857
G150,G391,0.10832225388083734
G67,G124,0.10830527955672209
G196,G242,0.1080470766423603
G277,G212,0.10790291443566905
G130,G150,0.10763772503294974
G41,G150,0.10574911784334864
G398,G395,0.10536358907728512
G123,G149,0.10516414290184123
G67,G125,0.10503362277106855
G180,G270,0.10467462643444764
G102,G164,0.10459754451748139
G123,G398,0.10365726632479455
G19,G22,0.10351242084412601
G47,G37,0.10347077230986133
G144,G39,0.10339720460587926
G54,G152,0.10218393192476313
G150,G35,0.10217323454211397
G46,G150,0.10200989048190465
G212,G277,0.1018832561558721
G150,G396,0.1014284216125523
G46,G240,0.10085715504368588
G246,G312,0.1005731618268346
G102,G88,0.10053310732057641
G398,G69,0.10025099297947324
G246,G268,0.10012458112078537
G253,G218,0.09861902898880909
G54,G282,0.09857687656121264
G144,G145,0.09849981733022516
G391,G392,0.09815375274426301
G196,G273,0.09813616338213668
G238,G344,0.09739985031864648
G144,G386,0.09707869896234
G144,G278,0.09679972095865408
G331,G174,0.09672035807403005
G150,G95,0.09654677051395408
G196,G253,0.0964569325647257
G150,G31,0.09575904805077981
G331,G365,0.0943448262092182
G302,G46,0.09411280033941535
G115,G325,0.09381243345031297
G47,G165,0.09376400974174343
G80,G378,0.09348858548240009
G359,G150,0.09335891739309612
G102,G150,0.09314370326784313
G67,G331,0.0930335708923016
G253,G263,0.09302331549393736
G69,G156,0.09283608550751558
G246,G87,0.09267219719059969
G253,G196,0.09237456886107212
G47,G9,0.09200111545503499
G54,G139,0.09172046548865724
G302,G344,0.09162310604669119
G30,G182,0.09154820086066068
G391,G235,0.09071239097533913
G47,G326,0.0904904244766797
G19,G311,0.09036644224997689
G302,G84,0.09013025361879945
G41,G255,0.08993211545424327
G115,G146,0.089772588055725
G115,G348,0.08916180699392857
G84,G69,0.08880451139987419
G331,G340,0.08858295906390631
G355,G387,0.08853035247296875
G196,G376,0.0880490413809677
G391,G397,0.0877319371720181
G144,G198,0.08769868369472511
G102,G190,0.08757432021064282
G212,G198,0.08750934508939362
G47,G308,0.08735899591503568
G69,G32,0.08720751568015134
G144,G75,0.08712719389744591
G144,G312,0.08703108872756174
G30,G72,0.08686199024662279
G331,G223,0.08662964744402349
G398,G322,0.08633488653673439
G19,G21,0.0861305986963164
G243,G47,0.0855097053197717
G150,G327,0.0854505129792955
G54,G354,0.08530033747653087
G41,G51,0.08488620968392582
G47,G207,0.08451340512747593
G212,G58,0.08436603276549812
G41,G84,0.08426984636064862
G102,G227,0.08422503144884501
G41,G67,0.08372586101836153
G196,G312,0.08310581760685237
G393,G302,0.08304451246746752
G238,G364,0.08301059784782278
G196,G331,0.08277084770806786
G54,G19,0.08246948830292963
G102,G203,0.08242401193367832
G331,G92,0.0821891693164746
G331,G390,0.08188708907122758
G102,G84,0.08184825593397187
G144,G280,0.08179265952059978
G144,G331,0.08153166671361145
G196,G381,0.08147676554685644
G19,G25,0.08124526715441044
G277,G302,0.08101736426696532
G391,G398,0.080981277465443
G253,G302,0.08091312668102826
G1,G13,0.08090477629153986
G102,G224,0.08050628681485686
G238,G40,0.08026245713377922
G84,G222,0.08021616288707717
G262,G89,0.08014584723298097
G46,G145,0.08014542008796968
G196,G67,0.07932721048704522
G238,G241,0.07913386836666181
G391,G226,0.07908202017252325
G115,G178,0.07881628705499566
G246,G253,0.07839759673959251
G19,G129,0.07827104508816907
G253,G169,0.07804395303832101
G246,G17,0.07791119624773711
G331,G67,0.07762181355215547
G382,G379,0.0774227737371484
G54,G191,0.07734020832380545
G144,G167,0.0770946082929749
G150,G41,0.07696775384777083
G30,G214,0.07662675080547059
G84,G297,0.07655969224680291
G398,G101,0.0763795102244641
G144,G150,0.07634565730877214
G180,G266,0.07632244222746333
G123,G179,0.07623958357522122
G54,G252,0.0761419753620046
G212,G90,0.07612960363725066
G373,G144,0.07604907538684699
G253,G156,0.07602840578343462
G144,G346,0.07598222362316671
G115,G215,0.07592655955163527
G393,G96,0.07573564576355649
G212,G144,0.07571756358826104
G115,G286,0.0756047661496418
G395,G292,0.07525648968329508
G84,G74,0.07520315680325006
G67,G219,0.07520039637949769
G19,G281,0.07493963836302597
G19,G113,0.07438384900345278
G373,G330,0.07437713513102684
G19,G20,0.07437073551704636
G115,G137,0.07433293634729653
G150,G39,0.07425755480583593
G246,G129,0.07423741814151412
G19,G27,0.07391972845053073
G46,G238,0.07382328409898381
G212,G169,0.07373030384223392
G144,G171,0.0736695969266544
G84,G48,0.07301134047112454
G67,G398,0.07289703075176732
G47,G273,0.07278724599659606
G196,G131,0.07247009139808472
G373,G336,0.07242488956176338
G46,G77,0.07233964591402059
G46,G57,0.07195455652874642
G373,G315,0.07184341994215124
G246,G340,0.07160581470820801
G47,G11,0.07141916966970822
G144,G324,0.07124053561214569
G144,G34,0.07106848321630138
G253,G376,0.07096573975393711
G302,G253,0.07095828052151665
G1,G16,0.0706763832334331
G238,G287,0.07055649278933676
G246,G234,0.07014258850169794
G67,G154,0.0700446057786513
G144,G259,0.0700086199134409
G46,G280,0.06957646655625936
G84,G169,0.06943453327809122
G47,G126,0.06939516999474413
G80,G357,0.06916612120509205
G69,G302,0.06914959201683758
G144,G168,0.06885726045785256
G331,G246,0.06847263654992883
G391,G22,0.06833632305743967
G67,G196,0.06823372750921122
G359,G375,0.06813077664675048
G130,G253,0.0680633445933399
G253,G70,0.0671696894949691
G302,G109,0.0671178535877622
G331,G86,0.06687981200264376
G30,G213,0.0665804587697925
G355,G262,0.06653471961593987
G30,G337,0.06635563055379293
G373,G353,0.06634844517086039
G123,G198,0.06631301161116808
G19,G18,0.06625868291317386
G19,G232,0.06625705893376418
G196,G277,0.06619454141911257
G238,G302,0.06607109561992011
G19,G28,0.06592489618610622
G212,G267,0.06572626293827266
G253,G145,0.06556121159317052
G253,G368,0.06538273560905326
G331,G319,0.06529416179618568
G46,G62,0.06503962488061694
G67,G276,0.06487254836880621
G84,G216,0.06478587710484053
G41,G57,0.06466428994037121
G144,G194,0.06456289501640751
G84,G314,0.06442005863380305
G144,G380,0.06436005802603571
G54,G144,0.06412929965092068
G54,G253,0.06385197675984437
G253,G211,0.06360914470448817
G41,G75,0.06356047980855564
G238,G218,0.06334543004283419
G1,G12,0.06333508952086526
G47,G223,0.06330919704693816
G80,G157,0.06318074897026049
G196,G39,0.06315352563902693
G69,G41,0.06305275062772452
G373,G109,0.0629277809133666
G398,G150,0.06288608892604945
G196,G349,0.06286901634475289
G331,G253,0.06275864132147924
G67,G352,0.06272183097062614
G84,G150,0.06268665085768005
G84,G315,0.06253904508442296
G246,G75,0.062456089144266425
G84,G57,0.06235969034582084
G115,G127,0.062262402192844374
G398,G162,0.062111392338853974
G277,G196,0.06198837696156931
G67,G315,0.06175873670677259
G67,G168,0.06168502666127526
G54,G376,0.06118740190828491
G1,G6,0.06097254700368099
G373,G302,0.060967118975487705
G253,G276,0.06096087867120173
G212,G253,0.06082188048378126
G102,G199,0.060789356468667274
G238,G283,0.06067828896039845
G84,G115,0.06057266669910321
G80,G66,0.060406356853683424
G41,G166,0.06028923349917072
G359,G398,0.060190598446070685
G123,G371,0.05996414892483067
G102,G172,0.05976242180534503
G277,G399,0.059749354462348185
G302,G352,0.05974385783432616
G30,G285,0.05973425080139299
G150,G98,0.05969612109600994
G47,G198,0.059688888938488005
G84,G221,0.05965683134376623
G253,G254,0.059656736587030426
G246,G363,0.05958466982477667
G67,G144,0.059501482719492876
G69,G165,0.05950067555283546
G395,G398,0.05943546554213257
G212,G112,0.05929524296239813
G46,G199,0.05917799666147769
G144,G261,0.059154485261817796
G1,G10,0.05886917804417876
G123,G156,0.058746294605817775
G150,G315,0.05857559434338419
G196,G165,0.05856607218917373
G123,G390,0.05842370792483727
G395,G302,0.058107719937957734
G355,G272,0.05804703809576209
G331,G312,0.05774910350114698
G382,G253,0.05773971282036776
G196,G212,0.05731982771503771
G253,G99,0.05720605846339347
G67,G324,0.05713525839168307
G47,G86,0.057108891777038095
G67,G253,0.05706855765861921
G80,G302,0.056994907630124075
G30,G320,0.056851909256315836
G262,G235,0.05682302313178696
G373,G39,0.056491676681050124
G47,G188,0.056458042876047554
G196,G198,0.0564389226113611
G144,G217,0.05641771561988253
G302,G198,0.05622716691086285
G246,G331,0.05614789248770424
G246,G39,0.056011617575551814
G398,G67,0.05587904389381135
G150,G336,0.055794454543560884
G253,G388,0.05576404320319031
G80,G375,0.055710167594660964
G373,G278,0.055592314847569796
G373,G198,0.05556929119375709
G144,G53,0.05556124544318114
G302,G347,0.05553335410239619
G102,G393,0.055428562811903365
G67,G23,0.055379277081541466
G238,G322,0.05527295614590662
G47,G123,0.055170514914388055
G144,G52,0.05506939875778573
G212,G262,0.05497371076721859
G69,G198,0.05460998202579982
G46,G302,0.054581938727273765
G398,G167,0.05455134864976176
G41,G131,0.05451896319679536
G302,G218,0.054490544468040275
G331,G315,0.05448316256178498
G1,G14,0.05441285378054173
G30,G291,0.054359229085128094
G69,G66,0.05426945155755901
G123,G253,0.05425909082087005
G84,G253,0.05414817603149426
G102,G117,0.0539065418552878
G123,G204,0.053809679552512854
G238,G57,0.053609830170271794
G302,G116,0.05345509497766058
G144,G87,0.053432799640305756
G398,G382,0.05342912792900527
G246,G205,0.05334538408003395
G262,G150,0.05331820281717177
G67,G233,0.053295202332451615
G382,G223,0.05329254128943381
G196,G204,0.0532702848028736
G196,G150,0.053256884489220446
G123,G302,0.05314015928296863
G331,G242,0.05312892984241588
G46,G168,0.052986639236076674
G398,G288,0.052830727162855834
G262,G60,0.05280215206374042
G46,G344,0.05277513338894685
G302,G333,0.052752898303380015
G246,G198,0.05263429578676493
G196,G398,0.05253504947745037
G196,G65,0.052282559570850914
G69,G84,0.05224071818315898
G331,G144,0.052238043601287254
G84,G36,0.05207918067134002
G355,G41,0.05193255871970982
G84,G39,0.05190540599368368
G130,G302,0.051739833357337665
G302,G120,0.05170806448256801
G331,G264,0.05164518478662787
G150,G196,0.051644265814855234
G253,G67,0.05160072224034179
G373,G335,0.051547930496525035
G102,G160,0.051382808403418884
G67,G330,0.05118044262420254
G212,G196,0.05098815739573154
G80,G256,0.05089240745189644
G196,G126,0.05087677338348537
G302,G179,0.05080722143101979
G54,G134,0.05079013495031654
G355,G75,0.050690097698136996
G150,G330,0.05067939304553151
G196,G169,0.05064372247278373
G144,G126,0.05061549575610316
G46,G123,0.050589664359650406
G253,G71,0.05056094679467432
G144,G390,0.05055891011908192
G398,G153,0.05051028325371086
G262,G302,0.050240362436369736
G238,G343,0.0502048010446465
G67,G41,0.05014937390869148
G1,G0,0.050144567803698845
G196,G167,0.04985994482943773
G41,G167,0.049848203748101894
G80,G135,0.049584245075618816
G243,G342,0.04943248646057366
G150,G195,0.049419818748075044
G150,G1,0.04933473296929588
G80,G178,0.049326324201170516
G359,G219,0.04931158497862853
G391,G156,0.049310320576268704
G212,G274,0.049230767832210656
G1,G4,0.049128350194690085
G398,G299,0.04909017872712594
G41,G55,0.04899700289459115
G253,G212,0.04894630533419986
G212,G109,0.048813830673605285
G398,G92,0.04876681636503721
G47,G349,0.04858124973113093
G262,G170,0.048570755555711755
G115,G116,0.048564388695285
G150,G84,0.04850951403859649
G373,G341,0.048384859660877466
G398,G236,0.04837699827875203
G84,G192,0.04836619307078374
G144,G352,0.04834115539125616
G54,G109,0.04828657701845561
G253,G246,0.04827817493614836
G67,G336,0.04823565253940165
G144,G277,0.048150920447459195
G395,G276,0.04802347075357603
G395,G107,0.047963099820294744
G180,G331,0.0479277960381553
G84,G81,0.04792051591196796
G243,G296,0.04788740517522988
G238,G145,0.04767289870959815
G30,G99,0.04764992468219736
G382,G398,0.04753622783555275
G302,G169,0.04751253650931492
G373,G73,0.04749934356586272
G212,G302,0.047323629725895114
G196,G297,0.047297861811762196
G69,G150,0.04721341239185174
G69,G199,0.04703684491340267
G382,G75,0.04703352551212184
G398,G47,0.04702187339875313
G393,G316,0.04698884345893302
G238,G244,0.046931207645190126
G84,G206,0.04690457407682662
G302,G199,0.04675900290060811
G123,G39,0.04671880679433997
G196,G335,0.046707215566304056
G302,G336,0.04669709557279614
G67,G376,0.04660297987547382
G373,G287,0.04655525158732643
G196,G168,0.04649996837527573
G144,G57,0.04638887295581351
G144,G373,0.04625027400257958
G246,G99,0.04615220552900565
G196,G47,0.04614680317131739
G69,G321,0.046003280674062105
G1,G2,0.045982296106710625
G123,G315,0.045972318522136194
G41,G26,0.04593571732030702
G243,G397,0.04589111476899413
G196,G75,0.04584596328049503
G19,G44,0.045748656714548766
G253,G397,0.04567554121732535
G395,G318,0.045642120859687885
G1,G3,0.04544097219572219
G238,G234,0.0453813044124097
G123,G165,0.04532977329102941
G196,G336,0.04531775948273045
G196,G278,0.04518454167493732
G331,G248,0.04515982713025108
G196,G315,0.04514894761756405
G391,G274,0.04505421919794482
G102,G82,0.04500051283199854
G47,G99,0.04496314056729259
G102,G121,0.04495545257349833
G80,G10,0.04486181101346069
G398,G391,0.04486169052376571
G54,G39,0.044859626613484804
G373,G331,0.04482445720707226
G102,G304,0.04481615689937392
G54,G169,0.0448078531291749
G123,G75,0.04470222078279211
G19,G106,0.04462208489992444
G373,G150,0.044589059209268006
G46,G218,0.04454048975172922
G238,G120,0.04444348796391137
G331,G75,0.044409257803816715
G253,G138,0.044352927373922296
G253,G204,0.04434648139144243
G243,G315,0.04432926448461192
G54,G242,0.04414667668986019
G115,G123,0.044052025102798195
G196,G179,0.04393230301788548
G30,G322,0.0438798500521759
G46,G112,0.04383130167714001
G123,G47,0.04377584156407839
G130,G64,0.04376024598663278
G144,G229,0.04371265718309618
G302,G335,0.04369658610577079
G170,G261,0.04363781958980359
G391,G30,0.0436147878524728
G67,G198,0.043606001735613936
G238,G198,0.043582151151589865
G47,G253,0.04357214996635701
G302,G238,0.04352363680462154
G391,G210,0.04351631307878736
G180,G196,0.043509214066697124
G30,G108,0.043484861715800203
G54,G156,0.043328206375042144
G238,G295,0.04331090467337076
G170,G149,0.04320640768180065
G67,G335,0.04310876547478876
G238,G161,0.04308606425310681
G67,G39,0.043068939508096926
G302,G300,0.043054715502518576
G41,G277,0.04300189093202532
G253,G242,0.04299487590546336
G331,G225,0.04293582308229138
G238,G369,0.042895205123397714
G243,G204,0.0427651964949385
G84,G209,0.04268301125737557
G246,G349,0.04256094903004998
G41,G218,0.042476320596170763
G246,G321,0.042184893225778744
G1,G5,0.04209502693153685
G212,G372,0.04203814162677175
G54,G315,0.04194006253865919
G246,G126,0.041935227018693344
G84,G41,0.04189542999238546
G47,G167,0.04189152437691551
G46,G24,0.041870621575013076
G302,G315,0.04186812643207499
G67,G179,0.04185998914360364
G102,G364,0.04173544865404265
G393,G102,0.041536668789132467
G150,G109,0.041459490966396145
G54,G312,0.04141549466629768
G67,G372,0.041361082779752534
G144,G196,0.04129460522857481
G150,G199,0.041213385997156876
G150,G198,0.04116174816896759
G67,G204,0.041083602595102575
G46,G324,0.0410462224508915
G355,G382,0.04098542561610047
G84,G256,0.04096161230199992
G144,G342,0.040931194079605576
G69,G276,0.040873112199025924
G115,G52,0.04081062002676655
G46,G169,0.040805116593113255
G150,G334,0.04068952643300672
G47,G390,0.040667259300376735
G30,G48,0.04060585529346446
G46,G317,0.04047997487133699
G196,G300,0.04047756560440044
G302,G145,0.040473248425646674
G331,G369,0.040449443445477434
G54,G331,0.04043081197712642
G196,G234,0.04037630788706553
G373,G218,0.04036529886130408
G262,G241,0.04035173146226901
G102,G310,0.04034611862711153
G212,G341,0.04031165243850868
G196,G293,0.040225235033292756
G373,G103,0.040215482051796425
G277,G332,0.0401957711124078
G246,G315,0.04018974118501556
G150,G335,0.04018813972488561
G238,G118,0.04012524473164997
G373,G306,0.04011323666652411
G302,G47,0.04008884273274964
G69,G102,0.040082421101726454
G238,G114,0.04000637374892099
G243,G276,0.04000239345648382
G180,G262,0.03999557481003091
G246,G79,0.03991068047654717
G80,G47,0.03983268515061033
G41,G145,0.039776130082071315
G238,G273,0.0397514114214325
G262,G226,0.03970935577513765
G212,G335,0.03968588714936988
G115,G29,0.03966444765574448
G393,G84,0.03960680246668451
G253,G92,0.03957438612604469
G277,G253,0.03947720228226834
G243,G75,0.03940548225954645
G395,G199,0.03937826773397672
G393,G183,0.039373912535423626
G180,G397,0.039349083972846276
G19,G15,0.039305046594618774
G212,G336,0.03928648209398125
G84,G157,0.039193061708316934
G277,G372,0.039162648098683195
G46,G118,0.038893480479899156
G373,G165,0.03887254039015153
G246,G228,0.03883947070485999
G54,G126,0.03881363176023181
G46,G253,0.03877536084395618
G47,G340,0.038774016333777084
G30,G159,0.038715561764601836
G80,G391,0.038689180309393875
G246,G165,0.03868116313443526
G277,G361,0.0386586901685452
G382,G84,0.03863635530521177
G391,G150,0.03862797905861116
G243,G211,0.038602346213351214
G123,G133,0.03858238389306312
G398,G253,0.03854677692049838
G30,G209,0.038544431353499456
G47,G87,0.03851323918019242
G150,G331,0.03850254975401429
G382,G390,0.038494456100786736
G246,G149,0.03845341959816638
G395,G378,0.038381148901964826
G196,G211,0.03835337767194516
G196,G83,0.03833010984190037
G80,G219,0.038319821317041675
G212,G165,0.03817981641500742
G69,G57,0.03812378806065406
G54,G67,0.03809838576890555
G46,G153,0.0380847799639132
G359,G183,0.038083614499691915
G19,G212,0.0380828724538894
G212,G79,0.038054150778934856
G47,G114,0.03802202908358546
G115,G57,0.03801347311628095
G47,G339,0.03798737039435621
G46,G39,0.03795725457093936
G238,G253,0.037934168672644666
G47,G331,0.03786176656870746
G331,G198,0.03785161282026456
G373,G169,0.0378050742753154
G67,G57,0.03777198495707372
G180,G126,0.03774524697417692
G123,G183,0.03772348342953668
G54,G340,0.03766525104971648
G398,G328,0.03751792526577103
G253,G273,0.03742433689071717
G302,G301,0.03735598699757296
G302,G168,0.03734835243971743
G243,G321,0.037306806767924736
G238,G316,0.03727329916709335
G359,G253,0.03726771997672311
G238,G249,0.03714377888265648
G253,G384,0.03713392553355169
G355,G210,0.037072820856045005
G302,G144,0.03705047087035751
G212,G192,0.03704800975880046
G382,G198,0.03703448344331825
G253,G312,0.03699002826434539
G30,G23,0.03698439592440613
G150,G202,0.03697775705959039
G80,G158,0.03692690658646209
G67,G169,0.03689231711269325
G69,G204,0.03687073716161024
G373,G168,0.03685691436100763
G180,G342,0.03681192697480692
G393,G331,0.036799270387652405
G84,G102,0.03679574261714133
G150,G218,0.03672337277543308
G123,G84,0.03672282231711037
G67,G308,0.0366744521190015
G54,G99,0.03664607747909131
G398,G146,0.036602084354395735
G243,G391,0.03657172103560945
G212,G376,0.03649320383224408
G262,G102,0.03642838477484274
G302,G165,0.036381120141935536
G54,G168,0.036376415488993646
G54,G198,0.036332890506886414
G41,G69,0.036315371947267444
G41,G340,0.03630527152357685
G123,G67,0.03630288066370309
G47,G92,0.03629171643987364
G243,G126,0.03625547257329774
G67,G165,0.03620111539351831
G331,G4,0.03619034296680552
G144,G363,0.03613374720612644
G84,G237,0.036071054434871595
G80,G105,0.03605536153948882
G84,G382,0.03602966582961285
G398,G43,0.03602176402183299
G47,G168,0.03594559853687697
G373,G352,0.035929319416432876
G196,G140,0.03578485683948594
G144,G48,0.03576842150509868
G393,G198,0.03573653833554903
G123,G126,0.03569993974608161
G144,G340,0.03569890506979623
G130,G256,0.03566886426115039
G67,G181,0.03565352432671884
G47,G196,0.03565288126403973
G46,G198,0.0356380399102218
G331,G39,0.03563640267517368
G302,G299,0.035615320921760285
G395,G198,0.03556327797480314
G80,G299,0.03553519794786886
G46,G283,0.035516763112788174
G243,G198,0.035511218822364195
G47,G398,0.03541658347971832
G180,G296,0.035409241904599646
G373,G324,0.03537021047092956
G331,G376,0.03535739668263885
G253,G7,0.03532350434442025
G243,G277,0.03524818271134124
G391,G41,0.035225354566146685
G246,G267,0.03515607950422042
G212,G179,0.0350839561812363
G253,G126,0.035018281256750244
G359,G75,0.03494302581651745
G331,G335,0.034920008921734275
G238,G72,0.03491230427753848
G331,G389,0.034888892703052586
G80,G84,0.034816121544174364
G393,G199,0.03467319958380549
G238,G338,0.0346554598019278
G69,G126,0.03460843837294797
G19,G246,0.03457416189024641
G46,G48,0.03454661399812958
G238,G186,0.03452164820934119
G246,G204,0.03452027214500841
G373,G312,0.034485513765568826
G393,G212,0.03442423977377855
G277,G259,0.034388659066261235
G246,G259,0.034351919864547026
G41,G360,0.03433309899586033
G196,G341,0.0343266913348764
G212,G211,0.03432358379174896
G302,G267,0.03429312566329626
G144,G158,0.03422245182707016
G19,G65,0.034115442701373275
G246,G156,0.03408321719520144
G395,G331,0.03407365678039592
G398,G312,0.03407280011873294
G144,G131,0.03406693869418298
G331,G336,0.03406258828087236
G130,G136,0.03397369373649209
G262,G41,0.03396389921650425
G238,G155,0.03394111889980295
G123,G353,0.03392497740403286
G115,G208,0.03392385766529192
G395,G204,0.03391236312209813
G391,G126,0.03389477234976111
G359,G382,0.033871297417934605
G144,G330,0.0338639947375953
G196,G324,0.033852357420656315
G102,G196,0.03378383808967421
G19,G84,0.03375325899921862
G196,G144,0.03374347800997182
G47,G161,0.03371212189975806
G277,G126,0.03370802446234658
G80,G183,0.03367786691354979
G67,G56,0.03367282355643531
G54,G300,0.03361055309735855
G84,G395,0.0336090710600364
G54,G145,0.03358663034766639
G150,G169,0.033543474564553255
G46,G334,0.03351651393570232
G373,G196,0.03350707069213718
G41,G138,0.0335042916725857
G302,G334,0.03346846263106809
G302,G297,0.033446332510421284
G382,G375,0.03343846676170782
G398,G196,0.03341877031835369
G302,G211,0.03339842967062415
G393,G169,0.03339030449652777
G69,G344,0.033387608378118175
G46,G315,0.03333939450848013
G46,G305,0.0333375613175158
G393,G253,0.03332451715336919
G130,G39,0.03332378874721807
G41,G47,0.033310218609580375
G355,G397,0.03326860207126781
G253,G341,0.03319596813917067
G102,G41,0.033142717253494186
G144,G109,0.03298486356172953
G277,G312,0.03295983213339934
G302,G39,0.0327928533134591
G373,G84,0.032751731386237354
G246,G41,0.03274966946337486
G212,G288,0.03272563318550351
G67,G45,0.032693115021383154
G47,G18,0.03266846030628688
G331,G131,0.03263181224502054
G123,G340,0.03262550588322331
G150,G373,0.03261549214626788
G246,G168,0.03259464389295327
G243,G310,0.03253891635971271
G170,G228,0.03250007949769408
G80,G154,0.03245342738164367
G54,G218,0.032435525549703276
G253,G75,0.03232072960658597
G84,G62,0.0323148707889068
G382,G213,0.03231360572051411
G302,G114,0.03220397801086028
G47,G299,0.032164641370250796
G150,G338,0.032160940305891034
G102,G287,0.03211194889050473
G253,G129,0.032108694002719707
G54,G336,0.032068250072955246
G393,G109,0.03205221478031095
G382,G27,0.03203325517188625
G262,G244,0.03199009085227743
G243,G39,0.03193375234718166
G80,G385,0.0319164469442583
G212,G312,0.03191272819623331
G46,G104,0.03187335187181717
G253,G57,0.0318448097678844
G54,G92,0.03182831771332402
G243,G142,0.031820773709214795
G150,G145,0.03181740800784802
G382,G155,0.031776236788935465
G393,G262,0.03175084088122615
G277,G67,0.03171705952813242
G373,G112,0.0316970834706399
G262,G221,0.0316845271173401
G253,G356,0.031619734021980664
G355,G97,0.0315891798619032
G398,G204,0.031588384400927566
G196,G308,0.03158505033223985
G41,G237,0.031567285340329224
G262,G97,0.03152995817544743
G331,G126,0.031455603606447974
G212,G168,0.0314326714040159
G46,G120,0.031420668191902035
G47,G67,0.03139412569415481
G150,G300,0.031383395962441996
G80,G48,0.031374575258526785
G180,G240,0.03136916404752813
G196,G53,0.031348526067372096
G46,G211,0.03133339201138423
G246,G196,0.031320750651784635
G253,G364,0.0313181440315102
G123,G317,0.03131695626593353
G115,G39,0.031292321448592925
G123,G66,0.031229136217716003
G46,G364,0.03120563783959754
G246,G54,0.03117063182562059
G212,G315,0.031164500040808868
G123,G114,0.031133506841740544
G302,G331,0.03109613691329409
G382,G219,0.031078369701092276
G212,G39,0.031059582363886895
G41,G278,0.03101308667586697
G115,G331,0.031003806941922032
G398,G126,0.031002238211957495
G246,G169,0.030982947394492283
G331,G12,0.030972957458634258
G212,G330,0.03097179059807889
G212,G71,0.030945361827301593
G238,G80,0.030922444259173676
G302,G156,0.030905257787710888
G359,G41,0.030810088882117677
G54,G211,0.030808395129380356
G382,G315,0.03079144353174189
G130,G278,0.030778927886265156
G47,G113,0.030766107318335303
G80,G397,0.030764604253679932
G398,G87,0.030718074730308548
G246,G278,0.030693577762454183
G46,G358,0.03066426187937266
G395,G16,0.030659960902811527
G1,G312,0.030636474108508963
G30,G235,0.03062258590582937
G246,G53,0.03061954344368692
G69,G75,0.0306173796419755
G212,G54,0.030533400014007214
G144,G92,0.030481983490785097
G67,G130,0.03047705200036291
G30,G259,0.03046894453936852
G302,G338,0.030403757090606248
G123,G142,0.030403445322062406
G391,G221,0.030389806457253532
G19,G253,0.03038757434644388
G19,G315,0.030371906161482776
G130,G315,0.03036279708848391
G102,G120,0.030360208428653945
G238,G373,0.030353493958142894
G144,G190,0.030267559394426935
G46,G336,0.030252563408019323
G102,G307,0.030165263449439247
G80,G331,0.030165106612301554
G102,G52,0.03014342152395852
G212,G300,0.03011542825789959
G196,G221,0.030113889977177143
G391,G3,0.03008077223194419
G355,G145,0.030058193529393193
G47,G179,0.030037439574240002
G212,G379,0.029981715501803553
G243,G273,0.029976659328572644
G130,G135,0.029947624156996464
G47,G259,0.02993481998519809
G277,G390,0.02991847976849496
G46,G287,0.02988255870273926
G54,G204,0.029861456527356833
G243,G336,0.029854527458418996
G238,G380,0.029853384532439325
G80,G98,0.02981661308026966
G253,G179,0.02977935943961163
G69,G374,0.029776076891867675
G243,G41,0.02976522651708164
G355,G312,0.029714310146463516
G331,G167,0.029686000645017696
G262,G180,0.029672329933314492
G355,G217,0.029638345832474527
G196,G193,0.02958821274376934
G130,G196,0.029578631701661792
G355,G120,0.029558139483612966
G47,G304,0.02954254659480493
G302,G212,0.02954254120601843
G123,G260,0.02953227846958434
G80,G119,0.029519034642356445
G395,G84,0.02949648391464533
G54,G62,0.029485882410281473
G238,G214,0.029475250770389327
G115,G84,0.029435509629284956
G30,G149,0.029409437710968656
G123,G336,0.029398017201943086
G382,G156,0.029395183945465128
G80,G175,0.029367088690327968
G102,G231,0.029325493324930754
G84,G280,0.029319251309465916
G150,G238,0.02926585419649591
G1,G115,0.029256538764335357
G395,G206,0.029255656464168556
G253,G84,0.029079787630653248
G41,G338,0.029040045008991128
G238,G278,0.029034532199724628
G302,G241,0.02902185792321829
G84,G299,0.029000908364644307
G302,G278,0.028892565879836213
G180,G41,0.028873434614148895
G19,G270,0.028845278164746347
G47,G315,0.02882150797374948
G196,G325,0.028799094824818527
G144,G165,0.028795710870277297
G373,G164,0.028746635927753304
G54,G284,0.028743769150911286
G262,G283,0.028741723056121007
G196,G286,0.02870354687656362
G253,G382,0.028698920784716933
G277,G329,0.02869160739205548
G246,G225,0.028689332118563615
G123,G158,0.028681456078673145
G331,G349,0.028669865351422574
G212,G42,0.028631811780480895
G1,G9,0.028617715384011283
G80,G142,0.02860929135774761
G238,G336,0.028599261311298974
G212,G271,0.028529872942054488
G67,G129,0.028514097850850212
G130,G61,0.02850334306453145
G382,G109,0.02849956716170185
G238,G334,0.028472466847645872
G373,G156,0.02845399909237578
G180,G321,0.028451879112681863
G1,G65,0.028430837349693313
G196,G156,0.0284178313665365
G253,G284,0.028401098527281038
G243,G280,0.028351789399655315
G238,G246,0.028321191757148836
G123,G53,0.028309307807369954
G180,G186,0.028232097976008303
G373,G54,0.028216816292869068
G180,G84,0.02821300450550755
G331,G65,0.02820689937614737
G19,G110,0.028197248981877643
G41,G153,0.02818197326185165
G391,G102,0.02815777802032226
G277,G144,0.02807393406137501
G144,G67,0.028023599854186898
G69,G364,0.02800042562115461
G398,G215,0.027962828721174678
G243,G312,0.0279478627411147
G238,G92,0.02794663420923962
G243,G331,0.027942023563439028
G54,G212,0.02794155709859318
G331,G150,0.027940260201242434
G115,G322,0.027938369078048093
G30,G82,0.027926793554612514
G19,G35,0.02792625895937966
G253,G283,0.027920053641650164
G393,G317,0.027919935994673795
G41,G334,0.02789676335154115
G398,G192,0.027861118535330312
G144,G10,0.02785383474861644
G144,G138,0.027834954372821658
G246,G322,0.02777006755904416
G212,G138,0.027766513077570554
G277,G41,0.02775783967558884
G67,G349,0.02774347524026502
G69,G397,0.027734320949556746
G196,G92,0.027727822370291366
G54,G142,0.02772002729210838
G238,G229,0.027655357759475724
G123,G91,0.027619593521633345
G246,G212,0.027617676941301156
G47,G41,0.027608834715218494
G67,G250,0.027602624050202557
G30,G36,0.02753084291361169
G180,G388,0.027527407810270306
G144,G273,0.027509064394620586
G130,G262,0.02749931199492897
G84,G200,0.027492813402194522
G382,G2,0.02746495506753745
G123,G63,0.027453779981433113
G373,G338,0.02742042519184154
G196,G260,0.02740766479104413
G54,G112,0.027397618370427784
G277,G179,0.02738453137703714
G253,G300,0.027342689395509656
G262,G253,0.027287631270730056
G382,G126,0.0272511368497817
G130,G41,0.027226249602273975
G130,G168,0.027222028077885957
G46,G204,0.027221004015284697
G80,G312,0.027215920539950395
G54,G179,0.027208213893533756
G170,G44,0.02720110353622372
G170,G235,0.02718131996443157
G144,G302,0.027175967140170648
G253,G86,0.02717589232860762
G46,G138,0.027175119128007963
G196,G86,0.02717223117640294
G253,G267,0.02715723200414799
G212,G67,0.027151341414358765
G54,G267,0.027114255709869195
G331,G148,0.027103517832666013
G262,G106,0.027100879303478043
G144,G47,0.027076207668549457
G246,G335,0.0270668930960484
G1,G391,0.02702515334140951
G277,G92,0.0270203228929988
G212,G324,0.0269994688354826
G47,G128,0.02698069377664139
G41,G87,0.026963337075703253
G277,G297,0.02695296163482233
G123,G375,0.026927503992093448
G47,G59,0.026903776076640323
G395,G344,0.026894863054518173
G69,G210,0.02688974444446529
G144,G334,0.026822220728375895
G253,G94,0.02677992340183639
G150,G112,0.02677644309827515
G196,G330,0.02676013588207868
G391,G331,0.02673601346158848
G47,G131,0.026723457825943667
G212,G349,0.02672118808440152
G54,G349,0.026678699237301137
G130,G316,0.026672614316150367
G170,G71,0.026648495201612932
G102,G344,0.026628498618565963
G243,G307,0.02660478488968554
G67,G317,0.026598875782650966
G41,G253,0.026596027756697282
G47,G268,0.026595159301171366
G262,G382,0.026584771055845106
G355,G344,0.02654539654901527
G398,G165,0.026528476724996294
G130,G86,0.026477996241264665
G331,G204,0.026452739991024876
G30,G52,0.026414697669110428
G331,G169,0.026399022320637816
G238,G39,0.026357310430209405
G1,G232,0.026354351565146206
G180,G332,0.02632957499377782
G19,G168,0.026308325715779936
G46,G335,0.026273968848663495
G150,G364,0.026251404101495762
G382,G204,0.0262150226760499
G47,G312,0.026190256335521675
G382,G235,0.026160810986877933
G391,G349,0.026120702820535108
G246,G336,0.02610848452057224
G398,G362,0.026089979123790366
G238,G48,0.026035897428373755
G69,G46,0.026022062909001734
G41,G158,0.026016525802363452
G395,G165,0.026002869390005713
G180,G110,0.02595048618194264
G54,G298,0.025902764145500086
G130,G336,0.02590088136941586
G331,G234,0.02583670825401993
G170,G248,0.025831629619529627
G253,G349,0.025795082503903305
G196,G180,0.02576356364460891
G331,G156,0.02575781616102521
G393,G336,0.025716269867234
G238,G76,0.02571092198963891
G123,G131,0.025696875759460946
G277,G204,0.025646715011596294
G395,G374,0.025638130616391086
G212,G308,0.025624702118378223
G331,G165,0.025617023590817578
G46,G165,0.02561074929009674
G196,G147,0.025595548496183423
G262,G138,0.02559222071076976
G130,G67,0.025586351351215952
G123,G100,0.025573827842166594
G150,G278,0.025569847214196806
G41,G376,0.02556663464017525
G196,G385,0.02556519674743954
G243,G156,0.025564431323885417
G238,G297,0.02554853135885772
G382,G92,0.025537495897879722
G47,G89,0.025459730098143965
G54,G187,0.025454823471086727
G196,G348,0.02544122032145047
G395,G175,0.025410011276878565
G373,G91,0.025407337865452573
G253,G292,0.025280185354063955
G302,G364,0.02527045979336709
G46,G66,0.025258796753971385
G398,G48,0.02525663146839712
G170,G365,0.025232922057498525
G41,G92,0.025229675468768697
G54,G115,0.025218483657448422
G180,G47,0.025210236484202342
G373,G228,0.025186500478708573
G243,G187,0.02517411081760216
G391,G260,0.02516722513038942
G84,G19,0.02516536563007085
G238,G46,0.025138100719404866
G253,G338,0.02511296450073608
G277,G223,0.0250966837167641
G212,G373,0.025076244927014046
G150,G120,0.0250720008381827
G19,G99,0.025059607831467844
G30,G39,0.02500439279166589
G30,G227,0.02498610638392977
G30,G120,0.02497877984541542
G243,G169,0.024968307547180463
G243,G377,0.02493631119114336
G277,G151,0.02493045766514038
G253,G206,0.024908142486639848
G180,G69,0.02489676605000779
G253,G316,0.024849346163608066
G302,G373,0.024833619511732546
G373,G334,0.024807411160145315
G41,G258,0.024749932319181156
G253,G132,0.024744983132210074
G46,G338,0.024727108363383765
G246,G185,0.024659857668994895
G398,G198,0.02459141162367459
G144,G114,0.024576965323301225
G277,G71,0.024572953374657314
G277,G206,0.024570406658384655
G262,G199,0.024564723547088357
G382,G312,0.024546856619927546
G359,G54,0.024543254642512388
G54,G201,0.024518496036542915
G238,G288,0.02448049643754477
G1,G18,0.024451208158793123
G180,G258,0.024431383469888213
G398,G390,0.024419586298379273
G30,G175,0.024400425341885933
G355,G347,0.024393474286954344
G123,G132,0.024359235506971527
G302,G57,0.02435819269460729
G277,G198,0.02435619731316624
G47,G211,0.02433146274682514
G84,G198,0.024311215789981244
G391,G204,0.024307103367656596
G196,G317,0.024286214718266946
G395,G321,0.0242791838848858
G80,G388,0.02427180061044739
G19,G192,0.024249480341087697
G253,G249,0.02423850055742499
G123,G5,0.024197958164451708
G246,G297,0.024192277427026204
G355,G110,0.024170053371957916
G196,G228,0.0241575371662672
G123,G331,0.024150162659558314
G212,G304,0.024133449045726355
G212,G41,0.024117490245635573
G123,G86,0.02410510185546806
G246,G159,0.024099891778508884
G115,G22,0.024086990269561924
G69,G48,0.024085203903947153
G41,G126,0.024072921201670844
G19,G38,0.02407076478120551
G47,G335,0.02406801223955639
G130,G198,0.024064180610562605
G47,G145,0.024057813142202622
G246,G179,0.024053594062491468
G391,G399,0.02402714596860657
G302,G324,0.024023466617382666
G238,G169,0.024011547358652366
G238,G150,0.02401020501301039
G19,G336,0.023965226931412592
G1,G58,0.023960223385976007
G30,G14,0.023933044948595786
G170,G239,0.02392638634896223
G243,G91,0.023909055948715174
G67,G228,0.023900869074425624
G19,G302,0.02387952145143679
G373,G245,0.023841562897762666
G47,G39,0.023819355779529094
G115,G285,0.02381583978263558
G80,G218,0.023807718599893217
G180,G71,0.023800970901479417
G67,G388,0.023797657464717514
G80,G346,0.023774416381741627
G19,G210,0.02373730556709653
G144,G133,0.023734291789590856
G331,G296,0.023717392934045137
G47,G156,0.02370183220058683
G30,G0,0.02365765422495783
G382,G28,0.02364283419495035
G19,G268,0.02363543341661624
G30,G2,0.023619573476850036
G196,G353,0.0236174500450389
G246,G42,0.023616601508354748
G359,G96,0.023571509347446482
G253,G353,0.023560201797984598
G243,G132,0.023526951775765748
G331,G13,0.02350445695292064
G253,G62,0.02349353298268353
G47,G336,0.023454395267614253
G277,G87,0.023433794937436303
G373,G271,0.02342094081481269
G150,G306,0.02341897674186358
G243,G356,0.02340475868604045
G144,G218,0.023394907586750086
G54,G225,0.023346032768301106
G54,G385,0.02334139938556265
G80,G292,0.023337581356349328
G238,G342,0.023336913789860955
G102,G302,0.023331861481697663
G80,G54,0.023326415193733296
G84,G188,0.023316629000812696
G246,G132,0.023315391803679544
G331,G112,0.023292438256786147
G46,G343,0.02326196759533654
G47,G372,0.02326006717509045
G382,G359,0.023250963654603246
G123,G129,0.023209186003209148
G180,G304,0.02320268691624569
G67,G277,0.023194592245205287
G144,G223,0.023185435485315098
G212,G393,0.02315665057807105
G30,G375,0.023147299320491914
G30,G223,0.023110726282130806
G123,G321,0.02310612336350837
G391,G108,0.023104451891432794
G150,G144,0.023070280339224203
G243,G382,0.023062058513263105
G47,G302,0.023056836025194608
G115,G76,0.02303451840885999
G246,G211,0.023031163952528966
G243,G77,0.023012738363616607
G196,G155,0.02299030481305593
G84,G109,0.022986770769034715
G19,G376,0.022986214581350778
G246,G144,0.02295008277615035
G398,G357,0.0229433083899274
G41,G14,0.022939181410294225
G150,G279,0.022929123236266974
G196,G299,0.022920151185793713
G243,G353,0.02290787813278676
G395,G108,0.022896182687427782
G243,G258,0.022875897771255094
G54,G234,0.022850422888212693
G1,G88,0.022846806506929523
G243,G67,0.02281595959947722
G30,G185,0.022813821712804373
G355,G363,0.022804873438035868
G355,G331,0.022783021057856335
G246,G294,0.022781273828066634
G84,G308,0.022766012912557837
G246,G66,0.022711740691047005
G373,G145,0.022704834125101825
G54,G334,0.02269911534691943
G150,G398,0.02269572529018317
G246,G324,0.022682859332274624
G180,G376,0.022662294714300216
G19,G54,0.02265412302047358
G41,G86,0.02265179876346879
G123,G92,0.022588560899899177
G46,G69,0.022562480323926173
G331,G99,0.022525686332542566
G382,G199,0.022501357610564224
G253,G188,0.02249577348179499
G115,G145,0.022487810478343154
G102,G48,0.02247922030316296
G180,G131,0.0224741260584565
G253,G369,0.022471193768977243
G80,G238,0.022463977248657785
G47,G246,0.02246306692424975
G30,G19,0.022458543381651392
G115,G43,0.02245795829342938
G355,G336,0.022442916316968264
G69,G388,0.022426700143050662
G212,G278,0.022420575006791343
G262,G85,0.0224003027385332
G19,G391,0.022359378440277206
G180,G158,0.02235362244129961
G373,G67,0.022347295273285883
G54,G173,0.02233716859378493
G277,G336,0.022336642834014486
G130,G184,0.022325246753833804
G41,G135,0.022309788453731993
G395,G218,0.02230387044182465
G80,G396,0.022278616910469812
G382,G169,0.02224072898139194
G246,G341,0.022233650852795495
G84,G22,0.022233289246794657
G115,G92,0.02220731921552728
G123,G308,0.022185298263727962
G355,G365,0.02214897994250522
G54,G199,0.02214320453446103
G102,G104,0.022136818656657745
G395,G287,0.022136794152872057
G115,G299,0.022129925687760017
G253,G303,0.02212009144720517
G302,G317,0.02211667859852326
G331,G330,0.022111980858778163
G246,G136,0.022111319555408376
G391,G161,0.022083713364156585
G277,G114,0.0220575889416465
G180,G290,0.022056059617970254
G302,G276,0.022046885939568883
G277,G169,0.02203195186600987
G243,G115,0.02202893492699402
G130,G154,0.02200722943741963
G84,G185,0.02198937016760513
G373,G179,0.021971171476674184
G359,G321,0.021961166059590278
G212,G20,0.02193339021845413
G302,G398,0.021915066631761876
G19,G245,0.021914630074844718
G150,G343,0.02189070701762208
G130,G335,0.021889538249306714
G196,G105,0.021883536975809442
G41,G223,0.021857962395352676
G246,G91,0.021832943404148902
G238,G258,0.02182765665399025
G355,G364,0.02181292848970695
G19,G169,0.02180413847954743
G302,G283,0.021803406562792116
G196,G352,0.021799950662468454
G373,G35,0.021793360414238683
G246,G330,0.021773929252834362
G69,G180,0.021769826827082936
G30,G297,0.021749055085489015
G41,G390,0.021731331288216943
G373,G53,0.021730298194457293
G253,G344,0.02169922924051787
G212,G76,0.021694544343259625
G19,G67,0.021694525445848593
G80,G340,0.02168857775006211
G393,G211,0.02167262856664784
G243,G256,0.021664667197722098
G391,G67,0.021633534652951647
G277,G376,0.021625498290094053
G123,G349,0.02158894934375606
G46,G376,0.02158412192767646
G212,G86,0.02155347398294538
G69,G142,0.021536939240755573
G373,G317,0.021529711113410344
G238,G221,0.021523544279037493
G238,G217,0.021506979823309763
G115,G101,0.021491526865143856
G47,G257,0.021463824652345413
G123,G238,0.021460524060003136
G395,G158,0.021438412733081197
G180,G67,0.021438163793352026
G393,G299,0.021409283131586798
G170,G207,0.021407776202740144
G102,G69,0.021395016135722353
G196,G79,0.021353333254224532
G46,G341,0.0212885702561407
G212,G185,0.021268811992887326
G80,G199,0.02126388923265911
G398,G223,0.021263550970994194
G47,G139,0.021256137843511613
G262,G120,0.021233223265828882
G67,G278,0.021222907395754276
G130,G138,0.021209640726445614
G30,G221,0.02120958913043664
G262,G183,0.021171862409288048
G54,G226,0.021154252176773206
G102,G58,0.021154241783968138
G170,G329,0.02114386950267158
G80,G100,0.021138736272559987
G67,G353,0.021129097452348977
G382,G144,0.021125525358148795
G393,G218,0.021121615072482516
G54,G228,0.021120977920230488
G391,G207,0.021120535646076882
G331,G321,0.021119191940791926
G180,G142,0.02109204729650537
G170,G242,0.02107834386007997
G391,G336,0.021065448534884915
G262,G108,0.021054212094751605
G41,G336,0.02104729400464525
G373,G376,0.02102482289615168
G46,G312,0.021016846034616413
G170,G165,0.021006358566948637
G355,G57,0.02100058896299211
G277,G242,0.02097393137345735
G144,G276,0.02097070513770785
G170,G371,0.020957141807507268
G246,G242,0.020946757763281032
G331,G9,0.020946146553703672
G398,G298,0.020911961839505055
G41,G312,0.020911088320486243
G123,G41,0.020887759699913605
G382,G196,0.020880649418357933
G67,G275,0.020874590503519086
G46,G299,0.02083741845436113
G54,G246,0.020805350242267012
G196,G390,0.02079624429171467
G196,G340,0.020786360556669603
G41,G315,0.020781190327521876
G1,G378,0.0207352224514842
G102,G316,0.020733901584298317
G395,G6,0.020729582337379957
G243,G100,0.02072273384807679
G212,G220,0.020712783209207532
G123,G388,0.02068886944643597
G46,G144,0.02068625454466623
G253,G297,0.020683583533515015
G47,G288,0.020678384680638956
G302,G53,0.02067545340631452
G373,G242,0.02064553419138404
G41,G299,0.02063694366493564
G144,G246,0.020617152880965856
G382,G187,0.02060494909240402
G123,G144,0.02059805164331828
G67,G397,0.02057557952734268
G69,G353,0.020565860671724875
G180,G224,0.020541777630391812
G1,G372,0.0205394543855114
G47,G324,0.020519614193942604
G130,G75,0.020514889491291335
G102,G338,0.02050472565181556
G395,G66,0.020503605245395823
G115,G338,0.02046391012352158
G69,G123,0.020425868760711466
G102,G118,0.020422381805969017
G84,G331,0.02039612202624852
G331,G184,0.020385018706514796
G277,G228,0.020384154256996634
G359,G86,0.0203764448060554
G47,G82,0.020366038765811625
G46,G114,0.020356199452527465
G262,G341,0.020348127581263142
G30,G347,0.020337548327005926
G1,G335,0.020307085531917055
G123,G370,0.02029966053163941
G1,G22,0.02027192006590607
G47,G75,0.020270423047012126
G373,G280,0.02026783150946862
G238,G165,0.020241030895188417
G212,G369,0.02023058002643993
G382,G238,0.020210164146085452
G359,G138,0.020200125433797053
G30,G150,0.020195339172748315
G54,G196,0.020180109691514056
G238,G304,0.020174519801366336
G102,G192,0.020129757177205387
G395,G258,0.02012962196348185
G180,G256,0.020123704656820007
G393,G221,0.02011174783855693
G393,G284,0.02010926764855482
G238,G183,0.020099042226545336
G382,G67,0.020096222748434603
G69,G67,0.020084662866753047
G262,G198,0.020080478516203808
G395,G155,0.020075475092055213
G30,G311,0.020062338454736844
G47,G169,0.020054839895972565
G382,G150,0.02005287156884865
G331,G179,0.020051137148352105
G246,G334,0.020047942769226737
G277,G335,0.020023291504961793
G262,G212,0.02001721642659811
G393,G144,0.02001432134438927
G359,G364,0.019992655445181987
G30,G189,0.01998826114972737
G19,G211,0.01997884761602959
G243,G349,0.019962937597230293
G373,G57,0.019933064615550042
G19,G238,0.019931502057473016
G393,G334,0.0199284916499797
G170,G328,0.01992241702509785
G359,G386,0.01991009078471836
G47,G363,0.019908910323154103
G46,G126,0.019896799682172978
G69,G273,0.019890786450079675
G130,G144,0.01988122288105082
G373,G369,0.01986470285823866
G393,G353,0.01986327112429776
G123,G48,0.019856772343928686
G30,G393,0.019845794977255034
G398,G331,0.01984507390697081
G41,G144,0.019836573587611123
G47,G57,0.019826547261948185
G355,G221,0.019796593582461445
G123,G230,0.01979098968280546
G170,G87,0.019783630737525072
G196,G276,0.01976341925748326
G196,G102,0.019752929711339295
G1,G139,0.019687218403703494
G80,G147,0.019678909994243723
G393,G280,0.01967548978729179
G238,G69,0.01967183604428055
G1,G370,0.01965495409220766
G130,G299,0.019654824273080324
G1,G235,0.019653954489284267
G373,G212,0.0196405697592536
G302,G132,0.019640521801013333
G359,G221,0.019637019191248155
G373,G98,0.01959940096222676
G130,G280,0.019573038984775845
G46,G232,0.019571284056350818
G262,G80,0.01956721139475731
G19,G23,0.01956194032045217
G355,G386,0.019558182909801856
G54,G57,0.01952943613716432
G19,G111,0.019519653507882713
G46,G156,0.019509151670699693
G180,G311,0.01948968110703428
G30,G58,0.019482991546223113
G395,G85,0.019454747946924283
G180,G363,0.01943556678006557
G373,G77,0.019432980839462766
G19,G131,0.0194163471454898
G302,G129,0.019393932910934816
G395,G364,0.019361587654720645
G115,G41,0.01935637709251633
G212,G338,0.019355028893614873
G246,G376,0.019353027080504737
G47,G153,0.019347226296690848
G180,G57,0.019346410402286948
G67,G338,0.019345554957686292
G331,G278,0.019340489716213077
G46,G268,0.019338489881559513
G246,G47,0.019303194429695303
G115,G48,0.019289733117558973
G196,G100,0.019282960939932217
G196,G135,0.019278762021783413
G391,G31,0.019242331627599314
G373,G300,0.019234527616734554
G373,G308,0.019220247771774612
G180,G299,0.019215804241744336
G393,G357,0.01919698677658291
G80,G101,0.019188874051601593
G391,G327,0.0191816164579946
G391,G198,0.019178844233671874
G302,G289,0.019176132637598466
G47,G100,0.019172027067299438
G41,G229,0.019165007014457267
G391,G114,0.019143050200247258
G19,G112,0.01913561782027793
G30,G365,0.019133917431681306
G373,G123,0.019132003918728394
G47,G144,0.019111746526690024
G170,G379,0.01905945375896241
G47,G391,0.018996172571159528
G80,G75,0.018992510341861654
G67,G242,0.01898062536904116
G243,G232,0.01897372439177844
G393,G182,0.01896359391067344
G243,G199,0.018945712458494336
G398,G211,0.018945412947433224
G277,G127,0.01894179559410355
G331,G176,0.018940679152215478
G19,G198,0.018936452044051262
G69,G338,0.018928608170562355
G84,G352,0.018926816892642875
G19,G272,0.01890374749435732
G170,G24,0.018893893973150222
G243,G133,0.018891335092334517
G84,G357,0.01887820538804315
G69,G308,0.01885331941576998
G382,G179,0.018833305725586627
G395,G130,0.01883255857934562
G1,G136,0.01882984918297948
G84,G335,0.018801800588259962
G382,G210,0.01879715757783465
G395,G330,0.018781264709926887
G123,G210,0.018743199781277087
G302,G279,0.018742736549502842
G1,G253,0.018734783964620916
G359,G218,0.01873056093200546
G130,G330,0.01871186274529349
G46,G29,0.01869513769008599
G47,G278,0.01868283828343227
G80,G359,0.01867135007708652
G30,G301,0.018666420681541493
G238,G374,0.01865934971163563
G46,G164,0.0186475937564139
G395,G161,0.018616386231602985
G246,G316,0.018614510737885698
G1,G369,0.018609361386203154
G80,G34,0.01860874066592512
G393,G343,0.018581606930577636
G30,G378,0.018578435583864274
G19,G76,0.018568034486458947
G54,G165,0.018557847718858517
G262,G157,0.018557770503504337
G115,G304,0.0185466107976276
G262,G110,0.018544232152218294
G355,G47,0.018524465041618546
G170,G391,0.018511396174572325
G243,G306,0.01850902625416627
G246,G273,0.018482897793663966
G382,G343,0.018468154871462958
G170,G362,0.018456673395448195
G123,G290,0.018431885530130046
G243,G317,0.01843122020106317
G246,G114,0.018420819958683637
G373,G138,0.018404097930602603
G243,G179,0.018386930086000355
G277,G42,0.018374053178941654
G47,G158,0.018372469208106174
G46,G256,0.018360047320519227
G395,G397,0.01834598889398114
G46,G91,0.018341525140331785
G102,G251,0.018336881589531215
G398,G144,0.01831967802524634
G393,G256,0.018290103817339615
G69,G79,0.018275343144188452
G243,G144,0.018247472414716207
G302,G330,0.018225086515793076
G47,G280,0.018223092788044584
G180,G307,0.018216712317817185
G69,G221,0.01816156406263117
G180,G133,0.01815634730989197
G382,G320,0.01813782340613322
G19,G385,0.018124570305912975
G238,G50,0.018124238747886413
G123,G141,0.01811356835474652
G30,G253,0.01809671858017296
G382,G278,0.018086278198311267
G277,G315,0.018077483413992484
G243,G301,0.01804856372808801
G115,G355,0.018025083004145633
G238,G324,0.01800478057172876
G54,G280,0.01800249897704674
G373,G48,0.017987894773740187
G253,G118,0.01798379891729804
G130,G219,0.0179711134178608
G67,G133,0.017961978254731198
G47,G245,0.01795725898784653
G130,G221,0.017946314383640388
G54,G324,0.01791883346499286
G196,G71,0.01790925467881238
G395,G323,0.01790839467935272
G69,G92,0.017896503547908837
G391,G305,0.017894202456781055
G67,G69,0.01788187744917233
G212,G228,0.017866304956908885
G130,G124,0.017856001755205103
G150,G247,0.017852482216607513
G243,G165,0.01784781064449338
G359,G112,0.017834321335636324
G144,G372,0.01783385329325629
G47,G21,0.01781640616361487
G47,G256,0.017804118931481955
G80,G110,0.01780240015095491
G144,G8,0.017800781819518604
G302,G69,0.01779073541021642
G212,G126,0.017785971418243396
G19,G335,0.017784091834192224
G212,G150,0.01778053618408232
G130,G169,0.017749533767649164
G41,G291,0.017730635837525065
G170,G113,0.017729445471221003
G238,G102,0.017727360381546098
G398,G40,0.01772297307268564
G331,G143,0.017718533953177434
G302,G287,0.017704264793958036
G277,G86,0.0176916522751146
G54,G37,0.01764005684929776
G246,G352,0.017634940175248276
G395,G47,0.01762798920759493
G30,G115,0.017617996841843547
G41,G212,0.0176104900666091
G395,G310,0.01760322974766787
G46,G304,0.017602116316499924
G355,G247,0.01759544048937293
G246,G300,0.01757769004195317
G19,G144,0.017561199731052114
G80,G130,0.017545928978522106
G170,G397,0.01753544518238854
G46,G179,0.017534769415910964
G243,G237,0.01749164287712323
G150,G241,0.01748519726296774
G246,G258,0.017482044726049112
G302,G155,0.017463808405309644
G19,G325,0.01745951602064246
G391,G377,0.017441559596016558
G277,G165,0.01743870980543874
G102,G380,0.017422489124905988
G123,G168,0.017411956155158767
G19,G266,0.017397821873369225
G115,G164,0.017386186979385605
G115,G120,0.017378494304373118
G54,G65,0.017373227799261648
G246,G369,0.01736635996767369
G359,G196,0.01734147910832505
G130,G374,0.017340811938285558
G359,G168,0.017340721377058187
G130,G312,0.017339640144788983
G373,G199,0.017339580199603327
G262,G144,0.017338315422050846
G19,G81,0.01725965247274784
G246,G398,0.017249770245131968
G170,G69,0.017245097137117603
G47,G262,0.017239135534785857
G46,G155,0.01723621348252198
G1,G97,0.017233488242027976
G54,G278,0.017232901941072645
G262,G16,0.017225554760731735
G243,G324,0.01722502479314849
G355,G292,0.017224390274510216
G395,G343,0.017207668872389524
G54,G335,0.017185187091248305
G19,G77,0.01718312651199161
G393,G297,0.017151321164168967
G246,G145,0.017150423228246725
G46,G64,0.017142288592078114
G46,G278,0.01712431061732575
G30,G46,0.01712018479427131
G253,G130,0.017117750147729066
G1,G365,0.017107472381361916
G373,G52,0.017103990704282604
G302,G367,0.01710057071352898
G212,G204,0.017094484482043176
G238,G337,0.017093892966736062
G1,G126,0.017086473170708744
G46,G290,0.01708453887772527
G67,G300,0.01708397712256307
G102,G323,0.017060852533343343
G84,G294,0.017043907471022666
G382,G334,0.017042107688338817
G41,G63,0.01702778298653549
G395,G179,0.017022728814835277
G130,G334,0.017017501096417295
G355,G0,0.016974648294594868
G212,G167,0.016962417946131292
G19,G303,0.01694622006824472
G19,G128,0.016938394783718336
G243,G330,0.016927721654987772
G46,G241,0.01688301964862257
G123,G324,0.016852536367703036
G41,G281,0.016852261823935823
G398,G183,0.01683743364758175
G80,G78,0.016835909872658792
G355,G115,0.016831788010595386
G395,G123,0.016814981223019394
G150,G376,0.01680902857333358
G373,G229,0.016804661744177746
G262,G119,0.01679791407416506
G46,G369,0.016784281667013637
G373,G120,0.016779143498340462
G47,G141,0.016748570092678286
G395,G95,0.01673715438587358
G359,G190,0.016730394744655343
G196,G373,0.016718935446358385
G123,G79,0.01670786800727131
G19,G57,0.016705309484891115
G30,G390,0.01669939762122142
G373,G137,0.016691618054076037
G246,G76,0.016687729257348835
G277,G383,0.016685591963086763
G238,G315,0.016675746048662524
G395,G118,0.016672693261566347
G262,G335,0.016672618761431043
G46,G244,0.016658605596996445
G123,G258,0.016649959777892756
G243,G367,0.01662011463325903
G196,G208,0.016612816422464396
G84,G211,0.01660954923452712
G130,G5,0.0165899302574582
G67,G377,0.016584190627412496
G373,G119,0.016574303253828276
G130,G179,0.016573893819229024
G115,G162,0.016562574515236333
G19,G69,0.016560683221338593
G253,G79,0.016559932730506655
G130,G204,0.016545506231387452
G391,G92,0.016543508359745294
G212,G246,0.016540584580905238
G391,G165,0.01653853755867537
G373,G75,0.01653708716566056
G80,G332,0.016534569659286458
G302,G161,0.016498868924877258
G355,G374,0.016482983939301858
G1,G227,0.016482261308366237
G144,G316,0.016467591094443235
G115,G259,0.016457196071260942
G41,G204,0.01645168033571777
G196,G369,0.016442486332810757
G238,G141,0.01644079991028627
G382,G218,0.016439318382554136
G46,G301,0.0164224735467305
G170,G353,0.016407771231964588
G69,G52,0.016393602733350388
G30,G278,0.016384949907438464
G170,G174,0.016375854697048404
G277,G211,0.016374762025941403
G46,G42,0.01636416071146051
G54,G167,0.016345990343292205
G196,G57,0.016312731893434157
G395,G265,0.01630706284836243
G130,G92,0.016291685753588844
G391,G123,0.016286771424509412
G1,G329,0.01628001620376189
G196,G284,0.016246447221256233
G393,G133,0.016243940250081267
G67,G306,0.016239977955771173
G393,G391,0.016226297797347754
G331,G138,0.01622213460216901
G373,G211,0.016173485059963744
G1,G169,0.016170949796262497
G395,G327,0.016154522563011357
G212,G238,0.016138903157566248
G355,G398,0.0161340687545738
G238,G153,0.01613134074115566
G67,G206,0.01612294195386077
G1,G63,0.01611505366375245
G1,G204,0.016113863841359388
G382,G57,0.016110699530141562
G54,G86,0.016108790944629525
G19,G349,0.01610616806301482
G170,G324,0.016103702261057753
G253,G234,0.01609473300324757
G238,G262,0.016094654968391645
G277,G349,0.016092498655480653
G243,G335,0.016078665928806836
G1,G385,0.0160782114272246
G19,G314,0.01606706031143968
G196,G223,0.01605983168712749
G262,G165,0.016057862875405345
G243,G112,0.01603059120833255
G69,G366,0.016028427617469074
G130,G271,0.01601865385426831
G30,G398,0.016013807361335536
G46,G288,0.01601153128985372
G150,G69,0.01600521080002229
G54,G297,0.01599534669328613
G243,G299,0.015991288123345937
G67,G33,0.015990580521507133
G355,G379,0.015983862216596915
G302,G228,0.01598201747657929
G359,G62,0.015975249950154487
G243,G347,0.015963162422546962
G359,G324,0.015958984879182455
G84,G168,0.015957421679491532
G130,G125,0.015916895206695682
G180,G38,0.015903478562095237
G41,G130,0.015900527722037885
G123,G69,0.015900062406470516
G238,G41,0.01589289976375144
G243,G193,0.015844550555143853
G1,G144,0.015838540145779362
G54,G41,0.015784391292242593
G30,G233,0.01574663230763889
G102,G138,0.015741899816185498
G243,G396,0.01573498933907953
G398,G274,0.01571789539691315
G150,G47,0.015696335305175654
G238,G52,0.015686875811743675
G69,G283,0.015670509700697555
G69,G20,0.015660223626751242
G355,G289,0.01566021685492714
G243,G308,0.015646304564720576
G180,G120,0.015641677844349135
G395,G353,0.015632593350208245
G80,G377,0.015619400734412432
G130,G394,0.015618721746688307
G115,G180,0.015599949387069944
G80,G247,0.015577458593350819
G47,G121,0.015572715516000812
G180,G176,0.015570549452703772
G243,G240,0.015569145636267639
G262,G47,0.015556374567543496
G302,G296,0.015555027958712317
G243,G37,0.015554142444321649
G54,G308,0.015546959322045834
G355,G167,0.015538191873615645
G302,G229,0.015533542479301304
G67,G163,0.015494992008914549
G238,G250,0.01549260554165096
G180,G42,0.01548193647180271
G302,G204,0.015474041035708916
G196,G363,0.015470474052527106
G391,G315,0.01546277718503141
G331,G42,0.015459979945296354
G144,G237,0.01544837988629208
G395,G57,0.015442084520953983
G47,G218,0.015431458946905924
G54,G353,0.015429101653022984
G41,G39,0.015405036219383439
G80,G63,0.015400804218450751
G80,G306,0.015384871594209395
G393,G164,0.015382156724053124
G196,G259,0.015357645869259973
G30,G74,0.015350385759819687
G238,G138,0.015342523443233419
G243,G270,0.015341542410953198
G80,G241,0.015334283194811296
G243,G376,0.015334112635562745
G19,G52,0.015331126138512542
G212,G114,0.015325427106256923
G398,G335,0.015322374385068935
G30,G3,0.015315212198098047
G238,G394,0.015313743385811457
G238,G104,0.015311205224469215
G373,G111,0.015303506472840754
G30,G47,0.015288945085071727
G170,G204,0.015277351210370828
G373,G114,0.015264137782702386
G212,G218,0.015252462368020053
G382,G47,0.015251733175142931
G41,G364,0.015242332565864283
G395,G187,0.015225790353672351
G398,G359,0.015223144926739499
G1,G275,0.015211905584448309
G212,G92,0.01519533661669864
G398,G349,0.015169202901288786
G123,G397,0.01516173560540554
G54,G306,0.015158148245078468
G19,G58,0.015144403945148564
G359,G341,0.015143551425238225
G238,G149,0.015127752121498118
G144,G71,0.015126314162024396
G243,G79,0.015109874180305231
G238,G177,0.015105483686083915
G196,G87,0.015100231664182978
G170,G262,0.015098203281489399
G115,G391,0.015098140561452447
G144,G306,0.01509429305786028
G238,G378,0.015087476407611516
G30,G63,0.015074488532012199
G46,G177,0.01507357467500392
G1,G82,0.015070538782654016
G391,G42,0.015069296830514521
G359,G344,0.015068604325267555
G30,G258,0.015060333040629434
G180,G93,0.015056185016680587
G302,G387,0.01504538922731268
G69,G240,0.015039150467847637
G30,G277,0.015003419558378176
G130,G349,0.014979330001263641
G355,G69,0.014949559122234064
G355,G45,0.014948318656833853
G54,G338,0.014946435853113171
G262,G218,0.014936953299443376
G395,G133,0.014930585872218669
G47,G45,0.014928355850236372
G46,G316,0.01492751267322788
G277,G47,0.014926448648488175
G123,G223,0.014892043904765437
G102,G257,0.014891820944614179
G180,G190,0.014891752492133158
G393,G380,0.014884472399452023
G102,G265,0.014884406164395736
G212,G334,0.014874452447127345
G54,G330,0.014869552296069885
G359,G352,0.01485393538626728
G373,G160,0.014852310972781009
G393,G69,0.014843728437195454
G46,G119,0.014816331897351688
G277,G167,0.014801265232023297
G19,G390,0.01479836706588869
G123,G161,0.014798196813568046
G170,G4,0.01479649888490557
G1,G150,0.0147806370660543
G393,G335,0.014779487579840864
G115,G153,0.014778782560927677
G54,G210,0.014767150328380968
G395,G355,0.014758940918661964
G246,G230,0.014691082504204589
G80,G164,0.014669928074610095
G398,G19,0.014667814911901021
G1,G223,0.014665306734149546
G393,G58,0.014658790450465059
G243,G78,0.014658149426125554
G84,G98,0.014649004772830751
G180,G118,0.014611317009866596
G331,G334,0.014608831443111203
G373,G157,0.014607314193503036
G391,G194,0.01459859486078506
G1,G357,0.014582283382726333
G262,G338,0.014577389815713132
G47,G135,0.014573625858506148
G102,G379,0.014570253853879507
G355,G287,0.01456583422996685
G382,G97,0.014560982215518617
G262,G190,0.014557318334121772
G243,G275,0.014557240806958444
G302,G206,0.01455251291687805
G80,G62,0.014539451757218755
G1,G38,0.01452836971836511
G382,G225,0.014524283625500324
G196,G69,0.014521305152334546
G123,G155,0.014501469220135899
G238,G233,0.01448783194116189
G84,G369,0.014473957170198504
G47,G290,0.014424555930042007
G398,G308,0.014424423723741031
G359,G57,0.014417347208803687
G395,G114,0.014403757017073741
G398,G179,0.014388884545050426
G373,G76,0.014383744001869037
G359,G164,0.01438315677371483
G130,G324,0.014356708573556066
G243,G114,0.014337275537011522
G123,G167,0.01433053632643741
G355,G349,0.014325043764873938
G262,G84,0.014323325646569351
G102,G96,0.014318071087519646
G130,G338,0.014304840005975983
G67,G54,0.014304802766536534
G373,G86,0.014304419061147239
G46,G54,0.014303560708299287
G355,G99,0.014291044992038277
G170,G5,0.014278065034917516
G359,G266,0.014251304491441378
G69,G145,0.014234598664633807
G395,G377,0.014233200222918352
G359,G388,0.01423000875718419
G30,G257,0.014203271773021423
G238,G363,0.014200104684762339
G196,G219,0.014199406919010032
G19,G107,0.014194700346684144
G69,G270,0.01418849986411707
G180,G24,0.01418797898664418
G302,G118,0.014179598189543619
G69,G316,0.01417771740636374
G80,G140,0.014171737046086133
G212,G141,0.014170975246012532
G80,G151,0.014135850123778873
G355,G156,0.01413111910243494
G355,G276,0.014097177832737666
G69,G62,0.014091757053222548
G80,G304,0.014075455173041457
G331,G324,0.014071262203876084
G277,G294,0.014061226533597135
G243,G149,0.014044229761614211
G102,G238,0.014040440253838868
G69,G86,0.014036097261208871
G246,G201,0.014024693234510915
G262,G258,0.01400440137687857
G359,G241,0.014002657829875177
G123,G273,0.014001158213991297
G262,G256,0.013984046617265558
G373,G46,0.013963204332899118
G41,G374,0.013960406095026301
G246,G187,0.013954398950349528
G115,G89,0.013954320487725878
G41,G221,0.013950270822071356
G80,G191,0.013944767150236678
G212,G317,0.01394231837415505
G212,G390,0.013919436304387162
G253,G317,0.013917907866246942
G391,G91,0.013906211342631453
G1,G133,0.013900152958166493
G123,G276,0.013894806455712047
G54,G369,0.013877139717960951
G302,G223,0.01387490383363399
G54,G390,0.013864033756973274
G395,G41,0.01385495927924224
G196,G59,0.013843422358769605
G19,G297,0.01383267638225534
G47,G120,0.013815538041311082
G150,G242,0.013798833244554887
G69,G167,0.013792707918516237
G398,G75,0.013790803992098824
G84,G384,0.013788372960850698
G30,G170,0.013782556656270071
G238,G330,0.013773898803079887
G180,G206,0.013767710287891935
G253,G228,0.013746740094643772
G196,G388,0.013737423190786996
G180,G153,0.013722707353696323
G253,G41,0.013704766242050581
G19,G80,0.013702526629899354
G115,G54,0.013688842328431886
G54,G197,0.013686255969649811
G180,G117,0.013685945183430324
G41,G199,0.013684360280052113
G302,G128,0.01365610769141308
G150,G156,0.01365110473748346
G398,G251,0.013636688642942582
G115,G399,0.013632227785089178
G30,G141,0.013610961738288975
G80,G45,0.013604167341935688
G130,G223,0.013598976212622828
G67,G114,0.01357681657301657
G238,G260,0.01357264243669358
G30,G75,0.013571062201261972
G246,G308,0.013551821809405756
G150,G46,0.013549329573139812
G373,G273,0.013543562776504037
G84,G190,0.013536136622180922
G170,G251,0.013531969886920032
G54,G223,0.01351842531538723
G47,G330,0.013507413186374509
G302,G369,0.013489951812253348
G243,G311,0.013485507956343063
G243,G227,0.013396923182024774
G123,G392,0.01338464245957258
G253,G390,0.013366548983402754
G212,G27,0.01336640059136602
G54,G150,0.013353709442529726
G46,G212,0.013339029871217753
G238,G156,0.013334758466517355
G395,G338,0.013331710327122673
G30,G101,0.013319858504331466
G398,G304,0.013312632776864175
G373,G293,0.013303023502199585
G391,G321,0.013302545261691646
G1,G168,0.013295127007743119
G144,G129,0.01329378950188237
G115,G148,0.013292985384067157
G144,G251,0.013284796508297544
G130,G53,0.013276428634586016
G393,G315,0.013252601417871324
G47,G80,0.013240475074485808
G373,G238,0.013237486491243997
G238,G77,0.013237391403716353
G212,G178,0.013232614757485075
G115,G150,0.01323235244368439
G130,G282,0.013229498266467833
G80,G65,0.013215950601301724
G359,G257,0.01321033274736158
G359,G256,0.013191935282353316
G41,G304,0.01319028489417462
G123,G376,0.013190043429436207
G262,G375,0.01317764777694233
G243,G31,0.013171178613871622
G19,G279,0.013163004378303953
G67,G172,0.013148841396859956
G180,G32,0.013148000111493079
G355,G330,0.01312384643836402
G243,G168,0.013114470581026834
G46,G98,0.013114353052394695
G395,G273,0.013109261292853593
G30,G225,0.01308873769976051
G47,G88,0.013086758933641973
G80,G167,0.013082319240673747
G1,G228,0.013068229985325145
G54,G362,0.01304188402460988
G212,G242,0.013038081100457344
G170,G252,0.013029642546388559
G30,G181,0.013004628096535015
G46,G330,0.01299049228335325
G54,G341,0.012981471678541842
G130,G376,0.012973825061188132
G391,G142,0.01296849200563515
G19,G114,0.012953661330773962
G69,G238,0.01293812611003288
G331,G341,0.012926576423303887
G170,G92,0.012916788546298089
G47,G53,0.01290496122641216
G238,G349,0.012889855410759314
G196,G372,0.012868346367704314
G1,G318,0.012867966094534418
G262,G331,0.01285745650985709
G359,G119,0.01284984082355142
G302,G388,0.012847271136528823
G180,G85,0.01283966021634357
G262,G392,0.01283571603777853
G47,G242,0.012829080032373902
G30,G164,0.012826533764237369
G243,G228,0.012820604133913747
G277,G123,0.012807819588007932
G395,G315,0.012800931253200955
G69,G331,0.012799138645110078
G196,G148,0.012796808157723938
G123,G169,0.012795369299031273
G355,G361,0.012787676084189199
G30,G12,0.01277881155034559
G393,G97,0.01277325182623143
G47,G352,0.01277105904008749
G170,G89,0.012759775752695292
G47,G317,0.012751403824719926
G359,G174,0.012750319840668645
G393,G324,0.012746213370745302
G391,G253,0.012729692741759537
G30,G125,0.012719962817034915
G382,G336,0.012719806166574477
G180,G164,0.012699919797035865
G212,G78,0.01269207755162556
G54,G87,0.012683696498979755
G144,G0,0.012671407091298839
G170,G133,0.012669288662554649
G144,G93,0.012653401648617432
G47,G343,0.01263900415424131
G277,G168,0.012631405491852488
G69,G196,0.012627208592216305
G395,G373,0.01261976047833692
G30,G289,0.012617013308554113
G30,G155,0.012595865805284679
G1,G297,0.01255642075747005
G69,G380,0.012555336309734252
G41,G323,0.012554418241002577
G180,G378,0.012516033056146108
G355,G172,0.012510389334962423
G19,G218,0.012495699839009833
G359,G42,0.012491967623166695
G393,G80,0.012487570072310189
G398,G86,0.012487232323853098
G123,G87,0.012479791328483328
G69,G42,0.012449119148444626
G243,G167,0.012428340236292107
G393,G76,0.012425072540590068
G1,G76,0.012424984529903055
G302,G67,0.012383688390408445
G212,G340,0.01238295314530094
G262,G393,0.012377618556271008
G277,G75,0.01235917636288486
G30,G33,0.01235661949200092
G84,G336,0.012342555953837181
G123,G338,0.01234047149385556
G212,G239,0.012332954058355314
G212,G352,0.01232609642193469
G130,G165,0.012324927102676943
G115,G67,0.012318704369462953
G398,G114,0.0123124389732861
G243,G80,0.01231000277843006
G393,G364,0.012295437410700896
G1,G384,0.012289013308281554
G391,G144,0.012280081355654254
G170,G309,0.01227820638651313
G355,G134,0.01225988785897018
G1,G52,0.012254567818150663
G302,G353,0.012250666253263931
G277,G39,0.012241049325224518
G395,G92,0.012238740929896144
G196,G129,0.012238692394465511
G30,G37,0.01223198633083497
G41,G397,0.012224074511994892
G393,G283,0.012206606459367997
G196,G109,0.012194962752436922
G391,G256,0.01216727799701215
G80,G201,0.012149489687178043
G115,G339,0.012149389670567369
G359,G71,0.012146370082645477
G180,G86,0.012140330948518768
G102,G252,0.012134660846186328
G398,G276,0.012132377921609414
G395,G193,0.012126433809211391
G262,G242,0.012125641635596332
G123,G90,0.012123756943853516
G19,G89,0.012120958229184835
G130,G167,0.01211735544891987
G359,G34,0.01211294745613254
G212,G329,0.01211170736819335
G19,G354,0.012109031345476473
G19,G369,0.01210847709968435
G393,G37,0.012105402926706341
G382,G391,0.012103492896281327
G1,G364,0.012084268553659103
G373,G182,0.012079622900596929
G1,G196,0.012052841050855488
G144,G132,0.012051060109084744
G395,G156,0.012049389405644546
G144,G175,0.012015335914381045
G212,G297,0.012009972656669005
G67,G211,0.01199269572771186
G238,G301,0.01197380931295594
G243,G374,0.01197138415481419
G102,G321,0.011964353105485742
G331,G87,0.011962435473215016
G19,G283,0.011962312280431618
G19,G203,0.011959140183085106
G212,G309,0.011955032878687308
G123,G377,0.011951359600832781
G80,G193,0.011950216948346335
G41,G335,0.011947825637185133
G373,G284,0.01194462873188204
G47,G297,0.011942382823019876
G123,G242,0.011922351854600943
G41,G192,0.011920054656103601
G355,G83,0.011919295877069191
G84,G316,0.011917831155647957
G115,G134,0.01190716367855256
G30,G98,0.011905419976028776
G144,G22,0.011883432467717225
G115,G78,0.011871941143095987
G391,G243,0.01186430414510261
G212,G44,0.011858237742592443
G30,G144,0.011848470956916532
G130,G102,0.011846195678367963
G123,G334,0.01184141369300623
G373,G101,0.011827111778692327
G1,G130,0.011816047721644431
G19,G179,0.011799662853903499
G243,G206,0.011790745845413432
G359,G330,0.01177705139863059
G80,G32,0.011773971199915884
G30,G294,0.011745954401662193
G212,G284,0.011743691128118183
G243,G388,0.011742847272152523
G46,G297,0.011736752876059076
G46,G221,0.011725110450652526
G46,G75,0.011717017110334293
G123,G187,0.011714220379884718
G262,G67,0.011712496639946689
G212,G205,0.011697021410686473
G243,G255,0.011694742373968378
G102,G229,0.01167351606288157
G1,G67,0.01167040228721817
G1,G99,0.011654325987022988
G30,G45,0.011651026712326536
G355,G89,0.011648232930231227
G253,G223,0.011645014235905582
G359,G45,0.011638887553491677
G69,G296,0.01161736120794088
G302,G309,0.011602361770721423
G47,G203,0.011585424340340489
G355,G105,0.011548226406618269
G302,G217,0.011540052544137758
G196,G218,0.011539883885060775
G130,G139,0.011528457877668579
G19,G51,0.011522203887105308
G253,G187,0.011519437319609777
G391,G50,0.011512334062993304
G170,G208,0.011506246042884565
G84,G259,0.011498607055384392
G277,G314,0.011491112420527947
G30,G264,0.011489030535394277
G395,G140,0.011483633533323934
G19,G338,0.011477899090906622
G253,G54,0.011459225023781244
G212,G223,0.01145069798029466
G30,G140,0.011445894194432232
G1,G359,0.011429335571878177
G19,G307,0.011428351297476696
G355,G52,0.011419373335551625
G395,G192,0.011407285537032644
G67,G186,0.011404414000994526
G130,G371,0.011402015180707326
G102,G125,0.011401132565095333
G19,G1,0.011395890931185607
G196,G225,0.011392495820587462
G19,G239,0.011367989207534665
G30,G372,0.011366240773901061
G30,G183,0.011306497887467026
G130,G191,0.011300592576389993
G67,G156,0.011283961455456654
G123,G117,0.011283263375171954
G246,G375,0.011276331431056517
G130,G235,0.011274911398796942
G54,G240,0.011267833537650051
G355,G165,0.011263060942753842
G373,G297,0.011261983612689236
G54,G274,0.01126054049036894
G243,G283,0.011255063681039137
G262,G316,0.011250953770574862
G170,G100,0.011245834013561348
G253,G167,0.011238291767086933
G170,G194,0.011232895982370842
G67,G212,0.011214481132841236
G398,G85,0.011214110871714575
G180,G235,0.011208859574301792
G130,G331,0.011208358248628592
G80,G276,0.011180385622165924
G238,G206,0.011166160194513969
G67,G342,0.011165817593878274
G277,G278,0.011145063231723568
G123,G322,0.011125681952109723
G1,G153,0.011124664660757233
G355,G42,0.011114551052503405
G123,G211,0.01111057302750422
G395,G375,0.011099884491603144
G246,G71,0.011092672614037763
G277,G313,0.011082343152508542
G355,G22,0.011066572068117324
G355,G385,0.011061511605201569
G212,G53,0.011046994178279673
G170,G20,0.011043207438214579
G1,G352,0.011042849642068676
G1,G129,0.011038267852014293
G144,G81,0.01103278831728334
G398,G246,0.011020778254574481
G84,G114,0.011008170778497167
G382,G87,0.011006509823975483
G355,G369,0.010997044311938105
G355,G185,0.010991286232227934
G19,G95,0.01098442245795974
G373,G318,0.010965894287292346
G1,G84,0.01096275265872882
G130,G300,0.010957932951367974
G150,G61,0.01093296880978678
G393,G40,0.010931787887635325
G391,G196,0.010929692594671692
G1,G212,0.01089578784231109
G54,G185,0.01088792969509561
G170,G26,0.010883390371610265
G359,G145,0.010834193771157775
G331,G352,0.010817114466686789
G359,G265,0.010815455801984173
G102,G137,0.010814794591898352
G123,G25,0.010798813289479098
G398,G315,0.010795885885298173
G46,G129,0.010791516168320553
G262,G136,0.010784748761714237
G382,G338,0.010712994583400345
G46,G196,0.010703274873078955
G102,G79,0.010691845380431025
G253,G91,0.010689452343500189
G19,G87,0.010687261905003805
G69,G287,0.010683595111262073
G102,G391,0.010675702170352533
G19,G120,0.010667495593768284
G54,G78,0.010663643645571853
G1,G383,0.010648964399392861
G41,G210,0.01064031573502107
G1,G303,0.010635963864178265
G243,G54,0.010618377106161397
G243,G350,0.01060757892599995
G170,G388,0.01060038580967652
G382,G276,0.010591920243203448
G170,G297,0.010566959533306247
G69,G342,0.010556798996196923
G238,G85,0.010549685775841783
G243,G87,0.01054507286600355
G355,G86,0.01053596073271141
G130,G87,0.010535668725203486
G80,G223,0.01053501086859713
G395,G257,0.010478058114948528
G180,G223,0.010469717058861717
G46,G249,0.010465421601171365
G391,G88,0.010464561275249036
G391,G332,0.010462458512609178
G30,G165,0.01044264843172852
G391,G276,0.01044117196012255
G41,G165,0.010438327690757476
G382,G167,0.01042674000285343
G123,G218,0.010425695397347653
G238,G257,0.010417554534563708
G30,G352,0.010417072817372131
G1,G367,0.010416812303940742
G180,G337,0.010415077435209183
G212,G259,0.010408647819260375
G212,G183,0.01039630937169287
G196,G342,0.010393023092912498
G393,G229,0.010391890398419118
G262,G299,0.010369242794952646
G395,G266,0.01035802964441233
G359,G87,0.010352675072389052
G196,G294,0.010352443365279226
G19,G48,0.010344538796847519
G355,G191,0.01033994020194436
G115,G198,0.010325560456510573
G1,G298,0.010314132846780559
G170,G139,0.01031299994062539
G130,G24,0.010289595341651255
G359,G39,0.010283293630983556
G150,G168,0.010270857549007334
G102,G218,0.010270448338553104
G19,G334,0.01026932767046336
G1,G167,0.010265637019326642
G46,G71,0.010263907646669818
G359,G114,0.010258433287840003
G395,G240,0.010253472752276529
G391,G39,0.010248443790216798
G130,G340,0.010219247072655806
G1,G184,0.01021904348775597
G398,G285,0.01021098752942258
G212,G265,0.01020977677895369
G277,G340,0.010208437294447342
G373,G37,0.010206368056681014
G115,G183,0.010196394629989662
G395,G79,0.010186425262693685
G30,G369,0.01017463974464143
G180,G340,0.010167684429002538
G41,G358,0.010163865472318819
G359,G342,0.010161687029072615
G144,G99,0.010138433043814538
G102,G283,0.010137333123828085
G80,G150,0.010127526859739028
G398,G302,0.010105644067064615
G54,G16,0.010092138470655973
G54,G81,0.010091149990636428
G391,G155,0.010085939309149472
G170,G212,0.010080682768333859
G1,G379,0.010076167281294535
G393,G162,0.010062837741926432
G373,G359,0.01004778026267239
G391,G71,0.010031830157608113
G19,G139,0.010025692171213373
G238,G280,0.010000586239100995
G80,G329,0.009994302504323779
G19,G12,0.00999115664734123
G115,G392,0.009989505625685784
G243,G378,0.009978639403887038
G262,G145,0.009968395207673009
G19,G86,0.009965284659753257
G19,G155,0.00996522157246197
G393,G296,0.0099635695926742
G102,G315,0.009963493690739261
G196,G54,0.009959495268748411
G170,G304,0.009953245193001416
G170,G41,0.00993361597870087
G19,G237,0.009918862223087813
G243,G86,0.00990778496722207
G359,G78,0.009903427866554768
G69,G280,0.009900690693283948
G150,G212,0.009893188055434321
G398,G149,0.009892526604902058
G355,G378,0.00989057314442885
G391,G75,0.009889601639777493
G373,G87,0.00987730169688765
G102,G8,0.00987231241557994
G180,G275,0.00986204046421725
G359,G104,0.00985885477109296
G359,G331,0.009856570479658933
G170,G138,0.009853052469982748
G277,G273,0.009849050134968881
G67,G79,0.0098425253870624
G393,G242,0.009840312089373943
G54,G276,0.009835254890367892
G373,G295,0.009826626763789148
G180,G167,0.009823282578900257
G144,G308,0.009817667128393631
G212,G74,0.00980076141481262
G238,G181,0.009796692797346285
G395,G391,0.0097784742081417
G67,G297,0.009775290657012659
G41,G105,0.00973687519342388
G1,G176,0.009732963441760674
G238,G275,0.009729380539434281
G196,G271,0.009723589650844744
G246,G135,0.009716183692165745
G130,G341,0.00970742758116555
G393,G330,0.009701700618694506
G115,G95,0.009689516403404583
G212,G316,0.009686964805316112
G331,G307,0.00968144517834843
G123,G191,0.009678549575476925
G243,G224,0.00965072426008073
G30,G191,0.009642126573370735
G277,G391,0.009641653818567034
G180,G282,0.009640450629051148
G212,G145,0.00961729611820833
G262,G398,0.009609324311510792
G395,G216,0.009609111671996733
G246,G276,0.009603450033542987
G246,G148,0.009583383148072652
G262,G25,0.009580390510555871
G123,G330,0.009575680339756601
G393,G165,0.009572995341217347
G123,G297,0.009564127966686611
G373,G204,0.009559358130850057
G47,G185,0.009556935657370369
G243,G278,0.009537721592003293
G243,G383,0.009533831094406899
G395,G96,0.009528818449535962
G19,G241,0.00951786460420126
G170,G224,0.009517110793757553
G170,G30,0.009515358657272818
G150,G119,0.009502653587977847
G47,G150,0.009498705305271193
G395,G145,0.009492629156225361
G243,G145,0.009486036462313135
G115,G221,0.009482876713097277
G84,G278,0.009460110805559585
G243,G253,0.009452224326436838
G382,G242,0.009440269433701617
G150,G108,0.009436090555462212
G30,G157,0.009430663162456759
G1,G201,0.009429671884943706
G46,G228,0.009417773275500807
G115,G283,0.009410629034473306
G19,G223,0.00937875251404821
G331,G79,0.009377281745292482
G1,G186,0.009375937786961438
G180,G79,0.009374985408792808
G253,G229,0.009372517425401322
G180,G310,0.009372252344858091
G115,G314,0.009367909231837702
G80,G349,0.009354641136480442
G331,G53,0.009348832869033125
G196,G258,0.00934545171323524
G243,G129,0.009341554949365151
G243,G238,0.009320241659678409
G80,G166,0.009319308712092491
G359,G223,0.009316196551596184
G102,G134,0.009314750827910886
G262,G351,0.009310410514315068
G19,G150,0.009309658723103707
G123,G301,0.009302526545227528
G54,G373,0.00929507902469845
G243,G298,0.009291878576102315
G277,G245,0.009287293839202154
G393,G255,0.0092872921047665
G395,G238,0.009279176170606696
G277,G300,0.009274241495951713
G373,G246,0.009266784264392258
G47,G152,0.009260424513010172
G393,G138,0.009254211182296176
G170,G317,0.009251760838547734
G243,G38,0.009251757052254759
G41,G288,0.009241201394717069
G253,G280,0.009223020296583423
G393,G114,0.009221967427220909
G382,G53,0.009220086689628634
G30,G389,0.009201512511170148
G393,G338,0.009189565517396983
G382,G392,0.009172404002320417
G123,G37,0.009171449648903346
G1,G358,0.009166526656070742
G262,G354,0.009160568776218132
G144,G367,0.009154365137924364
G130,G328,0.009147275215423214
G84,G356,0.00913379790173574
G180,G76,0.009121860237649835
G47,G102,0.00911807819682564
G355,G286,0.009117505471238279
G1,G260,0.009115988035361748
G115,G223,0.009093322801948557
G395,G280,0.009089474433979207
G243,G369,0.009086965786072473
G382,G283,0.009086789650757904
G1,G103,0.009065050721874343
G1,G110,0.008995845790829663
G302,G102,0.008989519765251794
G30,G196,0.008988666710177139
G170,G395,0.008987681506850125
G69,G334,0.008987117385553092
G41,G154,0.00898575759971218
G302,G256,0.008982110910102883
G355,G203,0.008966463535037418
G84,G330,0.008957259814737203
G19,G278,0.008949572164503941
G355,G340,0.008933214737742418
G238,G119,0.008923883594086315
G393,G240,0.008918248474029312
G243,G398,0.00890848043866549
G395,G362,0.008904819885664272
G373,G349,0.008897734429744286
G30,G9,0.008894575328717
G54,G75,0.008892070145118364
G302,G343,0.008891303814501622
G262,G334,0.00886533915874485
G170,G270,0.008849718809665265
G123,G288,0.008831157971676676
G1,G96,0.00882367327183685
G102,G47,0.008810410093002832
G170,G150,0.008798563940581216
G393,G148,0.008794648032179171
G69,G298,0.008792393362191606
G393,G26,0.008774859580652113
G246,G158,0.008767351560601155
G150,G76,0.008730969905654862
G115,G300,0.008722473925580426
G180,G92,0.00870692160012939
G331,G185,0.008705290526355242
G196,G132,0.008703211317758919
G30,G28,0.00869504977027543
G243,G295,0.008681114121228246
G395,G346,0.008660530826730406
G359,G309,0.008639831516876988
G19,G102,0.008639168900645568
G277,G299,0.008638634730631325
G67,G373,0.008627822837535687
G30,G97,0.008622216206949102
G115,G218,0.00862005473316544
G359,G332,0.008606009674686443
G246,G372,0.008589004254701132
G262,G301,0.008586231262316966
G393,G98,0.008581321707403042
G115,G374,0.008580450156687684
G170,G374,0.008571910383125176
G382,G69,0.008569386960751657
G84,G329,0.008555881524862377
G123,G278,0.008544325172509318
G398,G205,0.008536462896088629
G1,G251,0.008527231316357204
G196,G243,0.008516955595958386
G102,G50,0.00850448369048011
G246,G262,0.008494206951353833
G238,G300,0.008494124474865083
G19,G229,0.008491246689892588
G395,G260,0.008484280749108813
G67,G123,0.008478326062343236
G19,G343,0.008474148124933252
G54,G170,0.008458570003928922
G391,G133,0.008456718899094155
G246,G143,0.008450901220153018
G80,G364,0.008445884761651104
G331,G300,0.008431354303108568
G123,G246,0.008426023769497817
G238,G135,0.008423452855618865
G69,G129,0.00842226646612984
G331,G168,0.008393282107281796
G30,G76,0.008378720087111411
G1,G26,0.00836298545106912
G331,G47,0.008355493422243537
G170,G367,0.008354984505828765
G373,G167,0.008347961541752033
G170,G223,0.008347208965889414
G395,G170,0.00833277834554436
G19,G330,0.008321778358351087
G243,G36,0.008313449421006206
G212,G280,0.008298972432962598
G331,G373,0.008293537271985923
G1,G15,0.008288098265830116
G180,G101,0.008273452103306503
G355,G54,0.008270492489656948
G262,G135,0.008266827606080898
G130,G161,0.008260832491855497
G359,G210,0.00825871989013345
G102,G303,0.008241670226200759
G355,G188,0.008238336084524095
G196,G338,0.008234004696743874
G359,G36,0.008229346307031676
G1,G333,0.008223619961124161
G238,G299,0.008218129892801684
G30,G392,0.008201580942624527
G1,G101,0.008199090716456052
G67,G161,0.008196795031981771
G84,G138,0.008194004864937404
G69,G229,0.008189482693280209
G355,G278,0.00817844121637068
G253,G133,0.008160598660406304
G246,G388,0.00815176242317911
G19,G39,0.008147984096859351
G398,G156,0.008144843242244765
G130,G77,0.008140917749946602
G262,G297,0.008132049741882308
G277,G129,0.008112558147992333
G196,G246,0.008103728859546133
G115,G344,0.00810342094146494
G30,G6,0.008101824896319346
G47,G396,0.008095491654708867
G382,G388,0.008088973872653074
G123,G299,0.00807395942154375
G115,G20,0.008070363532283693
G115,G229,0.008064209442538127
G180,G141,0.008063886690932151
G80,G93,0.008061150290590874
G80,G89,0.008060503436386798
G355,G373,0.008057534184928602
G180,G288,0.008036622346276653
G246,G244,0.008032194826282577
G123,G110,0.00799643909279319
G382,G132,0.007989368762461084
G359,G310,0.007986937093458577
G243,G260,0.007969158073431286
G170,G290,0.007958914822089101
G373,G139,0.007907349613024736
G243,G175,0.00790719932561973
G115,G388,0.0079025864345586
G19,G288,0.007899004026658107
G123,G342,0.00789331620016541
G80,G274,0.00789235824850168
G359,G88,0.00786864800552797
G180,G50,0.007864608508951196
G212,G32,0.007862710977337779
G196,G154,0.007855174333079099
G150,G103,0.0078547395237899
G246,G353,0.007853659864642967
G382,G135,0.007853024792478569
G84,G373,0.007845114829977962
G67,G6,0.007832681113223848
G69,G390,0.00783054054100138
G170,G124,0.007822133795061682
G355,G307,0.007817989628001003
G69,G218,0.007805315430049226
G170,G394,0.007802470250215458
G115,G119,0.007799270990707402
G80,G215,0.0077954518025277475
G123,G17,0.007747269710859261
G302,G142,0.007740509359882797
G1,G54,0.007732097358613528
G393,G110,0.007728239371674238
G150,G311,0.007726300196996598
G30,G216,0.007718774643105834
G130,G57,0.0077004308541176875
G1,G33,0.007692877977490915
G102,G295,0.00768836591808815
G395,G129,0.007683955131438533
G393,G77,0.007676374463091447
G238,G179,0.007674553951051155
G1,G27,0.00767376574849922
G302,G304,0.007668469222503027
G80,G262,0.007656767712233781
G382,G39,0.0076313254278292525
G246,G216,0.007630743927870831
G243,G309,0.007627516875776938
G30,G359,0.007627019010329876
G277,G353,0.007603136804782917
G170,G265,0.0075996271004693285
G130,G295,0.007586378583712479
G80,G338,0.007579279963537952
G243,G284,0.0075761884125332135
G373,G276,0.007572774423805079
G170,G175,0.007565374702213943
G302,G123,0.007562457789172833
G395,G336,0.007556888254924669
G277,G330,0.007555377196252072
G302,G244,0.0075515853487976015
G253,G131,0.0075397538899962535
G123,G42,0.007525669021659714
G47,G66,0.007522523849705351
G253,G287,0.0075207289963312995
G277,G267,0.0075137630818718215
G355,G377,0.007512498444577881
G395,G48,0.0075096424634068445
G355,G114,0.007504615886253781
G243,G348,0.007480575998494086
G373,G310,0.007472812634617493
G115,G245,0.0074719204980289895
G393,G145,0.007470828245095873
G123,G335,0.007456836201177139
G359,G184,0.007448778428364215
G243,G17,0.007434818437789554
G102,G241,0.007434583063361921
G47,G225,0.007431741644763901
G393,G344,0.007418268889114912
G54,G273,0.007404698982122884
G170,G245,0.007388272458538413
G243,G210,0.00738129728607758
G393,G375,0.007368542341596222
G19,G145,0.007360682147211847
G80,G53,0.007358485765635265
G19,G394,0.0073539208192567665
G238,G144,0.007345163647167294
G243,G154,0.007337824257377619
G398,G53,0.007325411829529074
G359,G297,0.007324916874536902
G196,G138,0.007315252987881771
G393,G120,0.007310695782365345
G277,G352,0.007305907185398808
G373,G390,0.007302533427605479
G355,G315,0.007300001316949779
G123,G145,0.00728340322791822
G302,G153,0.00728272556239358
G382,G145,0.007282201960502305
G84,G362,0.007265273891351676
G262,G229,0.007262575316414124
G170,G84,0.007247943997192835
G196,G188,0.007237962447567692
G30,G131,0.00723742999889162
G19,G300,0.007237224166062352
G395,G244,0.007235120486565605
G359,G142,0.007234207027450704
G359,G105,0.007213501154183642
G382,G353,0.007204684883671417
G180,G28,0.007202697012839146
G170,G65,0.0071965505710535746
G19,G9,0.007196046249210691
G391,G296,0.007183156510615338
G67,G382,0.0071829563061610174
G391,G340,0.0071752495766360044
G123,G369,0.00716259975727318
G196,G272,0.007161852898910415
G395,G399,0.007158181706638268
G30,G114,0.007146886229413032
G382,G284,0.007136949864792311
G243,G118,0.0071278798376839675
G1,G238,0.007116670236192547
G123,G382,0.007111627747536042
G393,G112,0.007110913405868974
G170,G42,0.007105822687723633
G373,G343,0.007101351185986066
G123,G350,0.007091104096560705
G115,G88,0.007078874546243036
G393,G48,0.007064316602605605
G130,G145,0.00705517002653247
G359,G226,0.007053756830632585
G359,G338,0.007053336796064402
G102,G244,0.007049875804620076
G391,G87,0.007040403676653713
G393,G46,0.007029254736792542
G331,G158,0.007021437384020723
G67,G332,0.007020581814161986
G170,G298,0.00701916224251835
G19,G364,0.007016153179454705
G373,G384,0.007013916735087666
G395,G308,0.007007141983443099
G180,G165,0.007001139397391949
G41,G102,0.006989824279417259
G355,G123,0.006989311034350423
G196,G145,0.006975841348011783
G144,G234,0.00697416129233111
G30,G367,0.006964651448082991
G170,G221,0.006962332035908892
G67,G383,0.006959171365797864
G46,G47,0.006940539742610635
G246,G188,0.006922453383479521
G130,G218,0.006898892597522438
G393,G18,0.006886547018111141
G253,G340,0.006885348078457976
G130,G395,0.006876709074196206
G1,G261,0.006876260853981278
G144,G188,0.006875182495455184
G180,G260,0.006833401277749444
G395,G316,0.006831074494165805
G80,G83,0.006828698853658848
G115,G169,0.006828299498747463
G130,G50,0.00682668300672095
G54,G114,0.006815798721840599
G391,G363,0.006813178816658459
G355,G204,0.006809758114483089
G391,G145,0.006809749157080547
G359,G336,0.006808177711623717
G277,G19,0.00679879813461641
G262,G204,0.006793472857767484
G302,G192,0.00678628234243428
G393,G156,0.006783062969436343
G1,G278,0.006765513396710172
G180,G390,0.006761998102357669
G67,G66,0.006760420488498703
G373,G38,0.006760362849790549
G180,G365,0.0067585481121404944
G54,G53,0.006749025621493113
G1,G315,0.0067481811443345675
G30,G306,0.006738750179541132
G47,G221,0.006733198676371094
G331,G241,0.006719578446759633
G115,G265,0.006716054103858296
G170,G54,0.006713770140897631
G262,G273,0.0067071218821886935
G115,G7,0.006705275739894032
G355,G255,0.006703569171322046
G41,G201,0.00670108505652818
G382,G373,0.006667495062425741
G170,G134,0.006661103497980006
G46,G242,0.006661067695668765
G395,G49,0.006647662699101491
G30,G151,0.006643982718225968
G359,G372,0.0066438669043115475
G130,G173,0.006642432080534326
G30,G220,0.006631819705344684
G212,G66,0.006622461424249146
G123,G300,0.006608520137527399
G393,G88,0.006607649599586339
G115,G85,0.006603747727585197
G212,G247,0.006594819583694428
G115,G330,0.0065911054718233095
G395,G390,0.00659009767519908
G302,G308,0.006583294357450725
G123,G259,0.006570381461873845
G262,G364,0.0065580896770442015
G69,G120,0.006557910675918627
G382,G237,0.006525835659012699
G302,G277,0.006505487568167462
G395,G241,0.006504535695786781
G19,G90,0.006495634432471281
G115,G273,0.006481631644688516
G47,G228,0.006481493346053149
G144,G84,0.006476933141066454
G391,G390,0.006463302663069333
G246,G338,0.006461796783863966
G170,G253,0.006456517106651481
G170,G215,0.0064518834838969506
G243,G99,0.0064470049846687486
G395,G226,0.006443406839860683
G41,G355,0.006424812505763336
G243,G362,0.006424332615382562
G238,G18,0.006415256739132194
G144,G398,0.00641288436930737
G243,G394,0.0064092943087719935
G238,G88,0.006407719675363847
G1,G57,0.006403908538599592
G115,G19,0.00639971617115288
G150,G153,0.006396684730972407
G130,G185,0.006392137593088869
G398,G379,0.006388822536887641
G243,G340,0.0063867905030684305
G373,G364,0.006376449467529882
G1,G28,0.006376295794313288
G355,G368,0.006364482208467432
G19,G365,0.006345492490750254
G395,G261,0.006343347138408062
G373,G350,0.00633443974180814
G1,G276,0.00633213416260801
G196,G99,0.006317161036480307
G150,G352,0.00631672029383501
G359,G397,0.0062973642269101605
G382,G46,0.006295799934214086
G54,G352,0.006290745512987098
G382,G86,0.006282047852764316
G246,G373,0.006269411035224964
G262,G130,0.006268465646891402
G47,G84,0.006262816700815771
G238,G332,0.0062559487512976325
G30,G169,0.0062474255346962985
G393,G168,0.006246110015280006
G54,G153,0.006244443845348856
G393,G236,0.006238473456486305
G69,G315,0.006237746419064785
G391,G378,0.006220085957166558
G355,G303,0.00621743337936807
G359,G124,0.006215930088497832
G196,G296,0.006203785324085873
G398,G340,0.006193096461440992
G243,G214,0.0061908880048865585
G212,G131,0.006187467042146122
G115,G199,0.006178264705250867
G19,G306,0.006171861372476169
G243,G9,0.006152466958904201
G359,G240,0.006145787380448835
G238,G28,0.0061310002529570695
G170,G274,0.0061301162390043455
G1,G256,0.006128623723211383
G1,G242,0.006121854074084058
G212,G202,0.006117586617548534
G69,G91,0.006116519088772865
G123,G284,0.006114712130958697
G277,G276,0.0060975694740460495
G355,G271,0.006094374044765243
G115,G364,0.006090042371640462
G19,G389,0.006083826733203552
G115,G328,0.006079700206319066
G355,G345,0.006067726840399121
G123,G373,0.00603947722437316
G130,G373,0.006035509148707818
G1,G46,0.006029813744404089
G262,G169,0.006029169667185259
G395,G169,0.006025941827035745
G41,G256,0.006021959707241148
G115,G97,0.006005639574952128
G196,G41,0.006002825560886688
G391,G246,0.006001127790083764
G19,G322,0.005992634125160358
G243,G249,0.005985708081818874
G69,G223,0.005980434238671381
G54,G259,0.005968272307799574
G19,G40,0.005960214003731378
G115,G335,0.005955750174646581
G395,G350,0.0059502465498400894
G355,G252,0.00594467092937425
G393,G260,0.005942520698493138
G393,G179,0.005941553759912593
G69,G349,0.0059406100915758014
G262,G315,0.005935796313713514
G355,G321,0.005930352054769619
G393,G376,0.005925407127159013
G115,G212,0.005925204058049811
G359,G255,0.0059221034671675145
G355,G8,0.005920402739569465
G331,G259,0.005909185567316316
G243,G323,0.005906782487459877
G243,G119,0.005894487251698496
G359,G12,0.005892792680075438
G1,G268,0.005889088715042273
G67,G369,0.0058834737035649565
G391,G132,0.005879628683486293
G180,G244,0.005859913653017808
G80,G361,0.005857831643440349
G243,G29,0.005856887189675291
G359,G365,0.005855063907513653
G30,G310,0.005847753389052484
G243,G110,0.005838849118515867
G355,G84,0.005820421311530474
G262,G298,0.005816391457382192
G212,G46,0.005807459010692753
G331,G284,0.005806687627183144
G395,G151,0.005795550628901962
G180,G259,0.005785103406224949
G115,G288,0.0057850556475883
G54,G396,0.005779961415262866
G359,G304,0.005776848240688071
G84,G161,0.0057639765345381955
G373,G126,0.005751994402472038
G150,G165,0.0057474415319631045
G243,G85,0.005736506396063899
G359,G278,0.0057332085856565615
G130,G69,0.005713389932058409
G67,G334,0.005706157585039506
G115,G167,0.005683092071091023
G355,G273,0.005678014377978408
G302,G8,0.00567712465326442
G69,G132,0.0056757749666617174
G80,G2,0.005667804996738156
G30,G130,0.005667632244698561
G130,G228,0.005661635156137511
G80,G235,0.005658365670241437
G391,G206,0.005657917084015647
G144,G397,0.005641983094322359
G170,G135,0.005625643102995624
G150,G274,0.005622727325046345
G393,G217,0.005609851674815897
G150,G244,0.005608767033916509
G355,G117,0.005601914741613921
G246,G57,0.005601488361723611
G331,G218,0.005588212503527701
G373,G267,0.005578382867415799
G46,G53,0.0055689108627618444
G262,G129,0.005561160643591634
G382,G387,0.00555862719601926
G115,G243,0.005554412068038337
G1,G19,0.005539434157728347
G196,G45,0.005531279721534582
G391,G115,0.005530496016000513
G355,G161,0.005528094066189215
G196,G263,0.0055259110810323
G395,G295,0.005521932907991127
G46,G393,0.005509851713516506
G277,G156,0.005507837075197586
G180,G80,0.005499455820277631
G80,G393,0.005489967274163135
G359,G294,0.005468160050552038
G123,G46,0.005464314649766017
G243,G338,0.005463525305536426
G67,G187,0.005454385859309019
G170,G35,0.005453566583665491
G246,G260,0.005445453654168778
G170,G299,0.005435314620024851
G19,G167,0.005434004299001094
G243,G304,0.00542978211837955
G359,G373,0.005428808174586547
G359,G271,0.005405734399885384
G170,G156,0.0054016697176721504
G382,G260,0.005395716391846626
G30,G133,0.005389981653203544
G391,G280,0.0053879957235213605
G180,G8,0.005386813485489195
G69,G169,0.0053757477186900104
G243,G375,0.005375076316946146
G243,G399,0.005373357188000923
G47,G206,0.005369692934249784
G302,G376,0.005364759102992181
G277,G246,0.005359706959548016
G170,G300,0.005349300828736329
G84,G112,0.005346574571560181
G19,G146,0.005344127241686222
G170,G86,0.00533228931550306
G115,G257,0.005318721802977801
G355,G372,0.005316542985916703
G391,G80,0.005297007458071899
G170,G114,0.0052881522349778505
G123,G271,0.00528266402137887
G243,G50,0.005275105175045279
G180,G284,0.005270112345659618
G262,G92,0.0052636595094565156
G144,G205,0.005253929906031157
G243,G223,0.005247257105040606
G41,G375,0.0052376467325180864
G355,G338,0.005236093267046771
G115,G350,0.005233432291295656
G41,G219,0.00522297707459092
G262,G217,0.005217634205566785
G253,G282,0.005213244808276743
G46,G226,0.0052076676677879075
G150,G297,0.005198477610247304
G246,G52,0.005196234006438177
G80,G46,0.005160785960382962
G393,G43,0.005157341892849401
G144,G161,0.005140062025635939
G130,G122,0.005138844916288632
G359,G90,0.005136596314812336
G130,G352,0.005135839794654998
G115,G201,0.005128767867282839
G46,G300,0.005127458365583468
G130,G343,0.005121951697224812
G30,G276,0.005114739923146027
G69,G179,0.005109994265822232
G355,G399,0.005108720905549601
G19,G92,0.00509831165834123
G80,G69,0.0050982657060793385
G69,G155,0.005096279403650553
G123,G239,0.005087189074557914
G391,G135,0.005085977119086031
G382,G341,0.005085830260552648
G382,G335,0.0050824356402870835
G212,G229,0.005079619845791514
G359,G394,0.005076504668192192
G123,G352,0.005064215990387005
G262,G220,0.005061521889328055
G1,G83,0.005060830460143318
G243,G53,0.0050572090843405415
G355,G127,0.005052182458969656
G302,G126,0.0050473657846911435
G80,G217,0.005043251072566937
G170,G10,0.0050353343706164445
G180,G88,0.005034403112691745
G170,G278,0.005027187393201578
G115,G298,0.005026703841938419
G19,G204,0.005023774822811425
G238,G356,0.005010540971878696
G46,G257,0.00500339270579607
G262,G288,0.00500159753092682
G180,G261,0.004991794096700836
G238,G66,0.004989617901031432
G19,G259,0.004985454140962971
G180,G320,0.004983087631832717
G54,G261,0.0049800581927345045
G393,G373,0.004977324495602932
G102,G343,0.0049651651912870215
G393,G190,0.004931409776782483
G359,G259,0.00492672440531676
G115,G359,0.0049239174359125
G1,G220,0.004920985114142764
G69,G118,0.004918724136838401
G47,G300,0.004911477812092391
G393,G203,0.0049075772455596176
G30,G117,0.004892109601134238
G243,G15,0.004885394514831883
G115,G168,0.004882931722117782
G30,G399,0.004878089063763986
G393,G119,0.004872300580076552
G196,G112,0.004861629908080117
G359,G315,0.0048566501912100934
G150,G283,0.004855392040446993
G67,G274,0.004851886066488537
G30,G60,0.004834010680011939
G123,G292,0.004825415848259899
G393,G365,0.0048165249345754405
G46,G352,0.004810340227010879
G115,G382,0.004799411667776768
G373,G92,0.004798503738589366
G1,G250,0.004788155890298024
G1,G218,0.0047856184430428925
G243,G62,0.004785025427642409
G84,G304,0.004768999757548464
G30,G261,0.004767107821050038
G41,G196,0.004763160492288546
G302,G77,0.004746656959516565
G393,G238,0.004746478387434791
G243,G92,0.004743870574907008
G359,G129,0.004738749957379409
G1,G338,0.004720922728576271
G391,G393,0.004720868216392678
G46,G79,0.004715382726117448
G84,G164,0.004698163637514116
G398,G129,0.0046965080713235186
G355,G126,0.0046927414213838795
G130,G15,0.004685856466100879
G30,G25,0.004680836057920999
G84,G204,0.004678997760673861
G19,G164,0.004654274879933647
G355,G296,0.004634146738247882
G1,G118,0.004613001640867812
G180,G177,0.004611669848597139
G359,G299,0.004596117540976531
G359,G77,0.004593792021929277
G30,G161,0.00459181554047134
G80,G345,0.004586778470792405
G393,G129,0.004584789085213273
G253,G294,0.004574137524005845
G19,G53,0.004567594529773324
G1,G24,0.004549643198787954
G1,G53,0.004546430551288231
G130,G205,0.004537993055743192
G398,G388,0.00453207491484775
G170,G392,0.0045295179602925575
G180,G267,0.0045282688738774775
G144,G245,0.004519351854892467
G359,G268,0.0045187435150085085
G115,G315,0.004508649516911645
G302,G86,0.00450336504265178
G359,G387,0.004495758408851264
G359,G317,0.00449464564027751
G1,G148,0.004483470913589374
G123,G323,0.004481570976756291
G19,G41,0.004456144010192099
G262,G280,0.004426755895170463
G150,G77,0.004408614501340571
G1,G376,0.004401164503665667
G123,G366,0.004392533651879804
G67,G303,0.004391844128351696
G41,G238,0.004387211699293986
G277,G308,0.004382421745972392
G180,G394,0.004377244021123793
G180,G280,0.004370214933270472
G391,G66,0.004369344666397913
G102,G382,0.0043610870549683906
G359,G102,0.0043593211751865105
G80,G7,0.004355527137759108
G373,G344,0.004333225924324349
G302,G183,0.004322261479064338
G102,G57,0.004321948688178423
G30,G368,0.004311251639906493
G19,G79,0.004298866371356826
G170,G79,0.004295338584994757
G331,G98,0.0042927711541037444
G1,G8,0.004281569929066007
G1,G390,0.004251285040408292
G355,G241,0.004249625528403831
G80,G41,0.004246884597365039
G46,G30,0.004246520353003082
G391,G190,0.004235178147116339
G302,G104,0.0042249354674953055
G391,G47,0.004224338728344226
G115,G165,0.004217848738094429
G243,G230,0.004208006581635004
G359,G61,0.0041886419949039855
G69,G241,0.004179114482722998
G180,G249,0.004178202023853123
G212,G136,0.004165231519044105
G30,G332,0.004160054767823013
G355,G19,0.004142635942029408
G170,G227,0.004133112936054697
G54,G129,0.004130147468179135
G115,G396,0.004118752347912213
G30,G90,0.004117533303597652
G123,G54,0.004117114063707399
G54,G313,0.004110930079884514
G115,G217,0.004105819267259749
G19,G26,0.00410510252949467
G54,G238,0.0040972108136372865
G54,G91,0.004092219466757488
G382,G114,0.004081710319474768
G382,G89,0.0040796201697592405
G355,G244,0.0040386708391589796
G180,G343,0.004026479303220181
G115,G129,0.004012883701899717
G150,G302,0.004006893268481693
G196,G51,0.004006659790560842
G69,G39,0.004004506038689112
G30,G193,0.004001297412797191
G67,G341,0.003997212259140154
G238,G109,0.003993353640098327
G130,G313,0.003993146541187369
G395,G180,0.003987638990879408
G355,G50,0.003975191242048499
G170,G377,0.003950339167295876
G170,G349,0.003937227898993553
G359,G98,0.003932440708473872
G395,G253,0.003916826570276942
G67,G362,0.003908112464789379
G302,G63,0.003896996045425802
G355,G371,0.00389391924120059
G391,G287,0.0038723142497346166
G1,G125,0.0038715137559222484
G246,G150,0.0038626220284692925
G302,G196,0.0038590000790252738
G170,G193,0.0038538122269200434
G196,G130,0.0038445777415068993
G30,G353,0.003835891052620187
G302,G312,0.0038302284009298776
G355,G274,0.003828727072054061
G115,G334,0.0038239614722288644
G373,G223,0.0038238124261503054
G243,G123,0.003822876497489025
G150,G262,0.003822494458150749
G170,G32,0.0038219571491279747
G19,G271,0.0038179802299053156
G243,G381,0.0038177730864894788
G80,G327,0.0038033487755495393
G30,G41,0.0037989135773758703
G123,G280,0.0037942627600275752
G393,G130,0.0037867768481275946
G262,G81,0.0037809020254475564
G1,G299,0.00377834068418232
G123,G193,0.003772462234507612
G212,G224,0.00375967002356261
G80,G79,0.0037504449968269946
G130,G79,0.0037495103967094753
G393,G379,0.003744599607007744
G170,G303,0.0037336299309708946
G355,G92,0.0037307113318563595
G253,G87,0.003717124997825866
G262,G336,0.0037134237484211033
G355,G357,0.003711407681962535
G130,G32,0.0037060034745224416
G391,G322,0.0037059932190705303
G382,G364,0.003686829003367059
G46,G377,0.0036772438905211882
G47,G357,0.003676925779717205
G84,G324,0.0036699154158092023
G246,G100,0.003662073153016171
G30,G8,0.003645162072651564
G382,G120,0.0036434707905898395
G395,G201,0.003633478476168975
G355,G181,0.003628082064309767
G253,G112,0.0036275115343960274
G180,G194,0.003625900599379511
G395,G46,0.003625638759839893
G253,G47,0.003615826566439162
G30,G204,0.0036135601527936476
G243,G174,0.003609779507350936
G302,G242,0.0036042356603420422
G30,G228,0.0036031070463935083
G196,G334,0.003599662546565019
G80,G301,0.0035983430084830723
G67,G302,0.003596739807323737
G123,G399,0.003588950299742183
G355,G279,0.0035815133407642065
G1,G81,0.003577654697146857
G382,G344,0.0035521328653013162
G80,G384,0.0035512472396271103
G19,G130,0.003549649064449996
G46,G141,0.0035474855250947346
G393,G301,0.003533181496513896
G246,G385,0.0035329551702730916
G382,G29,0.0035326504186503696
G238,G56,0.0035323379855831862
G238,G91,0.003528269904651729
G46,G382,0.0035263557953727487
G67,G267,0.00351879807292671
G382,G158,0.003517094233391402
G398,G250,0.003511549864532712
G30,G93,0.0034992336467263487
G277,G104,0.003499129133072182
G373,G316,0.003486183726308656
G47,G344,0.0034820196773256984
G398,G141,0.003481551307565528
G67,G318,0.003466329735030735
G355,G186,0.0034656199734410323
G373,G148,0.0034466495454799073
G115,G45,0.003439160183573948
G359,G300,0.0034373327055349373
G180,G18,0.0034299620865763034
G123,G391,0.003428789594817981
G47,G376,0.0034168274107634206
G393,G71,0.0033926699031764512
G123,G166,0.0033919191101286633
G144,G227,0.003390801776036848
G391,G258,0.0033882199409688563
G246,G82,0.0033864895359355662
G355,G325,0.0033860233953282373
G398,G97,0.003383465698895194
G359,G222,0.0033681316380014224
G115,G236,0.003366324835662819
G170,G373,0.0033659988182813336
G262,G330,0.003361607380231113
G1,G86,0.0033564993478872977
G170,G332,0.0033441702558478763
G170,G393,0.0033316298404986074
G19,G320,0.0033168959540935956
G54,G35,0.0033167675790426038
G243,G196,0.00331187219046461
G391,G162,0.0032990405420284877
G243,G69,0.0032937266368503124
G41,G157,0.003291663595149305
G382,G183,0.0032716834669325803
G355,G79,0.003269542036900396
G130,G22,0.003261740872127397
G54,G268,0.0032450369989265246
G170,G21,0.0032226236755866153
G359,G369,0.0032208352994931785
G67,G145,0.0032146516048835866
G395,G225,0.003214180541212256
G130,G246,0.0032114978096670077
G47,G157,0.003208547564289649
G393,G311,0.0032035422318635286
G395,G301,0.0032034432756445214
G359,G135,0.0032008394866103254
G102,G331,0.003195956246026546
G359,G172,0.0031812699738398807
G212,G87,0.003167462850919456
G80,G296,0.0031643324442958143
G54,G329,0.00316095047751766
G80,G314,0.00315797993389395
G391,G275,0.0031557685890037657
G393,G157,0.003152563973867012
G302,G65,0.00314251183203558
G1,G154,0.0031383088094375303
G373,G41,0.0031378857360988
G1,G25,0.0031312978304654255
G398,G316,0.003123944273758242
G30,G89,0.0031209270848062878
G243,G161,0.0031197917712494846
G355,G249,0.003117335035810187
G243,G181,0.003110500165096633
G359,G329,0.003110194090737664
G46,G384,0.0031000466090378015
G393,G278,0.0030870667389192794
G180,G384,0.0030811427125628232
G393,G341,0.0030791909035857296
G30,G336,0.003075530009352734
G395,G278,0.003070425035424644
G46,G192,0.003069647127665595
G243,G379,0.0030676295947098878
G123,G235,0.003052604643998806
G359,G40,0.0030455690698700903
G395,G147,0.003036845860794949
G47,G197,0.0030250475253428277
G19,G273,0.0030236577545305413
G277,G131,0.003003291568975386
G238,G192,0.003000840069608393
G238,G396,0.0029942767353126343
G302,G221,0.0029904298810522756
G246,G232,0.0029899380095537165
G277,G317,0.0029818803270274946
G80,G208,0.00297374142127633
G46,G349,0.002966998228475265
G382,G262,0.002957845609385744
G262,G39,0.002955738532860186
G212,G63,0.00295449215590117
G355,G223,0.0029416373577381555
G150,G52,0.002928110970395359
G130,G120,0.002923732540729383
G262,G86,0.0029159468735134933
G180,G89,0.002899036909330077
G302,G150,0.002891808419341252
G67,G91,0.002885068558373949
G30,G145,0.002881497022496413
G80,G245,0.002874990583249297
G41,G301,0.002865604456094975
G180,G322,0.0028625946404556915
G302,G100,0.002859754264952996
G331,G211,0.0028514993847973125
G170,G360,0.002848660438512989
G170,G132,0.0028462102163312793
G30,G29,0.002844371841947418
G398,G353,0.002832608645813653
G398,G178,0.002831570490408126
G1,G146,0.002823959290418381
G30,G24,0.0028227969693870175
G115,G126,0.002818620872665347
G102,G319,0.002817511402773608
G243,G192,0.002816060473643526
G391,G373,0.0028126620274127115
G180,G188,0.0028044550485082295
G47,G175,0.002803709503360438
G1,G117,0.002801577522631147
G395,G383,0.002799308036373127
G30,G334,0.0027981869366250148
G393,G197,0.002798042091196308
G262,G109,0.002795566334921229
G393,G213,0.0027906584302476063
G355,G96,0.002787063595004847
G238,G212,0.0027844712399334726
G243,G191,0.0027788613529507455
G123,G61,0.002775568380518033
G170,G320,0.0027647252641540554
G395,G230,0.0027552903280689336
G19,G138,0.0027515094533753087
G391,G187,0.002750219588530313
G180,G232,0.0027481133395609522
G41,G300,0.0027479233068067044
G144,G371,0.0027458769312875136
G46,G385,0.0027199610761358545
G30,G237,0.0027118027529199323
G54,G384,0.0026942230403014245
G253,G377,0.002689690267835637
G277,G53,0.0026841762196204294
G246,G109,0.0026594629843772477
G123,G24,0.002655707128855468
G80,G249,0.0026553221098371896
G30,G83,0.0026391816203678326
G123,G93,0.0026381099326959756
G80,G322,0.0026230400507968113
G144,G79,0.002609971788532006
G391,G110,0.00260319944928801
G277,G373,0.002597777635660839
G41,G193,0.002588177852108839
G67,G53,0.002567589064172676
G382,G61,0.0025673739694873077
G46,G59,0.002562907798865262
G123,G109,0.0025360302864193135
G102,G145,0.0025236905383665825
G246,G28,0.0025227779959290514
G54,G177,0.002516295116756523
G359,G17,0.0025142444550023176
G102,G207,0.002508057970878441
G30,G113,0.002491501291966368
G212,G156,0.002489344959211437
G150,G341,0.002487618048684498
G243,G352,0.0024860630128670097
G54,G118,0.0024823185560518615
G395,G388,0.002481827904868124
G170,G37,0.002480357267831298
G115,G158,0.00247954326571128
G277,G369,0.0024780728846724998
G373,G62,0.0024725873617121308
G395,G354,0.0024691130224159703
G196,G191,0.0024688981729246093
G373,G313,0.0024614937878593424
G196,G321,0.0024614545096478396
G238,G240,0.00246103148040408
G130,G29,0.0024488382664410654
G262,G388,0.002446024933802693
G115,G111,0.00243484119101078
G1,G69,0.0024295730412682553
G355,G220,0.002421124217951107
G80,G344,0.0024208502746081995
G391,G264,0.0024083692942973717
G391,G309,0.0024079432642883716
G359,G322,0.002395500175258476
G67,G71,0.002381486172886582
G30,G304,0.002379696085672515
G115,G311,0.0023726038554543506
G180,G77,0.0023617651656889505
G80,G19,0.0023573342044165523
G115,G86,0.0023567314761908584
G262,G179,0.0023438192934259958
G359,G350,0.002332704194349562
G1,G151,0.0023324199035092297
G102,G253,0.0023279543750531345
G123,G71,0.0023276654965343757
G302,G240,0.002305277834320829
G331,G135,0.002293133870809372
G19,G158,0.0022921365531756374
G262,G164,0.0022914715701732244
G123,G395,0.0022632692268978877
G30,G206,0.0022597056796834023
G243,G242,0.002255230243423771
G355,G33,0.002254439285847322
G144,G136,0.0022529682236372695
G243,G316,0.0022430865671926765
G67,G142,0.0022389510503111193
G170,G78,0.002234460152887148
G243,G188,0.002232955031982481
G302,G345,0.002226288954948065
G395,G296,0.0022122988621216186
G1,G266,0.0022011933319608327
G302,G360,0.0021976879119271764
G30,G270,0.0021848072207206956
G359,G239,0.0021845872354199006
G30,G371,0.0021823831194931736
G102,G130,0.0021632998318115576
G30,G287,0.0021566932053280734
G1,G373,0.002152982857982908
G115,G246,0.0021520754228300937
G212,G65,0.0021482361618390955
G393,G241,0.002140066171317359
G373,G340,0.0021368231297596713
G54,G71,0.0021325177870635398
G102,G333,0.002130293813426873
G262,G155,0.0021218185252629557
G115,G16,0.002116510256009202
G262,G357,0.00211592387494966
G238,G256,0.0021035264383285623
G382,G10,0.0020936064773849627
G238,G211,0.0020795282623174427
G246,G69,0.0020757412908639084
G398,G373,0.00206844293961439
G382,G165,0.0020668557069407067
G395,G283,0.0020646146852898242
G115,G343,0.002052927004675513
G67,G321,0.002047219564505709
G80,G120,0.002039825935645362
G69,G317,0.0020387396086038734
G130,G393,0.002027041717215898
G246,G317,0.0020247511040538124
G398,G158,0.0020154898093197177
G355,G178,0.002013128705142893
G391,G383,0.002012996889407946
G170,G147,0.0020129197789000193
G391,G312,0.0020119664850080515
G80,G202,0.0020033926142718414
G54,G124,0.0019993122134650543
G355,G202,0.0019876384898801364
G54,G104,0.0019873769584382237
G302,G167,0.0019856228822721506
G359,G110,0.0019786614076707613
G355,G318,0.0019672660192927398
G243,G27,0.0019668246003051865
G102,G108,0.0019633626791562553
G130,G276,0.001959834021915255
G80,G87,0.001959387849616835
G277,G99,0.001955462369946065
G67,G288,0.0019444311442387285
G393,G66,0.0019326024019832716
G180,G269,0.0019321335352636346
G1,G205,0.0019117340427578997
G80,G390,0.001908162304858782
G1,G368,0.0019050293671691882
G30,G85,0.0019048624565430588
G123,G314,0.0019009026911029347
G41,G99,0.0019004210520321002
G102,G397,0.0018881720961823056
G102,G249,0.0018863680373122221
G277,G201,0.0018798741615987935
G150,G229,0.0018736047604973605
G123,G389,0.0018696319801509709
G170,G342,0.0018653281874405903
G355,G51,0.0018530091751317798
G277,G234,0.0018527776650493488
G115,G226,0.001852714145832976
G359,G91,0.0018476346332811436
G1,G241,0.00182820182621974
G359,G234,0.0018170866966465415
G123,G188,0.0018092117004436664
G115,G49,0.0018084618823341544
G130,G131,0.0018057070867339847
G69,G312,0.001805533482784949
G391,G57,0.0017852720994572802
G391,G265,0.0017848912798064664
G359,G326,0.001783129060506268
G359,G399,0.001778115182209045
G262,G90,0.0017772061651721155
G238,G62,0.0017748907241407486
G331,G109,0.0017725080180439334
G170,G128,0.0017712672630733808
G246,G192,0.0017698570260562402
G373,G249,0.0017643081246687536
G180,G183,0.0017616730129114758
G80,G325,0.0017613706522767586
G393,G384,0.0017521975832646003
G355,G215,0.001737213237167315
G102,G386,0.0017329535884713712
G54,G188,0.0017315272530243897
G359,G288,0.0017234099323469448
G238,G170,0.001705724360059356
G67,G42,0.0017010519078019815
G54,G386,0.0016788450600237897
G19,G228,0.0016724084240255718
G115,G77,0.0016691144144393051
G102,G398,0.0016660730751277414
G331,G267,0.0016594614872023905
G19,G188,0.001656511729251138
G123,G212,0.0016556889492938126
G243,G239,0.0016517463767991639
G393,G348,0.0016515875252639499
G253,G259,0.0016490563773025324
G1,G388,0.0016448276382489621
G196,G184,0.0016435028913492356
G130,G146,0.0016311121096119902
G19,G329,0.0016285896576223938
G19,G284,0.001624437973857057
G391,G179,0.001623977449112031
G196,G267,0.0016157673698587727
G46,G373,0.001610435291285947
G115,G60,0.0016087810453668605
G41,G54,0.0015844128029396387
G395,G39,0.0015714346608371801
G150,G221,0.0015710373753592688
G395,G162,0.0015699503902333947
G395,G77,0.0015664686930726562
G212,G283,0.0015570209885759079
G180,G202,0.001553993019530719
G69,G134,0.001548094876229568
G170,G7,0.0015389083145804089
G30,G308,0.0015368259532625803
G253,G385,0.0015343035251939308
G1,G366,0.001529931443533656
G398,G60,0.0015287490232475769
G395,G208,0.001519850667690982
G355,G253,0.0015078074369322403
G359,G198,0.0014910721768932322
G391,G86,0.001489987338990792
G69,G340,0.0014833187694788391
G30,G273,0.001475738335453126
G395,G231,0.0014635914530919149
G331,G273,0.0014575904163221798
G84,G288,0.001457372351723371
G180,G230,0.0014541726450953973
G1,G294,0.001441332166793225
G115,G50,0.0014404984861780407
G355,G137,0.001439756076216693
G212,G59,0.0014185241502346346
G19,G301,0.001417973018516129
G212,G89,0.0014155296759107983
G80,G230,0.0014079527921461096
G243,G117,0.001384355968369038
G391,G79,0.0013795474398883498
G382,G93,0.0013603932738652236
G170,G337,0.0013583910928473223
G395,G177,0.001358130901402528
G41,G148,0.0013548591426395806
G382,G189,0.001353842699781612
G46,G295,0.0013513709130404394
G41,G306,0.0013498107754073563
G30,G232,0.0013478279778187056
G30,G316,0.001341657149642815
G47,G177,0.0013396178988837326
G1,G37,0.0013381144665087757
G1,G182,0.0013331098171298437
G123,G120,0.0013313873716451416
G1,G41,0.0013099360429236206
G238,G33,0.0013088374885619133
G41,G80,0.0013053694476039823
G115,G320,0.0012974585294312085
G395,G243,0.001295131265927639
G30,G262,0.001292197003038148
G115,G160,0.0012918767953842333
G393,G246,0.0012916825014748293
G373,G372,0.0012897054381199174
G382,G308,0.001282792564824442
G355,G367,0.0012786998405128064
G180,G58,0.0012770956005013264
G395,G91,0.0012641324024747769
G355,G366,0.001262964890179366
G359,G130,0.0012552227100870658
G1,G360,0.0012532923484451178
G253,G199,0.0012532103139564765
G46,G78,0.001234021322872078
G1,G93,0.0012082705981422536
G355,G240,0.001207873063417516
G54,G317,0.0012051202296165936
G262,G293,0.0011846018707386344
G196,G50,0.0011832268591847744
G359,G273,0.0011783672397783392
G355,G184,0.0011748727181453492
G393,G352,0.0011647199318316134
G262,G159,0.0011633825903792777
G277,G134,0.001162156658703617
G238,G49,0.0011497612342691171
G373,G71,0.0011395091187694772
G1,G292,0.0011277449790985305
G262,G296,0.0011215017636540953
G19,G304,0.0011148324897006859
G373,G234,0.001111332259986192
G46,G225,0.00110749463533958
G123,G312,0.0011067353786595874
G355,G198,0.0011044407343208731
G54,G103,0.001092685214470493
G359,G176,0.0010895755176739824
G395,G19,0.0010878578266751635
G355,G199,0.0010850217885876937
G359,G155,0.0010847674617817833
G115,G10,0.0010771612753742513
G180,G199,0.0010615889869775227
G41,G45,0.0010496232877232337
G30,G349,0.0010487482562281485
G277,G284,0.001046167836377232
G54,G186,0.001038127883839543
G180,G279,0.0010306055762024334
G30,G377,0.0010303703926094962
G196,G375,0.0010286736801696644
G80,G180,0.0010203911150106978
G123,G277,0.0010168867015851318
G393,G10,0.0010030256672157942
G130,G113,0.0010008232125290686
G180,G265,0.0009979013387123523
G41,G180,0.0009935138999368487
G212,G130,0.0009924140266449055
G54,G131,0.0009757097374457208
G30,G50,0.0009682133887738836
G41,G372,0.0009590853541457667
G41,G289,0.0009580491970735266
G170,G0,0.00094864563872951
G30,G56,0.0009425620891000174
G170,G154,0.0009385069936616273
G246,G65,0.000929739071441546
G123,G296,0.0009203843839891424
G115,G313,0.0008984807096354616
G1,G106,0.000890610217233051
G80,G163,0.0008801920513768907
G359,G199,0.0008758406376983482
G180,G119,0.0008726222411004035
G54,G59,0.0008714240446916072
G1,G29,0.0008582165173976371
G243,G252,0.0008557889781233806
G373,G275,0.0008555083042862816
G238,G122,0.0008539274023865451
G150,G104,0.0008490393946350289
G19,G190,0.0008488575661328573
G262,G310,0.000843623556372082
G395,G304,0.000841621675487951
G1,G236,0.0008339114089804846
G246,G237,0.0008309098613263066
G130,G379,0.0008242745649765099
G196,G187,0.0008180514405643075
G393,G295,0.0008024592644391218
G80,G342,0.0008002567101940902
G30,G148,0.0007804597053379311
G130,G84,0.0007758890486268197
G170,G172,0.0007756566527546086
G80,G171,0.0007729625004505884
G277,G148,0.000772161989075093
G243,G387,0.0007719769643354021
G355,G290,0.0007688766898702876
G41,G141,0.000768293669416581
G41,G225,0.0007637718058976783
G170,G260,0.0007613936638877199
G54,G52,0.0007561466268118794
G170,G184,0.0007554933757024877
G41,G121,0.0007518248270878825
G382,G104,0.0007403575291089481
G170,G217,0.000723505945722373
G102,G75,0.0007167606167706037
G30,G158,0.0007115646997488245
G115,G66,0.0007096664890557762
G355,G236,0.0006967898666446135
G54,G182,0.0006939319295145643
G180,G383,0.0006929286401923321
G115,G306,0.0006924734381089682
G246,G173,0.0006823060133924475
G359,G148,0.0006784994711626045
G1,G248,0.0006663472290680331
G69,G258,0.0006619436216661334
G398,G242,0.0006508370281515241
G391,G262,0.0006367380198110187
G1,G264,0.0006360568212620682
G123,G228,0.0006354086502357581
G398,G273,0.0006353938957180671
G46,G86,0.0006326234865861591
G46,G264,0.0006253405697343728
G46,G160,0.0006237915025664661
G115,G360,0.0006089685786582789
G46,G34,0.0005996760139960478
G302,G295,0.0005971006493688397
G180,G1,0.0005908972925350777
G115,G25,0.0005899443634157682
G238,G384,0.0005811844227628371
G196,G142,0.0005786363213536733
G144,G193,0.0005747618757083878
G395,G2,0.0005739311280009828
G115,G233,0.0005710387089832257
G80,G374,0.0005706425802953705
G170,G256,0.0005652991101570137
G359,G383,0.0005647583741618251
G170,G88,0.0005640717667147483
G80,G224,0.0005587292286500789
G395,G83,0.0005561875333135423
G398,G278,0.0005494373291172194
G1,G193,0.0005441885519247448
G355,G389,0.0005429549632388828
G170,G77,0.0005421903042527251
G359,G109,0.0005371350754345
G246,G9,0.0005329236849759694
G395,G236,0.000529846995497886
G1,G316,0.000518602392742179
G382,G11,0.0005088429244182874
G196,G91,0.0004937906528133112
G54,G116,0.0004924039987384762
G1,G75,0.0004910224478496573
G243,G263,0.0004887097780708893
G30,G102,0.0004821418063309102
G80,G246,0.00047153455344087214
G359,G295,0.00046576728718290134
G170,G47,0.00046553100412605533
G170,G166,0.00045647356003717873
G30,G236,0.0004555480956027341
G253,G48,0.0004535826669103127
G359,G340,0.00044323619579619833
G115,G125,0.00043869644694399454
G1,G20,0.0004352711349831992
G212,G30,0.00043419050347656696
G355,G151,0.0004292781474863755
G359,G47,0.00040577907177757194
G30,G96,0.0004040165130720138
G123,G243,0.00039478172215293844
G359,G20,0.0003930907672550707
G243,G182,0.00038872843527958806
G238,G317,0.00038772843303815085
G398,G132,0.00038655979120494344
G115,G264,0.0003846760550067947
G391,G308,0.0003803899129297128
G180,G263,0.0003796658840856913
G170,G336,0.00037728183019666676
G359,G131,0.00036129307798646315
G1,G362,0.0003591967424641934
G80,G232,0.00035168446600639114
G180,G35,0.0003479204762876012
G170,G271,0.0003345072329797548
G359,G347,0.0003221712860818071
G355,G153,0.00031984932953169065
G395,G263,0.00031984764670570445
G382,G190,0.0003133077342992313
G115,G118,0.00031014210891433525
G115,G61,0.0003082860625348918
G1,G399,0.00029874193407648797
G180,G195,0.00029423719162032305
G115,G340,0.0002761387491088639
G359,G293,0.0002734888672910746
G80,G92,0.00027103007576165933
G170,G167,0.0002586662134921366
G30,G358,0.0002582535505886163
G19,G59,0.00025120179079448496
G19,G183,0.00024906552645296426
G170,G398,0.0002489877409044272
G393,G313,0.00024231455421529907
G395,G335,0.0002400924183902503
G54,G120,0.00023719243796944955
G130,G105,0.00022757126748262912
G115,G216,0.00022634393581406897
G1,G377,0.00019850283727930636
G115,G177,0.0001933753997799387
G46,G109,0.00019261798944314457
G115,G18,0.000187710880117372
G359,G335,0.00017808651225597466
G243,G158,0.00017269087942099054
G102,G186,0.00016970820793830305
G393,G308,0.0001684493666007647
G123,G82,0.00016692979025100668
G395,G104,0.0001603662864093358
G355,G58,0.00015620474201953095
G30,G379,0.00015242565864798455
G355,G192,0.0001490035009097182
G115,G47,0.0001468142903789174
G19,G230,0.00013909429303263568
G1,G225,0.00010769003647806766
G359,G384,0.00010216747430982082
G393,G359,9.398283823989356e-05
G180,G147,8.979693013230067e-05
G170,G160,8.029566003307266e-05
G46,G127,7.606951433522177e-05
G123,G185,7.41604139954527e-05
G382,G221,6.811619735103136e-05
G331,G57,5.9895311289664965e-05
G355,G259,5.638196856599248e-05
G115,G140,3.0074093031930843e-05
G355,G98,2.8577184468941974e-05
G180,G192,2.262559673551351e-05
G30,G299,1.6054857314710264e-05
G115,G202,6.104788671988659e-06
G1,G247,2.4734982164049957e-06
