Gene1,Gene2,score
G67,G92,0.561779106856725
G67,G167,0.5514955201758712
G67,G223,0.5462724336379943
G67,G86,0.5440452416681812
G67,G126,0.519942226373292
G253,G315,0.512801261071824
G84,G199,0.49341272646352613
G253,G335,0.47735720636947127
G253,G336,0.4761707815502189
G67,G131,0.47424419794176703
G67,G390,0.47282743813203776
G67,G87,0.46700514938427223
G246,G67,0.4612458761568365
G67,G340,0.4601943046301943
G277,G331,0.4497245443458624
G102,G221,0.44668939723427126
G253,G198,0.4443567632158789
G331,G277,0.4407838485393229
G253,G278,0.4386936507698701
G331,G212,0.4334805751411608
G67,G312,0.4323308228218617
G150,G138,0.4235193720330684
G67,G246,0.4191331613470754
G373,G253,0.4179568249330603
G84,G238,0.41659988189016517
G253,G373,0.41229817868058943
G84,G364,0.4120393875222487
G238,G84,0.40749757497303984
G144,G242,0.40688902914003955
G102,G157,0.40388783123267435
G144,G169,0.40297740700450696
G253,G144,0.3979131405510405
G253,G352,0.39271502547053605
G102,G80,0.3918585701115776
G80,G102,0.3915207241275122
G102,G256,0.39073271058586917
G67,G234,0.38854031600843514
G80,G190,0.38711717799260265
G302,G316,0.38430056437697213
G84,G218,0.37871184728035195
G253,G330,0.3774614607515112
G253,G39,0.3730825426555432
G84,G241,0.3691574351862072
G84,G344,0.36797052454045365
G67,G363,0.36087138946719677
G331,G372,0.3604221422945205
G144,G267,0.3504544365827826
G144,G228,0.3493037785703991
G84,G287,0.34802320252625907
G144,G376,0.3423384942017068
G69,G288,0.34184030716633373
G253,G324,0.34173217383704046
G47,G321,0.3376134288434417
G253,G341,0.33652028607865414
G253,G300,0.3322497830147878
G102,G135,0.332003532325009
G302,G280,0.33195920371975574
G144,G179,0.32945152623994667
G84,G283,0.3286390281385132
G67,G259,0.3277407734368455
G253,G150,0.3233964539300963
G331,G196,0.3208514392145935
G102,G375,0.32018093434182904
G84,G244,0.3200241908015137
G253,G168,0.3192019940784633
G67,G75,0.3175867596493318
G253,G53,0.3133995540267177
G67,G99,0.3112118111603239
G144,G349,0.31081434481779735
G47,G388,0.31037454616419463
G69,G153,0.3101832712895307
G84,G338,0.30876280279971563
G84,G104,0.3079570898397137
G84,G145,0.3071913739552414
G80,G357,0.3062806358315071
G144,G156,0.3044190101800628
G67,G185,0.30373061427461207
G253,G165,0.2996711797265835
G47,G142,0.29954114232582146
G102,G299,0.2934655821687159
G253,G109,0.28973519716516116
G84,G229,0.2874946832406424
G84,G334,0.28570028995029256
G144,G112,0.28556563176665695
G84,G57,0.28550891540013
G144,G369,0.28521745127619674
G331,G71,0.2844400246272353
G67,G205,0.2817762277977985
G69,G141,0.27949661351234295
G253,G273,0.27923371392887
G84,G118,0.2766013328709097
G144,G204,0.2762603349993769
G253,G103,0.27542489380783036
G47,G296,0.2734661125009979
G47,G342,0.27325497890501965
G253,G271,0.27051860512233666
G84,G302,0.26902890428929876
G47,G258,0.26574963592466944
G47,G323,0.26483792648445204
G398,G69,0.26231708766307016
G253,G317,0.2622804500661628
G102,G183,0.2590201976627759
G80,G88,0.25700439941008857
G144,G211,0.2553629536452605
G84,G46,0.2547728446896673
G253,G308,0.2547593044812329
G47,G276,0.25317744389902175
G67,G225,0.25269885267612546
G84,G120,0.2518249528564583
G67,G294,0.25105958362009695
G67,G143,0.24941680817895587
G253,G306,0.24780961569654755
G144,G297,0.24661919204417168
G102,G219,0.24647597206262492
G102,G105,0.24554041775862118
G69,G290,0.244701246321383
G84,G343,0.24392370433046057
G84,G295,0.24364088529059819
G382,G41,0.24011125882828888
G150,G130,0.2392289347208567
G69,G398,0.23880692044112742
G144,G65,0.23770403909988416
G144,G284,0.23530771514401821
G69,G304,0.2340144958112413
G41,G382,0.2325258575276458
G67,G237,0.22752817525792055
G47,G397,0.22750250151558854
G253,G293,0.22719845554012372
G102,G154,0.22483867767693222
G47,G163,0.22299396781897177
G84,G155,0.2223857559568266
G47,G193,0.22167869542342816
G47,G260,0.2205614905439754
G46,G356,0.21863987275582325
G144,G148,0.21648615711249058
G47,G133,0.21417963459800982
G47,G307,0.2125744387471989
G150,G62,0.211515949006949
G150,G249,0.21148836947534874
G144,G54,0.20963768693174148
G69,G47,0.20910913509738666
G84,G257,0.20857907806735784
G47,G377,0.20823812413012036
G47,G310,0.206971028818419
G47,G353,0.2047390472842498
G54,G303,0.20316194263723367
G67,G188,0.20265708831961848
G67,G201,0.20235761033130414
G253,G98,0.20014698285557003
G253,G384,0.19852123047278727
G84,G48,0.19710334327435006
G302,G393,0.1970756865562637
G67,G129,0.19634332308141297
G253,G132,0.19603016361213124
G47,G230,0.19416805797976308
G69,G85,0.19197318081272435
G253,G91,0.18918162052656048
G123,G206,0.1884007087807775
G47,G114,0.18613143701100798
G102,G110,0.18602616674013842
G84,G192,0.18511930427681292
G47,G79,0.1836855780251681
G180,G298,0.1835169339819551
G54,G385,0.1803325267303414
G302,G177,0.1792574173731982
G253,G313,0.17861126614224374
G253,G81,0.17720357415262306
G253,G161,0.17652150338647354
G102,G119,0.17534654966883353
G253,G59,0.1748955924510915
G391,G394,0.17450894248262058
G47,G275,0.17322536525536925
G47,G93,0.1731181462550011
G46,G77,0.1729698435505054
G67,G158,0.17123809372595253
G84,G122,0.17031779894550383
G80,G380,0.17031616939506777
G123,G250,0.16967436624873694
G67,G121,0.1693331420976499
G144,G329,0.1689778715672602
G84,G301,0.1676925427343024
G84,G374,0.16626702733274223
G180,G289,0.16447012486169307
G69,G299,0.16331250106272463
G382,G355,0.1617873071615759
G47,G42,0.15775180389216448
G67,G82,0.156549010186143
G47,G147,0.15592984612979238
G123,G181,0.1550626979578464
G47,G173,0.15437246516531575
G253,G100,0.15394783944257498
G253,G76,0.15295116192193448
G398,G180,0.1521084864377456
G41,G345,0.1515856536182437
G331,G67,0.14768527158026817
G41,G61,0.14760662478723827
G393,G279,0.14690835823840362
G102,G45,0.1456620015389557
G253,G210,0.14424371315002874
G41,G97,0.14394161238910325
G47,G50,0.1435976159181753
G123,G362,0.14312507711571493
G144,G335,0.1419186716552875
G84,G66,0.14186625622833615
G331,G136,0.14182715816763708
G150,G339,0.14165313701835092
G67,G124,0.13925891051760003
G144,G247,0.13874114159816842
G67,G187,0.13843666067541394
G47,G350,0.1383920499069355
G238,G199,0.13818484266922315
G144,G334,0.13817409489463417
G54,G245,0.13691293025103238
G150,G52,0.13679867640374035
G47,G37,0.13515269530502322
G47,G204,0.1348974990304967
G331,G41,0.13332616604125713
G47,G184,0.13304897641194188
G253,G35,0.1322710728291439
G144,G253,0.1318552840477047
G102,G164,0.13123441047566858
G84,G41,0.13026264369269952
G123,G398,0.1299173314960987
G150,G49,0.12950631496876994
G302,G84,0.1294217543759659
G123,G149,0.12941063132819064
G331,G228,0.12612379770349533
G67,G318,0.1260539101183635
G102,G217,0.12589598721257705
G84,G108,0.12497924999523605
G41,G351,0.12463198392977205
G80,G8,0.12366492534777257
G246,G223,0.12301717835417816
G54,G386,0.12203793188940314
G212,G251,0.12191832907569403
G212,G331,0.12172880320326879
G41,G33,0.12047293265099883
G47,G78,0.11977089936038078
G302,G128,0.11948909949576207
G144,G309,0.11916914632779213
G144,G218,0.11884859868062246
G253,G182,0.11877180785293119
G150,G38,0.11846178169948783
G115,G286,0.11821140022039844
G41,G262,0.1181539888048801
G102,G197,0.11810334907447148
G398,G322,0.11706824810756156
G80,G221,0.11702807016874667
G302,G123,0.11638498502351347
G102,G203,0.11620827938143537
G246,G86,0.1152190052611019
G253,G169,0.11419130121918783
G41,G366,0.11413305437026497
G41,G255,0.11400495008224064
G47,G269,0.11378858965102451
G150,G253,0.11297504864112953
G398,G67,0.11151173190785042
G331,G365,0.11133868738024591
G331,G383,0.11127960331884637
G67,G332,0.11106037998379872
G115,G146,0.11069350517495566
G331,G367,0.11052405768317197
G54,G19,0.11044963153219925
G54,G139,0.11032842263824295
G47,G111,0.10998828608085676
G398,G395,0.10978878024331012
G144,G277,0.10977072908914592
G262,G89,0.10949442170228724
G67,G175,0.10943507416986853
G67,G125,0.10920627177316508
G46,G344,0.10854372251384273
G253,G302,0.10848236655220467
G331,G92,0.10815454974766928
G84,G240,0.10782386867484978
G180,G270,0.10765437191308887
G67,G331,0.10753610929675284
G84,G69,0.10691633114218602
G47,G68,0.10687740489974573
G393,G302,0.10672837160674115
G212,G176,0.1063632550512634
G253,G196,0.10625285594010564
G393,G202,0.10596353320113333
G246,G167,0.1058976610103699
G150,G102,0.10576949401544467
G144,G338,0.10551977141314221
G130,G150,0.10479644489041376
G212,G174,0.10454282193361604
G382,G359,0.10428558929654447
G246,G92,0.10413815494421
G238,G364,0.10407494421975905
G69,G32,0.10346277959585734
G54,G191,0.10260791635739183
G47,G243,0.10251638114235646
G84,G265,0.1021860844531693
G144,G300,0.10186175376295406
G47,G162,0.10179427893182334
G302,G253,0.10172630641423294
G196,G263,0.10044509773305448
G102,G396,0.1002678274882244
G115,G348,0.10023146867397706
G144,G331,0.09942028871735775
G382,G292,0.09932860334263319
G331,G253,0.09876538299126225
G54,G282,0.09820703689112342
G30,G159,0.0981301888425302
G69,G57,0.09786282258282561
G80,G220,0.09660347572318137
G253,G156,0.09641976761167342
G253,G47,0.09611246879102694
G355,G387,0.09604460723451812
G19,G232,0.09587471418289228
G196,G253,0.09578726481635816
G382,G274,0.09573475618004475
G80,G157,0.09553337058776668
G19,G186,0.09486924225610711
G180,G266,0.09427687305807174
G331,G223,0.09253940592516632
G46,G199,0.09243432134117152
G102,G224,0.09163630349460306
G391,G392,0.09147844083807005
G47,G326,0.090889437045411
G253,G63,0.09084845131410689
G67,G39,0.09038553496241744
G331,G87,0.09019241487979018
G373,G315,0.09005771267170648
G80,G378,0.0900064898861431
G150,G39,0.08981652921535024
G373,G198,0.08974077317019255
G373,G336,0.0894534872949051
G54,G39,0.08934124765850751
G67,G398,0.08885153983633025
G253,G242,0.08878555137694369
G84,G169,0.08817304151387136
G150,G57,0.08794838042646519
G54,G254,0.0877808682703035
G144,G312,0.08771560952004731
G150,G31,0.08724101648339946
G1,G13,0.08723542889793605
G47,G129,0.08722156124654482
G196,G9,0.08719676762729223
G80,G256,0.08713467159579394
G1,G18,0.08654905498940706
G246,G312,0.08633660979500571
G262,G235,0.08586954970084747
G67,G105,0.08573824968227782
G212,G239,0.08570583136579257
G84,G222,0.08538780573048026
G144,G319,0.08530598839233645
G302,G199,0.08530311164043355
G115,G178,0.08518281756431728
G46,G84,0.08512555752601739
G398,G391,0.08435521549157415
G47,G69,0.08379023206728847
G102,G370,0.08373202359632138
G144,G212,0.08369657429372168
G277,G194,0.0835740684046558
G69,G156,0.08296258839061985
G391,G327,0.08284252316318748
G212,G198,0.0826720175143058
G331,G144,0.08255647406056421
G144,G341,0.08235330722674472
G393,G96,0.08217107999607792
G391,G226,0.08190571940485952
G67,G135,0.08066601922433546
G212,G373,0.08047809658977984
G84,G206,0.07965752911066562
G391,G22,0.07931980592642847
G67,G198,0.07898972446898736
G67,G268,0.07897699045621998
G253,G67,0.07890975856553736
G253,G280,0.07879415445235449
G30,G214,0.07878631158273113
G67,G144,0.0786810104180985
G373,G34,0.07864174477120923
G123,G189,0.07853583743573814
G30,G72,0.07841128255205904
G150,G336,0.07820520507338569
G180,G398,0.07811692386240078
G1,G6,0.07796704479660227
G262,G379,0.07777212254664312
G41,G115,0.07761674385830247
G67,G90,0.07750210639034909
G84,G216,0.07748761708645763
G246,G253,0.07732788468330887
G130,G253,0.07723958459709215
G54,G354,0.07701242343387327
G102,G196,0.0768065494706481
G212,G169,0.07672662712923878
G277,G267,0.07665321926019011
G47,G11,0.0765349422739565
G398,G101,0.07649688376465197
G80,G375,0.07649465915186959
G54,G195,0.07628753411659596
G115,G127,0.07605216304068206
G144,G390,0.0760025614479923
G41,G84,0.07569491793769499
G115,G325,0.07545722618079001
G19,G25,0.07518869106565637
G238,G145,0.07494649058917885
G180,G196,0.07485996401598377
G115,G215,0.07482222898522357
G212,G144,0.07477630094983573
G54,G116,0.07477427894383577
G80,G227,0.07398155803604568
G196,G381,0.07396829985475965
G196,G198,0.07369320699463106
G69,G321,0.07314869557726149
G41,G51,0.07310689827123913
G391,G399,0.07239367079599761
G196,G331,0.07233251097359833
G150,G109,0.0718999793141582
G144,G336,0.07179607012860295
G84,G39,0.07170757316282986
G123,G314,0.0715724090010462
G253,G145,0.07132150792056768
G150,G95,0.07101998429665937
G115,G137,0.07101875261574718
G54,G152,0.07082193892937562
G84,G297,0.07080635336814768
G382,G398,0.07066414374405264
G19,G26,0.0702611919237326
G19,G21,0.07019224236633992
G212,G27,0.07019059509809968
G54,G253,0.07016728612198996
G212,G324,0.07016620390588074
G123,G133,0.07007719410717568
G67,G321,0.0700389160470425
G246,G17,0.07003031893840288
G69,G192,0.06997228212850931
G102,G199,0.06995552612370606
G212,G253,0.0698827058812391
G144,G352,0.06966620030574752
G41,G150,0.06965529426428547
G69,G41,0.06956217611391591
G238,G198,0.06930347495720765
G19,G192,0.06929826974357864
G246,G131,0.06924811199646655
G19,G22,0.06914076288447674
G373,G376,0.06905409026911874
G144,G346,0.06900532979447514
G302,G198,0.06882410942444567
G373,G330,0.06851354798067644
G277,G196,0.06848474302724852
G144,G223,0.06834232731618087
G84,G316,0.06825282993966145
G253,G368,0.06814619502324551
G47,G253,0.06803749752947932
G46,G253,0.0679833706039545
G47,G273,0.06795266003527836
G144,G198,0.06793007980643334
G67,G317,0.0679261385595908
G238,G344,0.06765810034806785
G212,G372,0.06713075227482573
G277,G242,0.06687826656284293
G102,G357,0.06684365310689713
G84,G102,0.06682752121400058
G246,G234,0.06664481439584383
G102,G150,0.06637075695413118
G67,G253,0.06630708430324356
G277,G376,0.06622843562609063
G170,G207,0.06590186075676886
G41,G57,0.0658778651945516
G19,G311,0.06582198264440785
G144,G217,0.06574761417896717
G84,G62,0.06568154769680658
G144,G165,0.06560436534831568
G19,G107,0.06535948671868766
G46,G57,0.06529984762407945
G46,G241,0.06512465087815454
G359,G382,0.06512054774730028
G144,G196,0.06509154509146484
G41,G331,0.06494003902983123
G144,G315,0.06479919872637324
G196,G273,0.0647587531900077
G302,G109,0.06434979069624808
G277,G253,0.06428485414364399
G41,G67,0.06423502918072069
G54,G300,0.06421592933138753
G246,G340,0.06417112424302382
G246,G145,0.06412999694829877
G391,G156,0.06406700058545656
G67,G171,0.06403102764661285
G302,G299,0.06400193459832382
G144,G278,0.06388845869777898
G238,G338,0.06384891250297697
G238,G302,0.06359191403224598
G196,G234,0.06356818737773942
G246,G126,0.06344744036021627
G150,G84,0.06331891033689827
G302,G212,0.0631354720104618
G150,G41,0.06302812710385859
G212,G312,0.06301013788980392
G84,G253,0.06298729967778435
G54,G252,0.06235687309768724
G246,G87,0.06218600514267417
G246,G57,0.06208178323185648
G47,G196,0.06198911176990671
G30,G285,0.06196324694187778
G80,G84,0.06193748485137976
G277,G58,0.061915548258308764
G19,G28,0.06177410563016819
G373,G39,0.06165998228589045
G212,G99,0.06144087409886266
G144,G67,0.06137427738156109
G150,G315,0.06133264608011141
G47,G74,0.061288298441335064
G67,G169,0.06103691322916743
G41,G131,0.06100573091741164
G262,G170,0.06096333191078022
G355,G389,0.06058488921064718
G373,G335,0.06053627720242383
G398,G223,0.06026288234669813
G253,G334,0.060236919615712814
G238,G327,0.06009923679675346
G246,G335,0.0598917075956642
G246,G229,0.0598565942595031
G47,G188,0.05962724171416346
G123,G169,0.05950285603694348
G196,G336,0.05949206199568158
G331,G126,0.059466583473159224
G359,G196,0.05941941367172386
G102,G190,0.05941114673619402
G67,G41,0.05928673205537671
G212,G196,0.05903261571079649
G54,G228,0.0589202437758099
G238,G218,0.05879257551785366
G331,G75,0.05876148949998142
G373,G179,0.058710234894736923
G19,G20,0.05851494131592877
G54,G242,0.058375004434986194
G41,G223,0.05802151878831571
G84,G138,0.057972439583161006
G1,G2,0.05791463337759386
G355,G60,0.05780664754915056
G144,G70,0.05769470756170652
G373,G341,0.05765942655284939
G253,G267,0.057518640022525686
G80,G299,0.05749912788248818
G41,G180,0.057310228507454056
G331,G138,0.05727858463656332
G246,G71,0.057268610098167
G69,G198,0.05722852518877364
G67,G233,0.057017388485915546
G212,G71,0.05701469365216119
G359,G183,0.05697362837655645
G246,G349,0.05690839378901297
G196,G397,0.05689601388137924
G331,G312,0.05677910890731008
G67,G47,0.0567192139762947
G102,G364,0.05665007923617135
G238,G46,0.056582016163343185
G170,G294,0.05657449995484192
G102,G241,0.05645177118239844
G302,G183,0.056328726402430224
G382,G253,0.05616936697279146
G19,G54,0.05610459771692679
G54,G169,0.05601023193445015
G196,G335,0.055989077429385165
G253,G75,0.05597582088436445
G46,G305,0.05595880136493062
G1,G7,0.055844769537970296
G373,G293,0.055842957999488185
G144,G219,0.05576814269027716
G54,G261,0.055738988320389954
G1,G14,0.0557227497124871
G47,G308,0.05565297095720875
G144,G53,0.05557516832820103
G123,G371,0.05556200211921275
G277,G169,0.055238333469542794
G391,G322,0.05499179092974451
G123,G253,0.05490286105757601
G373,G144,0.05485806703953816
G355,G272,0.054631548419742465
G246,G363,0.0545127080032648
G144,G131,0.05450982072357835
G196,G144,0.054464011740317536
G84,G198,0.054179677541553894
G123,G336,0.05415856265921706
G150,G144,0.0539269714217995
G302,G169,0.0539096866117493
G373,G164,0.053795846295800635
G212,G64,0.05372331387728782
G331,G248,0.0536748943735822
G302,G344,0.05354132410942805
G238,G283,0.053521666071339236
G277,G335,0.053512494047308096
G382,G198,0.05337417166817379
G212,G380,0.05331720375271046
G46,G302,0.05330876289581307
G144,G150,0.053089147156523825
G54,G335,0.05306880689399798
G359,G219,0.053007580531045886
G253,G369,0.05297208411376608
G246,G204,0.052843601097224635
G19,G18,0.05281623806830216
G391,G397,0.05278213889424768
G180,G41,0.05275273797544874
G246,G259,0.052672312205828214
G355,G134,0.052657533886236556
G373,G169,0.05247223929239894
G212,G228,0.052451002686550674
G196,G388,0.05236617906090894
G102,G88,0.05209260863378648
G130,G333,0.051976569053239816
G144,G373,0.05197022753205627
G238,G334,0.05184624415306158
G84,G330,0.05162966942054009
G123,G66,0.05142633017666321
G54,G168,0.05133842810019311
G150,G264,0.05128939108119248
G150,G335,0.05127827754286696
G393,G357,0.05120652881320838
G212,G336,0.05115849138455933
G238,G104,0.051119840781308074
G1,G16,0.05100394869624644
G47,G299,0.050997132136750695
G1,G3,0.0509729189583559
G80,G135,0.05090521606260576
G46,G150,0.05084909289144576
G19,G113,0.0508415775690615
G41,G166,0.050836298163783905
G30,G291,0.05074480497418945
G69,G344,0.05066750690195779
G80,G302,0.05060737400003572
G373,G353,0.05058728806218496
G150,G199,0.05040743745315951
G54,G331,0.05015426056830671
G47,G67,0.050137825982016854
G277,G372,0.05000418584183522
G150,G198,0.049898141350918634
G196,G315,0.04989110671005409
G246,G390,0.049779852262561486
G54,G336,0.04977872831557517
G46,G364,0.049770266789755324
G302,G145,0.049654122188931976
G373,G84,0.04958676322276677
G253,G73,0.04949223147956547
G180,G47,0.04939524656814888
G302,G238,0.049383833628172
G253,G342,0.049198524559047135
G212,G54,0.04917089175884931
G238,G161,0.049116415346677614
G41,G69,0.04909316184343268
G46,G169,0.04908234102867898
G47,G153,0.049009254669575786
G302,G335,0.04890092128737958
G246,G198,0.048794716347343475
G373,G297,0.04878308478542612
G196,G212,0.04877744636781975
G331,G340,0.048577488207131814
G277,G246,0.0484287637734879
G253,G382,0.04838329030866913
G253,G211,0.0482892775948173
G46,G304,0.04815672621697123
G238,G244,0.048152519359779294
G19,G44,0.04809252620373443
G277,G67,0.04804878558067363
G115,G305,0.0479883823827809
G355,G361,0.04798761508900082
G253,G331,0.04794211363589651
G67,G196,0.047928812912966495
G150,G373,0.047874138317398784
G47,G126,0.04775646320359386
G46,G198,0.04775346498068882
G246,G242,0.04775085234955834
G395,G398,0.04762057303426304
G212,G306,0.04739675835357168
G46,G335,0.04734553534267549
G391,G67,0.047343929511441306
G246,G238,0.04726932272231971
G393,G198,0.04718154119357938
G170,G262,0.047119235931543206
G69,G302,0.047036446786069774
G196,G39,0.04702355586767187
G80,G393,0.04682574461240913
G54,G66,0.04682174296455158
G393,G336,0.04678647905066119
G277,G341,0.046713797041429556
G150,G398,0.04670696122842599
G84,G36,0.046647152897195863
G373,G278,0.04664322510636895
G69,G177,0.04655663782551557
G398,G86,0.04648510868585222
G355,G41,0.0464780935916909
G102,G304,0.0464175213528447
G115,G95,0.04641463244452068
G393,G262,0.04636300600735552
G69,G84,0.046261739054709844
G46,G155,0.0462330490523236
G46,G48,0.04622416235437679
G246,G336,0.04616866471783376
G373,G156,0.046134308087563
G84,G336,0.046123695463329506
G398,G288,0.046107085152088445
G54,G198,0.046102150527877306
G253,G23,0.046021355351615195
G54,G212,0.045886298227139216
G30,G322,0.045868949521245955
G47,G132,0.04579719677864563
G243,G277,0.04549386093435271
G238,G347,0.045376224992308055
G355,G386,0.0453040106677958
G382,G336,0.04526886657658137
G196,G53,0.04519053661976993
G54,G315,0.0451400607831869
G115,G208,0.04512635902148479
G238,G57,0.04508716627997719
G150,G229,0.04504117107361494
G41,G92,0.04500010068167501
G144,G168,0.04482181568599672
G212,G302,0.0447820698896049
G69,G106,0.044738335560839136
G331,G140,0.04467107203559124
G243,G321,0.0445904490954242
G47,G317,0.04456087686867061
G277,G307,0.04453879706037837
G47,G398,0.0445186971881765
G277,G142,0.044516922775877356
G246,G144,0.0444365835091006
G80,G47,0.044351360706218416
G67,G179,0.04432167165948092
G243,G47,0.04420223754201337
G180,G304,0.04412545170965601
G144,G281,0.04403181069372139
G46,G317,0.04398010047699563
G391,G235,0.04390976111203619
G391,G108,0.04386693581249962
G212,G242,0.04383754539176252
G331,G86,0.043800903188477236
G54,G144,0.04375553305750085
G84,G236,0.04364891364293257
G144,G138,0.043589042174766834
G150,G145,0.04347101862516389
G373,G138,0.04345374154552742
G46,G120,0.04336127001744797
G123,G322,0.04320836684881216
G196,G363,0.0431716191132665
G196,G105,0.0431220765265356
G331,G213,0.0430415427326214
G150,G384,0.0429849159028709
G41,G158,0.042942381415310885
G212,G29,0.042897579070130226
G47,G165,0.04283919272106723
G359,G41,0.04275690040100959
G102,G207,0.04273879184466893
G196,G278,0.042718886271785494
G1,G12,0.04266704588667562
G331,G390,0.04265757488795069
G382,G335,0.04265485857358893
G144,G276,0.04264678736328714
G67,G154,0.04261113793965704
G144,G330,0.04260639043522177
G46,G287,0.04257697568643934
G262,G41,0.04252254886491627
G373,G150,0.04251373822062263
G123,G302,0.042462313424937184
G398,G126,0.04245877034072737
G47,G246,0.04242119619132646
G395,G41,0.0423379756032113
G246,G169,0.04231396319727526
G67,G260,0.042277468411174815
G212,G245,0.04224870870488366
G395,G292,0.04224218831540588
G102,G349,0.04222894084138684
G54,G246,0.04217602321549137
G253,G321,0.042129714531449244
G277,G198,0.042071290634586145
G246,G273,0.04201522951521583
G80,G105,0.04198061400977002
G277,G86,0.04196731281828245
G67,G114,0.04191962062487392
G331,G234,0.041918243760887874
G47,G228,0.04189280983982299
G84,G150,0.04178954924863418
G47,G91,0.041776477623366864
G54,G205,0.041775850002977094
G212,G335,0.041747169964252595
G302,G287,0.041735387210645514
G302,G315,0.04170326465899521
G382,G375,0.04168844456752946
G302,G278,0.041654597530941806
G331,G169,0.04164156616025941
G150,G169,0.041576456061979405
G84,G40,0.04156608959574919
G302,G218,0.041544571026782495
G180,G321,0.04153665944913269
G262,G328,0.041516899920083554
G54,G341,0.04151349823229471
G67,G335,0.041512961957348715
G1,G94,0.04146753324290132
G41,G135,0.041455696905608935
G355,G314,0.041438164350635534
G1,G38,0.041348517001471685
G212,G393,0.041346458621371554
G302,G165,0.0412175459027985
G47,G336,0.04119090553369152
G102,G41,0.041183659426828834
G46,G336,0.04114303063373417
G196,G1,0.04102017066044022
G212,G284,0.040992573267076726
G54,G67,0.04097886759964994
G69,G150,0.04097585626347254
G238,G47,0.040885721027224375
G196,G24,0.04081220171962271
G382,G315,0.04072950184571214
G19,G118,0.04072316665798077
G115,G148,0.04070391654302147
G196,G340,0.04069050608406624
G67,G276,0.04066655468827113
G123,G47,0.04056535672860134
G47,G198,0.04052131906483224
G41,G218,0.04044840557355961
G277,G41,0.040404229435990535
G47,G92,0.040327936758475014
G277,G179,0.0403215943347463
G54,G369,0.04025657883264461
G130,G138,0.04017971937049941
G373,G196,0.04017474645320995
G46,G238,0.04014826477591507
G84,G395,0.04013534402582998
G30,G151,0.04011235736792111
G277,G349,0.04010215318174548
G196,G67,0.04000419116872023
G102,G321,0.03999457726266323
G30,G182,0.03998431659229977
G238,G120,0.039925304771518955
G393,G46,0.03989123165635651
G46,G39,0.03979342960257716
G123,G155,0.039778935582666076
G1,G5,0.03977135554802864
G331,G303,0.03973076999874116
G395,G378,0.0397153824951046
G115,G41,0.03971337081739321
G277,G212,0.039700087663109784
G150,G278,0.039648391788706994
G47,G187,0.039629801529888556
G246,G315,0.039617385274763106
G331,G336,0.03961222651948465
G19,G109,0.039549111151556945
G41,G75,0.039474632957078426
G373,G218,0.039385669531488754
G277,G167,0.03935681580478609
G355,G58,0.03935574598767752
G144,G87,0.03929537996269458
G144,G308,0.03928435612937531
G46,G316,0.03923880983790842
G46,G321,0.03921547531138936
G84,G172,0.03912258298253808
G196,G353,0.03909306036135898
G238,G315,0.03902182882604292
G41,G86,0.0389735476214664
G46,G186,0.03896354711326419
G262,G30,0.03885666578971693
G115,G145,0.038849575506354546
G67,G308,0.0387504761209615
G80,G148,0.03870610883530158
G212,G349,0.03870120342776451
G382,G87,0.03852680408847477
G102,G48,0.038459723308908386
G30,G209,0.03833788010914674
G355,G382,0.03825621470791965
G262,G253,0.0382413675987637
G212,G317,0.038191865485144305
G238,G77,0.03815842936480991
G253,G92,0.038152630720366565
G196,G150,0.03815140198743319
G373,G79,0.03812357858641045
G19,G145,0.03808946569099616
G80,G183,0.038076696234557034
G238,G288,0.03805067081268594
G253,G138,0.038022866506036035
G54,G10,0.037983400802487695
G67,G204,0.03793470641967914
G84,G369,0.03792994830035441
G331,G330,0.037897216912847476
G144,G246,0.03788778293377376
G180,G69,0.03788008563503516
G277,G274,0.03787669520443169
G393,G144,0.03776120213131895
G30,G337,0.03773622976061641
G243,G273,0.037725875066804186
G253,G276,0.03767106592078237
G243,G260,0.03766332506478477
G54,G278,0.03762965273640616
G144,G302,0.03758012050159343
G150,G330,0.037522402303992924
G115,G132,0.037516622493039026
G246,G373,0.03751222243368918
G80,G142,0.037435418520735834
G331,G230,0.03741077396224275
G262,G150,0.03731479165201905
G302,G341,0.03725871762954852
G84,G237,0.03720703290517704
G19,G56,0.03718908392824754
G41,G202,0.03711387121582346
G331,G167,0.03709479676575497
G47,G131,0.0370902999946183
G144,G126,0.037083172459492636
G277,G144,0.03703435341730893
G398,G46,0.03702944103385129
G373,G103,0.037022503363234205
G277,G278,0.037019563032594155
G382,G138,0.03696037368816828
G144,G39,0.036957914980540296
G243,G102,0.03694226342155771
G196,G169,0.03692018620386067
G395,G357,0.03690982302985385
G196,G312,0.03681248761616282
G54,G314,0.03680836619512792
G144,G129,0.03678772591143323
G130,G198,0.0367641022806563
G238,G168,0.03672570647903088
G253,G57,0.036695553891965105
G47,G161,0.03665198729480297
G150,G323,0.036636822748111024
G67,G388,0.036632852631260496
G373,G338,0.03662175825628003
G69,G191,0.03658308950852354
G196,G165,0.03656232189212516
G41,G138,0.03655305270963663
G238,G169,0.03653319439793709
G196,G398,0.0365190891980767
G46,G76,0.03650202439499021
G80,G307,0.03647047580491535
G80,G82,0.03642707717819595
G393,G253,0.03642370283712533
G84,G256,0.036371256585720074
G253,G167,0.03632059367441637
G30,G37,0.03629491409810347
G391,G398,0.03624182638100716
G170,G223,0.03623702123138169
G238,G241,0.03618210432419827
G373,G324,0.036181428033044305
G46,G218,0.03617536473216576
G262,G302,0.036158447709960906
G277,G324,0.03613041679272197
G123,G192,0.036064160651921
G69,G43,0.03589884989529283
G331,G6,0.0358814027635527
G46,G280,0.03586366990847617
G359,G375,0.035860753099298356
G123,G86,0.0358578402192537
G69,G165,0.035819698882880655
G398,G144,0.0358134492993329
G67,G372,0.03579910014915197
G144,G45,0.035772591036418944
G69,G199,0.035751064455172565
G398,G196,0.03572261616704234
G243,G75,0.035712873737035425
G382,G278,0.03567590195371387
G46,G145,0.03565074433442303
G46,G91,0.03563000925754531
G395,G169,0.035629724776124735
G47,G349,0.03562306006099668
G373,G114,0.03561990989904856
G69,G364,0.03560799168488425
G246,G205,0.035522308063872576
G359,G345,0.035502587523926925
G67,G278,0.035494617959562075
G277,G312,0.03548391204491946
G123,G179,0.03538707941008945
G355,G360,0.03536211217401743
G302,G231,0.035337804325709425
G46,G244,0.03530688567397508
G373,G337,0.03529856300669389
G123,G67,0.03529764267596526
G54,G145,0.035275420127140605
G102,G117,0.03525555992643549
G302,G324,0.03521353664984769
G238,G156,0.035211704906175534
G41,G229,0.035210564328353594
G373,G54,0.03518850461354023
G212,G352,0.03517377095323604
G359,G80,0.035147878019447146
G150,G299,0.035107525482500276
G123,G246,0.03508982081369748
G302,G338,0.03507492919583752
G331,G385,0.035020060806470146
G19,G306,0.03499818967728243
G46,G285,0.034899472712822184
G398,G219,0.03489751030209601
G373,G188,0.03488358083917163
G393,G109,0.03477133903230542
G54,G267,0.03471747645991924
G238,G373,0.03470997461981319
G30,G67,0.03459855325357874
G123,G388,0.034594304230308244
G47,G80,0.03458550144786812
G196,G299,0.034486743499640385
G238,G118,0.034430442233005454
G238,G39,0.034333646539460444
G130,G302,0.0342801743133615
G246,G75,0.03427665317697415
G238,G109,0.03423481901104229
G331,G324,0.03422610950022212
G246,G353,0.034181812875507325
G130,G61,0.03417086820155516
G196,G223,0.034160857511759235
G277,G294,0.034156111103217854
G19,G272,0.0341336891946174
G47,G324,0.034072470285948994
G102,G50,0.03405684512434043
G243,G46,0.03394766160374018
G47,G304,0.033925768922859006
G359,G385,0.03390873898379113
G398,G169,0.033900691743893346
G373,G67,0.03387138333549711
G277,G228,0.03384340239235087
G212,G65,0.033839701029191455
G355,G394,0.03383863307251713
G196,G324,0.03383813596502036
G69,G183,0.03383266228693825
G331,G198,0.03383157916590715
G395,G47,0.03380479700598089
G373,G165,0.033764645833231605
G302,G196,0.03374769133993746
G46,G200,0.03371710565931223
G123,G118,0.03366172984166821
G1,G0,0.03350178080696102
G277,G143,0.03349287470609774
G1,G4,0.033405586244755904
G84,G299,0.033382399827134146
G302,G229,0.03335560526363454
G246,G341,0.03335102422631572
G212,G277,0.03332220409301301
G196,G184,0.03331660788985219
G46,G279,0.0333091193597147
G238,G253,0.0333082665389427
G180,G135,0.03323513230299917
G373,G87,0.033227002890110824
G395,G84,0.03322541843213467
G243,G196,0.033191987735693075
G84,G322,0.033165975932621064
G41,G2,0.03312263357191684
G115,G250,0.0331000811943701
G47,G86,0.03302646495633693
G196,G47,0.03299382864854106
G144,G109,0.03296960815226499
G102,G84,0.03296948436090655
G115,G327,0.032923298509756775
G41,G87,0.03289577501907945
G1,G253,0.03284287753386373
G19,G169,0.032825661862996
G395,G321,0.0328077069031821
G46,G343,0.03274909002391933
G246,G342,0.03273154024690683
G19,G198,0.03267256799087796
G123,G156,0.032643523990250486
G196,G168,0.032633103504168454
G359,G150,0.03263205765689767
G246,G196,0.0325766251016818
G102,G83,0.032558625095733595
G69,G388,0.032558497244863094
G238,G280,0.03247172128821177
G67,G324,0.03245156310400399
G253,G234,0.03242895408565624
G180,G299,0.03240948575432713
G398,G153,0.03240086552420837
G19,G334,0.032327688599901226
G30,G320,0.0323271079387087
G123,G198,0.03231797503260311
G302,G373,0.03222529276017491
G246,G39,0.0322072589079872
G180,G66,0.03217927803805383
G395,G198,0.03213390275188796
G238,G155,0.03211857332283938
G212,G267,0.03207881904420112
G19,G95,0.03207855845916433
G80,G283,0.032021424970602064
G80,G137,0.032019599253838495
G102,G310,0.032004711576001696
G246,G331,0.03198892436015277
G243,G198,0.03197898341296108
G30,G213,0.031965808337848935
G355,G392,0.031960684847798314
G391,G150,0.03194418865054904
G69,G142,0.03194015456167605
G262,G80,0.03193116337542534
G243,G206,0.03190916065952729
G84,G160,0.03185978285346242
G130,G391,0.031799344485912436
G46,G156,0.03179011110552517
G373,G228,0.031769315039243046
G196,G99,0.0317656625494841
G123,G278,0.03175935116056512
G115,G358,0.03172060714931074
G373,G109,0.031712908243629906
G30,G33,0.03170247304710737
G253,G86,0.031694966153792
G398,G253,0.03169295421491909
G393,G84,0.03164421539768396
G69,G380,0.031624295113127074
G277,G293,0.03158372269191845
G243,G308,0.03157460672896809
G19,G338,0.031571091342287985
G212,G316,0.03156901342173572
G302,G144,0.031539059685234544
G302,G364,0.031530219345397764
G67,G376,0.031515391065886494
G243,G320,0.03149948565599417
G19,G50,0.031474193901322355
G373,G349,0.031467688080502154
G130,G335,0.03144420288770153
G67,G156,0.031430851339943944
G150,G334,0.03142404803606483
G302,G157,0.03141421541901521
G69,G179,0.031384636207900586
G54,G334,0.031381765973739775
G150,G190,0.031368954550347085
G246,G300,0.0313530373993732
G262,G88,0.031352433374524535
G196,G317,0.031344554636976524
G262,G183,0.03132856403700775
G398,G198,0.03130040457782045
G331,G315,0.031252299520217075
G238,G287,0.031224669705538444
G391,G86,0.031198103519350165
G144,G86,0.031191280051656667
G253,G246,0.031132709195514946
G41,G167,0.03113082487947577
G393,G218,0.031082930624121208
G246,G228,0.031074758182321915
G196,G352,0.031063760230412574
G130,G135,0.031052038757068447
G46,G393,0.03104682927708198
G1,G58,0.031015467395452734
G373,G259,0.031010495991511663
G246,G165,0.03099619142383367
G54,G373,0.03098823977734466
G382,G276,0.030948868061229026
G238,G41,0.030945867255677717
G253,G87,0.03091642053597607
G47,G223,0.03090957285104548
G253,G312,0.030869475716413908
G47,G167,0.030865354147003726
G277,G168,0.030862833713366206
G54,G179,0.030845595419614624
G393,G169,0.030804606484499966
G373,G212,0.030741346659204916
G150,G196,0.03073892086157931
G355,G280,0.030736763149195764
G150,G69,0.030733608234417634
G398,G165,0.030633094147886925
G170,G253,0.030585858506822352
G102,G346,0.030579406146251174
G170,G227,0.030558083918753202
G123,G48,0.03055168196587025
G196,G280,0.030484908610680234
G84,G22,0.03047548374521307
G302,G69,0.03045559463972751
G30,G149,0.03044314989899343
G150,G341,0.03040669039967156
G277,G129,0.0304047535422394
G253,G390,0.030393765944306483
G170,G142,0.03038436440396478
G150,G306,0.030357802356907465
G382,G156,0.030352257002604174
G253,G338,0.03034437250213215
G102,G120,0.030331745233201896
G84,G280,0.030324309599665422
G115,G39,0.03031349188781325
G382,G308,0.030308952309830536
G243,G95,0.030306453617520334
G243,G398,0.030195460511895318
G46,G114,0.030194521251761752
G115,G120,0.03014539592867213
G393,G299,0.030134999898932494
G123,G276,0.030126987506029393
G84,G249,0.030121513527123292
G41,G199,0.03008263723765904
G130,G169,0.030058727953452352
G196,G373,0.030006834173896435
G393,G53,0.029987617463852013
G46,G178,0.02993485579079548
G54,G86,0.02993474167983594
G277,G156,0.02991152911442707
G253,G218,0.029901399088112374
G212,G39,0.029822257917147377
G246,G225,0.029811966247107913
G246,G99,0.029809440453987812
G54,G308,0.02980125966446813
G277,G297,0.029795779154608987
G382,G340,0.02975945792952498
G373,G53,0.02974886026567694
G262,G256,0.029747954463040557
G46,G278,0.02972075219964411
G144,G324,0.029712803263343912
G150,G287,0.029704506835514094
G144,G280,0.029667011949886607
G382,G86,0.029664791259614562
G130,G196,0.029651548489450466
G150,G218,0.029635162906906154
G253,G13,0.0296337703096482
G46,G334,0.029633386930755345
G395,G170,0.029632614871509994
G331,G335,0.029631851481295463
G212,G218,0.029578240073706352
G382,G39,0.029571432396374997
G46,G119,0.02957077760071653
G123,G340,0.029563979325081154
G373,G168,0.02956010981306939
G373,G238,0.02953086038667413
G359,G379,0.029517388298477783
G253,G126,0.029490053153901463
G46,G138,0.029481022281631977
G196,G376,0.029442027496450612
G30,G101,0.029439545359423187
G238,G138,0.02939944813556228
G41,G15,0.029386409643346597
G46,G132,0.029385673102419144
G302,G130,0.029364269549121372
G123,G324,0.029349484929059852
G355,G374,0.0293004273388019
G102,G104,0.029285503797495338
G246,G47,0.029252191272322883
G243,G373,0.02923693350067593
G398,G363,0.02919932677983965
G393,G352,0.02916622749923002
G19,G253,0.029149058016235657
G46,G66,0.02912904026932528
G243,G41,0.02912657097375234
G67,G242,0.029105900258745238
G277,G165,0.029099952118732203
G382,G28,0.029033907049775112
G130,G219,0.029011161415904332
G41,G126,0.028903424632604147
G41,G12,0.028857994735384335
G253,G212,0.028847490741150728
G382,G312,0.02884560680828023
G238,G80,0.028836272689452144
G212,G67,0.02880780835154806
G196,G180,0.028806931862334864
G54,G284,0.02880621040244534
G115,G279,0.028728916336867624
G150,G215,0.028688562379789787
G54,G48,0.028653534493982405
G144,G149,0.028615632834023852
G395,G287,0.02859579267570502
G54,G165,0.02859454993830844
G238,G192,0.028542777665760036
G150,G331,0.02850939278894382
G54,G196,0.028496061750702836
G393,G102,0.028418066607592163
G115,G167,0.028410649262813815
G373,G148,0.0284062901898071
G246,G79,0.02840217436343119
G30,G166,0.028368629606342257
G102,G55,0.02835432190097984
G277,G223,0.028341373636846023
G398,G47,0.028321917520529177
G196,G258,0.028237803832650274
G373,G46,0.02822678480855209
G123,G308,0.028146871740522203
G123,G167,0.028129176275767317
G393,G280,0.0281192109803962
G54,G110,0.02809630402997126
G67,G66,0.028089817651791193
G382,G67,0.0280332383981078
G80,G262,0.028030856522775302
G212,G313,0.02801227701435914
G150,G352,0.028002300833793264
G54,G126,0.02799373754920513
G130,G57,0.027991049451146596
G180,G89,0.02797416147798439
G54,G352,0.027972605004508835
G393,G39,0.027970127624367347
G359,G365,0.027953663923643058
G19,G57,0.02787533740493446
G170,G373,0.027874572489924834
G80,G154,0.027847858798561997
G144,G103,0.027838122916799157
G359,G151,0.027835648640661237
G373,G273,0.027820752498722068
G115,G19,0.027801526336806853
G302,G336,0.027798343561855704
G393,G212,0.02778822958220928
G277,G397,0.027777492803360573
G19,G39,0.027759988955472978
G47,G339,0.027748896801884484
G115,G116,0.027748303974043813
G19,G99,0.02772923585852579
G19,G193,0.02771989812901094
G41,G3,0.027706033933462524
G277,G131,0.027704773608860395
G246,G278,0.02770474588339325
G115,G92,0.027677649085312
G196,G86,0.027649636052620885
G373,G187,0.02764696234217541
G398,G390,0.02764323070850644
G373,G242,0.027634884428862222
G47,G102,0.02762173075419004
G30,G170,0.027615299349808713
G243,G91,0.027582521431993808
G398,G331,0.02758040639165757
G373,G302,0.027539630511188046
G277,G259,0.02753816487019889
G391,G165,0.027504227926437003
G359,G398,0.027493964819918053
G355,G287,0.027485182925152552
G84,G221,0.027465858235022678
G1,G19,0.027431552056668806
G302,G206,0.02741761224874488
G102,G296,0.027408524344376947
G84,G348,0.02739731317592872
G47,G284,0.027389421308480835
G196,G71,0.027374402994082198
G150,G221,0.027361318523722145
G123,G352,0.027360972098603192
G54,G297,0.02731050046550003
G46,G104,0.027309822852286864
G382,G57,0.02726699647349143
G54,G324,0.02715879947347713
G115,G84,0.02714619162823646
G47,G141,0.027135207728301428
G69,G218,0.027098064769862748
G115,G126,0.027072947012123646
G262,G102,0.027014210739012515
G373,G352,0.027011176602354747
G238,G295,0.027001949297782046
G238,G211,0.026990997543440212
G1,G303,0.026990437357377967
G246,G212,0.026976096866588778
G212,G376,0.026972823179354316
G359,G56,0.02695189581496693
G253,G130,0.02694597867907575
G115,G343,0.026922330761706057
G359,G102,0.02691340104199652
G253,G228,0.026895433901520827
G253,G350,0.026884453148587534
G393,G297,0.0268261216037321
G80,G289,0.026773112834521957
G253,G179,0.02674509907184011
G238,G324,0.02671719518206926
G395,G199,0.026699597921281508
G277,G114,0.026685780553123623
G123,G104,0.02665683118414027
G180,G215,0.026643491254983893
G69,G308,0.026622396732361206
G253,G192,0.02662003750952735
G355,G338,0.02659443724210065
G277,G100,0.02658324498671827
G277,G352,0.02657548471118476
G393,G324,0.02653165493836701
G19,G35,0.026529374135409463
G246,G114,0.026519316782466024
G144,G59,0.026507568299617618
G277,G369,0.026497573115916717
G398,G87,0.026475224047584622
G115,G245,0.026452950058533167
G277,G336,0.026426804701653206
G47,G100,0.026423110248998974
G393,G71,0.026423106744670112
G212,G211,0.02640787653699425
G277,G204,0.026338635723866938
G41,G363,0.02631050490117552
G54,G312,0.026295930769572567
G398,G336,0.02628191466883585
G69,G67,0.026270223503897835
G243,G388,0.026245572009314183
G54,G271,0.026241170321573526
G170,G44,0.026235353572580528
G19,G67,0.026230162172224306
G19,G229,0.026229573957896615
G150,G283,0.026226703231902876
G30,G377,0.026195780400330593
G123,G321,0.02618646177770157
G41,G212,0.026185607683200066
G46,G21,0.026102431176190075
G391,G130,0.026060718368765393
G46,G352,0.026056032099894197
G359,G138,0.02602724903421006
G84,G315,0.02602033565536399
G130,G76,0.02601276611013187
G277,G377,0.0259961931106895
G84,G129,0.025988210075563442
G19,G58,0.025946883985714427
G253,G340,0.025925294519613423
G170,G307,0.02589034285790435
G69,G145,0.02587575720928957
G144,G353,0.02587159448876325
G302,G334,0.025854908455702208
G67,G352,0.025851274891576292
G393,G376,0.025837526499838878
G355,G365,0.02583246983189751
G46,G398,0.025788571235072222
G373,G145,0.025788505278064117
G130,G39,0.025776479542638203
G331,G373,0.025745624276292622
G196,G188,0.025738936959850273
G69,G397,0.025654591937292318
G302,G343,0.02563869080487599
G212,G41,0.02563292514273234
G262,G108,0.025622719128212804
G382,G165,0.025611324522752332
G30,G108,0.025592232361778336
G102,G67,0.025590868132106336
G393,G199,0.02558037992729527
G373,G390,0.025572120857645986
G102,G130,0.02556846063769916
G80,G319,0.025548584635490403
G123,G162,0.025493746963276206
G150,G338,0.02547609024981437
G41,G196,0.025475421991523653
G212,G60,0.02547489905885651
G123,G390,0.02539893723676545
G262,G357,0.025393415365978472
G302,G57,0.025388131367890476
G382,G298,0.025371543109585427
G398,G335,0.025342312110352844
G41,G390,0.02533875283520108
G115,G390,0.025291217611161997
G80,G199,0.02529095591639227
G80,G287,0.02528872476770236
G102,G69,0.025276595737608404
G67,G306,0.025252971740844787
G196,G349,0.02524262250122697
G115,G322,0.025235495909222548
G238,G343,0.025233268292063987
G80,G323,0.02521869277155274
G67,G387,0.025210990536727873
G391,G309,0.025210479751280244
G243,G276,0.025176614608335313
G196,G126,0.025156013137075522
G150,G168,0.025139372976892033
G19,G216,0.025088371437206915
G1,G323,0.025081738098636938
G123,G232,0.02507652076673518
G243,G25,0.02505939239313053
G355,G33,0.02505639856153668
G1,G22,0.025049409496201946
G47,G312,0.025041074923263795
G180,G283,0.025022521079432494
G19,G361,0.02499330334068059
G46,G396,0.024979782975383308
G19,G268,0.024971077147989972
G170,G68,0.02497057905077572
G54,G57,0.02496561786119378
G19,G138,0.024964776832971006
G373,G300,0.02494475082384548
G102,G398,0.024938998306019616
G46,G324,0.024919983075336036
G243,G230,0.02490854613523894
G373,G296,0.024891773697195217
G46,G62,0.024882442225333354
G67,G168,0.024866538251523684
G262,G169,0.0248654279125195
G302,G304,0.024865369288103595
G115,G234,0.024865205592171244
G46,G338,0.024841283851600338
G80,G163,0.024830540207060957
G144,G71,0.02479410287344852
G238,G122,0.024780793259110062
G46,G165,0.024772708040995864
G243,G211,0.024736125866514726
G212,G179,0.02473608137639341
G246,G143,0.024735524886848576
G102,G49,0.02471934599654005
G243,G214,0.024718271252778697
G196,G341,0.024717281925490053
G243,G88,0.024690518501719494
G302,G290,0.024687412748613725
G253,G142,0.02467816358507033
G47,G57,0.024677926459625243
G395,G192,0.024652223349516285
G123,G218,0.024630591791685606
G391,G390,0.02457735792073521
G1,G137,0.02456820716554131
G69,G276,0.024522276227892936
G253,G284,0.024509609782895098
G47,G53,0.024472133680906588
G243,G343,0.024435059767259636
G212,G156,0.024409029976916297
G150,G364,0.024406564688970817
G398,G192,0.024391582940137393
G373,G229,0.024387484351488256
G144,G317,0.02437988052613327
G277,G300,0.02437794183486211
G102,G397,0.024341361788599233
G41,G39,0.02433123327479257
G144,G167,0.024309699232539506
G67,G145,0.02427441718650937
G67,G54,0.024264376678795163
G69,G126,0.02419018669339143
G115,G108,0.024175929616185563
G395,G280,0.024170803611149295
G47,G331,0.02415003135373822
G277,G126,0.024135782832159558
G398,G302,0.024133512460431633
G395,G145,0.02412971339069306
G102,G302,0.02411811889044492
G30,G351,0.024114474091231235
G373,G204,0.02407807082736213
G47,G315,0.02406973358970889
G123,G114,0.02406156445847346
G80,G238,0.024050227843246272
G391,G314,0.024042259415911194
G246,G294,0.02402877627279701
G302,G46,0.024028358006026013
G196,G242,0.024005357207209088
G355,G89,0.023995969913490598
G46,G260,0.023989990668280545
G398,G262,0.023987768942118043
G331,G398,0.023962518416386983
G238,G114,0.023952400749575845
G102,G394,0.02392499340466267
G115,G192,0.023867838950727308
G115,G164,0.02385930881425141
G302,G317,0.023850826289528254
G19,G187,0.023847539927025128
G80,G344,0.023836985755625387
G46,G229,0.023816104380163877
G391,G47,0.023809669545691685
G123,G330,0.023786448197753766
G67,G334,0.023762822722283944
G398,G299,0.023753422760397797
G277,G317,0.02374927370436125
G19,G65,0.023736621950403006
G331,G165,0.023717649082070108
G196,G204,0.023717025770824324
G67,G336,0.023714188037578465
G302,G211,0.023700518453434266
G84,G190,0.02367561511004314
G393,G317,0.02367477435091475
G391,G196,0.023637075365253585
G150,G119,0.023601065673994795
G47,G156,0.0235874412932775
G30,G274,0.023578998196902616
G115,G104,0.02355034741769798
G150,G98,0.02354306970746195
G395,G187,0.023529198650646295
G130,G352,0.02352008290291667
G355,G97,0.023514427282400656
G395,G218,0.023477274157187686
G277,G92,0.023476117327922985
G102,G354,0.023454736756162227
G46,G283,0.023454293831104506
G150,G238,0.023447237129757853
G19,G134,0.023433766225259525
G102,G229,0.023428993375025173
G46,G374,0.02342201774358986
G373,G334,0.023418190599616945
G46,G204,0.023401657100854137
G30,G145,0.023400030170106098
G302,G221,0.023399976871073064
G54,G53,0.0233948828197411
G84,G85,0.023371058046776763
G47,G288,0.02335423336552507
G150,G157,0.02334265891191714
G102,G75,0.023323284845284897
G359,G127,0.023320951997262106
G54,G99,0.023319604892277815
G130,G67,0.023319458537252896
G41,G144,0.023239550562474773
G19,G183,0.02322162243317971
G115,G57,0.023208924215371116
G243,G65,0.023203022336093032
G19,G77,0.023192897087622347
G391,G128,0.023191677136388728
G302,G114,0.023178606005627655
G67,G132,0.023164578736090013
G80,G41,0.0231444773877775
G54,G52,0.023116156447347602
G373,G199,0.023108405669614016
G123,G91,0.023087002022835104
G212,G315,0.02307923439120141
G30,G21,0.02306521832180674
G238,G94,0.02306489428470123
G253,G133,0.023050486466570097
G391,G228,0.02304316597912892
G19,G303,0.022997756536943602
G393,G114,0.022995917891709544
G170,G350,0.022981961735794903
G355,G241,0.02297781775284225
G170,G282,0.022950304848046815
G262,G212,0.022946183845057158
G243,G132,0.02292093027391117
G302,G241,0.022913499184347985
G84,G352,0.02288319021158322
G123,G228,0.022877937406590186
G180,G323,0.02287502843034618
G69,G204,0.022863308165542745
G30,G228,0.02284412580931101
G1,G87,0.02284134042952255
G30,G116,0.02279488118836104
G253,G131,0.022771535313295288
G170,G301,0.022770470704627344
G398,G92,0.02275105362938047
G47,G185,0.022740725222689745
G253,G223,0.022722046280060804
G30,G288,0.022710563708868554
G398,G167,0.022695284057045725
G54,G376,0.022675302242448264
G391,G177,0.022673245188122398
G262,G232,0.022670776454731457
G302,G283,0.02265383589331288
G373,G331,0.02259612733143221
G54,G109,0.02259586248027537
G243,G151,0.02259147951703291
G393,G242,0.022586115036167143
G196,G102,0.02258306521289305
G130,G170,0.02257474016052076
G102,G218,0.0225145345250109
G102,G47,0.022508163771513004
G393,G308,0.022503788422995954
G253,G316,0.022459489251958703
G19,G33,0.0224476802920089
G84,G97,0.022442262867281543
G243,G169,0.022438608101921352
G243,G353,0.022425551294356312
G54,G223,0.02242391641060444
G243,G278,0.022397984460405244
G115,G67,0.02237869924007141
G19,G129,0.02236024123116583
G302,G244,0.02235137372492063
G69,G374,0.02230647100757628
G253,G204,0.022292360177924186
G123,G158,0.022268496147324054
G30,G43,0.022264649141837557
G115,G371,0.022249598868313
G102,G359,0.02224028112429717
G19,G166,0.022210695737346513
G243,G323,0.022207986135909102
G46,G249,0.022207004989067247
G67,G161,0.022205040802493317
G391,G198,0.022191947933750622
G393,G338,0.022173596861286796
G246,G16,0.022161121759214513
G398,G312,0.022148652327303217
G150,G32,0.0221380726822107
G355,G209,0.02213267248228095
G277,G42,0.022112604629656238
G19,G241,0.022109235898501955
G67,G193,0.022102836757848632
G67,G228,0.022099112642248953
G393,G335,0.022078833529665387
G80,G86,0.02204535939970871
G84,G153,0.02203902994209471
G84,G335,0.022030900330229433
G331,G349,0.022019970917332626
G69,G353,0.022018185176462785
G30,G309,0.021976476743859996
G115,G349,0.02195748261234183
G262,G198,0.02194653200512857
G115,G340,0.02194141295397692
G47,G7,0.021921891827430113
G302,G330,0.021906735821286244
G331,G321,0.02188618200193594
G302,G297,0.0218716686638758
G115,G86,0.02185732638412525
G391,G334,0.021848482994649844
G253,G71,0.021844379697623734
G212,G97,0.021825419635914722
G115,G162,0.02180776365750447
G144,G75,0.02180763200830807
G80,G141,0.021798371928078965
G243,G122,0.02179821126410711
G67,G53,0.02174717269435683
G54,G340,0.02174576373390863
G243,G157,0.021737770096234767
G30,G348,0.02173299206823048
G382,G199,0.021690088815010805
G67,G315,0.02168441395973264
G46,G69,0.021633404630924252
G54,G167,0.021577310699766275
G67,G33,0.021570526099686793
G398,G340,0.021569328063456766
G80,G61,0.021556635351072953
G30,G296,0.021548528285489373
G123,G80,0.02153664824894138
G80,G32,0.021534728903344583
G123,G39,0.02153006358504987
G46,G246,0.021498107261416967
G359,G237,0.021485170765010546
G355,G258,0.021471320339751868
G393,G238,0.021465218565187405
G277,G185,0.021449822577836827
G170,G261,0.02139593369010441
G253,G188,0.021394729576729138
G243,G86,0.021382927147838134
G150,G146,0.021378049516909768
G123,G386,0.021346345967263387
G102,G342,0.021345535154057363
G69,G316,0.02130736599694187
G243,G292,0.021306550669526567
G54,G218,0.021301378407333343
G243,G244,0.02128043112035435
G398,G131,0.02127550592955703
G69,G180,0.021273623942351633
G243,G266,0.021263760756878504
G395,G289,0.02123923206011454
G382,G352,0.021238751021044014
G47,G158,0.021194045556152105
G69,G238,0.02119144956264704
G243,G156,0.02116764327047651
G144,G89,0.02116313945006547
G54,G150,0.021131594257662242
G196,G330,0.02109999444792282
G391,G92,0.021090224765447536
G84,G278,0.021088909297301284
G238,G393,0.02108752208063193
G67,G245,0.02107528498512516
G196,G386,0.021069113940365175
G123,G129,0.021063312288712596
G331,G278,0.02105326625451817
G196,G131,0.02104907388635785
G130,G278,0.021030010519493825
G80,G219,0.021025800011445744
G144,G92,0.021015678410738925
G30,G202,0.02100764700298794
G1,G393,0.02100190205438085
G19,G297,0.02099547692216739
G54,G363,0.020993894806176486
G355,G198,0.0209642988008948
G47,G250,0.020952230594295372
G355,G393,0.020950242020793673
G123,G188,0.02092921791342712
G19,G199,0.020922917123346343
G84,G107,0.020921223205933114
G238,G257,0.020878249938677235
G180,G121,0.020871182431055034
G54,G302,0.020865285033523126
G246,G280,0.020860340555038978
G47,G121,0.020857552427766934
G391,G123,0.020853020894098687
G80,G119,0.020844700965720345
G391,G287,0.02083970407750459
G115,G338,0.02083445916963765
G130,G315,0.020812376618344577
G359,G96,0.02079552164051722
G123,G119,0.02079458292431892
G54,G78,0.020788710413495212
G277,G109,0.020773916956676658
G54,G330,0.02076840549959573
G123,G204,0.020768396230303104
G69,G102,0.02075352915479886
G144,G229,0.020733246525225957
G238,G150,0.020731137845860476
G331,G352,0.020716859289014178
G46,G144,0.02071658533005731
G277,G75,0.02070210817546067
G130,G144,0.02069129626569298
G41,G253,0.020689583096349398
G46,G369,0.020668626855178382
G359,G245,0.020664261358779235
G47,G302,0.020647039136835077
G47,G82,0.020628614212139657
G1,G147,0.020623340499812556
G246,G201,0.020585186373928005
G46,G315,0.020585002493726523
G382,G45,0.02055855379176974
G277,G315,0.020530229817397244
G46,G118,0.020529341461048387
G180,G141,0.02051921234824075
G19,G163,0.02051492456835452
G243,G215,0.020509886010517002
G359,G366,0.0204947730272806
G373,G37,0.020479837338829902
G238,G357,0.020471757716522182
G196,G79,0.020467972578100263
G355,G364,0.020461514071181384
G180,G260,0.020454605410207292
G391,G256,0.02044571699862658
G150,G241,0.020439462634164185
G253,G199,0.02043152642069232
G19,G257,0.02041008627260988
G373,G57,0.020377075863722338
G262,G392,0.020373216881593267
G67,G273,0.020368592067409985
G302,G118,0.020367949586612755
G30,G235,0.02036534802154863
G196,G277,0.020352460386012572
G1,G351,0.020346217417515706
G41,G181,0.020333059069166638
G243,G287,0.020331316797311073
G19,G260,0.020321397201891852
G393,G168,0.02032138623371192
G123,G126,0.02030817352462913
G47,G340,0.02029776944592286
G69,G196,0.020287916370998735
G67,G18,0.02028506409362623
G1,G278,0.02027370921261344
G246,G237,0.020261274767919585
G54,G280,0.020246610333797044
G180,G375,0.0202397771384295
G115,G235,0.02022173793793787
G331,G237,0.02022035883367372
G243,G307,0.020160359715376004
G331,G225,0.020134324504636397
G246,G148,0.02012357654872232
G395,G278,0.02012127134971143
G277,G145,0.020113856454668316
G46,G387,0.020103441945173838
G391,G87,0.020100486471123724
G395,G302,0.020092016741759276
G393,G165,0.020088794854322897
G262,G97,0.020087966671343674
G1,G192,0.02008302284070655
G1,G188,0.02007806400987947
G243,G129,0.020062739779829933
G180,G57,0.02005361130329992
G1,G153,0.020049760489301266
G69,G118,0.020039976623025743
G243,G257,0.0200224022479695
G170,G184,0.020012870515969207
G246,G330,0.020011459271468884
G393,G330,0.019996357697594905
G196,G300,0.019991628126370564
G84,G109,0.019958373694109133
G130,G86,0.019955049863990687
G393,G375,0.019933544493266273
G47,G390,0.01991561662125152
G123,G234,0.019905080147640822
G170,G150,0.01988683017402648
G123,G212,0.019865858048498955
G243,G221,0.019857813761579454
G19,G315,0.01983984273123536
G331,G273,0.0198252961416297
G41,G340,0.019823937240742676
G30,G180,0.01982376739847023
G123,G291,0.019800912260548933
G238,G336,0.019782498107626223
G69,G99,0.01977756337534832
G246,G156,0.019777148693796293
G84,G103,0.019757030639326142
G243,G204,0.01974676772556168
G395,G108,0.019728513291527874
G19,G155,0.019715964226153012
G359,G306,0.01971196419610575
G243,G335,0.019693848629888946
G80,G54,0.01967739656281818
G393,G256,0.019673701943538666
G47,G144,0.019672095185544067
G54,G103,0.0196644932177195
G331,G341,0.019646135128839948
G102,G139,0.019623546671329123
G212,G300,0.019614453218303768
G80,G121,0.019580908768602363
G69,G273,0.019560161573182785
G262,G190,0.019549940897915757
G391,G126,0.01954527530446276
G123,G144,0.01953979334213718
G373,G312,0.01953372895804445
G359,G25,0.019523222185327163
G355,G345,0.019521574885174704
G246,G258,0.019514055149253223
G331,G57,0.01950488433091102
G246,G129,0.01950344227832221
G47,G87,0.019502734601261715
G19,G310,0.019491867097252962
G373,G249,0.019491427565097696
G144,G234,0.019478051415797587
G391,G162,0.019467166788342392
G373,G308,0.019443144802448575
G382,G105,0.019427516304041964
G302,G156,0.01942237266863517
G123,G272,0.01938570172641621
G382,G273,0.019378980267516777
G373,G86,0.01934947460414499
G277,G87,0.0193135833196382
G30,G371,0.019307355454338017
G253,G376,0.019291706393569058
G170,G340,0.019282504609921917
G130,G336,0.01924796806235554
G382,G126,0.019228570002336492
G238,G229,0.01922591363324211
G115,G232,0.019223525301301746
G54,G173,0.019211418525123328
G1,G108,0.019208457455262964
G115,G4,0.019194727377765033
G102,G252,0.019194079685132114
G170,G87,0.01918391488978468
G196,G167,0.01916337200939905
G41,G364,0.019151594651167378
G331,G271,0.019149966146064984
G69,G169,0.01912974490715076
G102,G351,0.01912407802432603
G67,G165,0.01910949293990738
G41,G219,0.019092070765531766
G253,G84,0.019080484000089742
G398,G114,0.019060357634400615
G84,G375,0.019057237514333428
G46,G295,0.019039814627833246
G246,G181,0.018999899795039618
G54,G338,0.01897829309615011
G243,G144,0.018977940586584918
G359,G221,0.01892962271749965
G391,G375,0.018919051731811926
G80,G66,0.018911823973044577
G30,G304,0.01889183512300598
G102,G145,0.018879189132661067
G47,G31,0.018878205726724828
G69,G66,0.01887711898120814
G359,G187,0.01886280898131433
G67,G373,0.018857624152720714
G170,G134,0.018844745213077236
G382,G330,0.018841944294249513
G238,G316,0.01882511318382024
G123,G239,0.01881472008394062
G30,G226,0.01877360375617707
G246,G397,0.018772797216287634
G47,G267,0.018756176790102358
G30,G366,0.01874368920865821
G170,G363,0.018740157719467826
G54,G390,0.01873291731047283
G80,G364,0.018720313464459237
G102,G332,0.018672730746093866
G30,G387,0.018669039216628974
G19,G335,0.018663984175427507
G123,G280,0.01865919159582905
G1,G358,0.01864435824718286
G47,G75,0.01863656995135983
G180,G312,0.018633855126140887
G243,G284,0.018605486495976396
G373,G72,0.01859037235933398
G1,G109,0.01858425420875448
G123,G369,0.01856956320917094
G1,G95,0.018557466386077658
G54,G204,0.018509857730216503
G19,G330,0.018508934476352497
G393,G190,0.018506925628884008
G123,G335,0.018504997769397943
G243,G339,0.01849875314474272
G331,G131,0.01847358203033833
G393,G104,0.01846827554013089
G19,G86,0.018442948139021684
G382,G210,0.018438990731446003
G30,G167,0.01841476199620254
G277,G211,0.018401922396271697
G302,G104,0.018370528920421875
G115,G229,0.01835221683033053
G123,G223,0.01834697914096281
G46,G52,0.018346572084046553
G253,G114,0.018343940545879706
G395,G67,0.018337201825142396
G30,G365,0.018331620108395626
G30,G280,0.01833017259525656
G47,G221,0.018319736871583114
G395,G101,0.018315414959443624
G253,G205,0.01828629198865836
G46,G210,0.018276076206564545
G382,G42,0.018274300912928587
G46,G196,0.018268266877515385
G69,G48,0.018266909305708373
G243,G358,0.01824619029867825
G1,G10,0.018237753715557505
G253,G388,0.01822871650923885
G102,G92,0.018221808762207865
G243,G142,0.018214064374971868
G243,G391,0.0181851927953173
G238,G335,0.018184200458576424
G393,G128,0.018173323146894557
G19,G221,0.018170591012270518
G115,G101,0.01815562204997571
G69,G355,0.01814724862696593
G212,G334,0.018117927141497653
G243,G165,0.018091810195168957
G277,G308,0.018081298914922883
G30,G15,0.018080598325843127
G277,G340,0.01807599991710271
G331,G156,0.018055255261275854
G67,G349,0.018039768491522612
G359,G190,0.018027535256340557
G30,G342,0.018005881264309492
G19,G378,0.01799897391119847
G19,G115,0.017998656780298102
G243,G114,0.01798326399395485
G243,G28,0.01796575423202254
G69,G42,0.017958951038972423
G19,G87,0.01795678083510425
G277,G329,0.017946974952639513
G19,G11,0.017946145989762567
G67,G356,0.017930951569843312
G253,G377,0.017912841040922417
G393,G221,0.017877706007929234
G19,G112,0.01787439562731545
G393,G19,0.017865746873552645
G47,G335,0.01785824892883965
G1,G117,0.017825076311473637
G262,G393,0.017824442075572232
G170,G187,0.01781898174177566
G393,G112,0.01780067824444817
G41,G338,0.017779271126876037
G19,G144,0.01775439960803253
G67,G235,0.017735758306136655
G243,G336,0.017719318824241645
G243,G330,0.01771024568344922
G359,G261,0.017705281784215716
G391,G223,0.01769658905155995
G246,G185,0.01769235804482569
G150,G344,0.01768573794475889
G30,G347,0.017681594567782302
G246,G333,0.01766246314802621
G115,G284,0.017662042731513748
G150,G256,0.017646334263573815
G170,G194,0.01763305402187211
G243,G299,0.017624927805774994
G130,G183,0.017620926959459215
G1,G89,0.01761575854183539
G253,G349,0.017606429210683727
G102,G338,0.017588360691979874
G246,G112,0.017585052004635462
G395,G336,0.0175794323137766
G355,G194,0.017552348608793424
G243,G67,0.017551550873522608
G373,G369,0.017526410709766155
G395,G204,0.017520739718181168
G196,G267,0.01751385830439578
G302,G138,0.017511173932866136
G238,G292,0.017503163298807148
G196,G228,0.017500478314368795
G243,G397,0.017497241630817353
G359,G347,0.017474300935385854
G238,G144,0.01746268442358785
G123,G113,0.01745317143507144
G67,G369,0.01740964501785844
G19,G369,0.017364897865745826
G69,G104,0.017360376545778114
G130,G109,0.017356695356570542
G395,G276,0.01733512248754252
G262,G221,0.0173241505814256
G331,G163,0.017304511777534656
G150,G244,0.017296608494590013
G150,G300,0.01729612214341167
G395,G189,0.017293993814437643
G102,G79,0.0172835247920744
G212,G168,0.017258060545921494
G238,G48,0.017256885895331753
G150,G242,0.01725633830005166
G277,G121,0.017199087744688688
G391,G221,0.01719528465199422
G19,G237,0.017183815041888373
G391,G335,0.017183348279420654
G196,G308,0.017171691279400075
G393,G364,0.017140194214586388
G80,G321,0.01713858202191801
G115,G52,0.017125559944690068
G170,G321,0.017122481108024685
G212,G223,0.017118712845291734
G47,G41,0.017083801424050277
G130,G393,0.017083230964004617
G395,G226,0.017082039166451554
G262,G398,0.017079652468270284
G1,G167,0.017019152223485375
G277,G218,0.017005641184623596
G150,G112,0.01700224861702418
G115,G299,0.01699908596028306
G246,G322,0.016993435502600213
G398,G39,0.016979232321291227
G246,G188,0.016975990814328865
G359,G341,0.016966292355225888
G331,G311,0.01695009915113726
G359,G232,0.016948913932195206
G180,G342,0.016948366497278364
G150,G103,0.016946489662212044
G212,G138,0.016939025391672136
G123,G101,0.016931398686182583
G30,G336,0.016929427044000314
G262,G279,0.01691362654115349
G355,G397,0.016907509770016642
G243,G228,0.016902887787124544
G391,G102,0.01689013721581896
G395,G344,0.01688069609604497
G80,G201,0.016861209336096073
G196,G69,0.01685093798472928
G180,G101,0.016839290928846937
G395,G274,0.01681578285793144
G373,G364,0.01679930781435182
G30,G114,0.016780928370935616
G19,G81,0.016763379140850278
G80,G118,0.0167631445172952
G373,G185,0.016750540784268547
G84,G110,0.016733693313708595
G47,G128,0.016731204232060357
G41,G334,0.016730369692120703
G30,G378,0.0167244496267955
G69,G334,0.01671637215166126
G123,G393,0.016704475471274766
G331,G284,0.016702117526556065
G115,G214,0.01669726819695404
G212,G150,0.016694894591725684
G144,G188,0.016693942396361322
G395,G117,0.016678652701423824
G355,G188,0.016659559604338275
G393,G331,0.0166323795817998
G115,G376,0.016580670797269062
G359,G166,0.016571943701433486
G355,G156,0.016562666833933384
G123,G317,0.016559275891695674
G47,G280,0.01655793008135524
G212,G330,0.016536439117184915
G277,G99,0.0165065125720405
G46,G240,0.016505000197201317
G302,G369,0.01650336879282374
G359,G143,0.016489074043262667
G170,G317,0.01648472090041113
G150,G156,0.016458577800312194
G19,G300,0.01643830348665596
G395,G137,0.01642758703311837
G359,G31,0.016400122891706448
G359,G57,0.016359908723514775
G54,G92,0.01635905228655539
G373,G277,0.016346545998101314
G19,G148,0.016340894158778853
G355,G369,0.016340664944922662
G391,G308,0.01632153297120576
G212,G341,0.016317659325680994
G398,G150,0.016316583924631214
G19,G133,0.016295778855380267
G382,G122,0.016271208806274702
G359,G75,0.01626030952944027
G373,G7,0.016237053768599567
G359,G46,0.016218760611506188
G19,G76,0.016204292941508484
G243,G367,0.01620066853504279
G67,G353,0.016199471497886142
G391,G304,0.01618432329058965
G30,G78,0.016170670628720723
G331,G242,0.016157626036572392
G196,G92,0.01615254423899609
G391,G192,0.01612717081433719
G382,G75,0.016083984274202226
G243,G159,0.01608060748450007
G262,G327,0.01607373124574174
G246,G91,0.016064095551117874
G46,G168,0.016058344675569117
G30,G162,0.01602982205171645
G359,G85,0.01601939067340105
G180,G256,0.016014854097622256
G212,G369,0.015994132035174996
G19,G386,0.01599400735591268
G102,G343,0.01599194792061201
G359,G368,0.01598193953984888
G115,G130,0.015976802472290774
G170,G198,0.01595706647071266
G30,G240,0.015947316837167
G246,G82,0.015945948411951072
G115,G399,0.015933528850363934
G391,G50,0.015910557156547732
G170,G391,0.0159054766161566
G170,G69,0.015877103200738134
G1,G365,0.01585642892392297
G115,G246,0.015850900706830654
G123,G242,0.01584478447844226
G19,G372,0.015834592033555493
G1,G144,0.015812396764663356
G196,G211,0.01581177530406655
G246,G369,0.01580825665925767
G373,G118,0.01580800927073789
G277,G286,0.015800854899757553
G115,G131,0.01579333510970841
G30,G368,0.015784682538068116
G393,G283,0.015744599933933776
G180,G377,0.015743931611764364
G30,G102,0.0157406836322055
G373,G306,0.0157367747207367
G393,G316,0.015720008121652806
G359,G357,0.015715187610865447
G102,G208,0.015709435377692163
G80,G258,0.015675879500827536
G180,G349,0.015645075598842463
G243,G258,0.015616003151172987
G180,G290,0.015610432178331426
G47,G256,0.015603494848908009
G238,G251,0.015601385610487774
G196,G321,0.015597224261800102
G144,G99,0.015575277023660128
G123,G52,0.015573483157040966
G144,G306,0.015565179950663921
G130,G223,0.015564788265086366
G246,G374,0.0155364313921725
G54,G112,0.015527159013819486
G243,G377,0.015525414885179133
G373,G66,0.01551489767262397
G115,G114,0.01550924724181781
G302,G308,0.015481891695025757
G30,G221,0.015454731833080168
G262,G218,0.015454029499957903
G1,G366,0.015448892681223486
G395,G77,0.01543490467021115
G395,G353,0.015431270915135617
G170,G124,0.015409675841089028
G277,G334,0.01539558926521345
G196,G205,0.015394019281937843
G355,G69,0.015391124582633725
G130,G75,0.015389258206512157
G243,G160,0.015353855761737277
G115,G283,0.015347404719027142
G123,G359,0.015347107456493668
G46,G163,0.015312373081836549
G19,G294,0.015311296426266465
G46,G49,0.015310817975542276
G302,G331,0.015308797252051587
G67,G136,0.015287296188109353
G130,G365,0.015270018333483931
G102,G116,0.015269392159214908
G115,G357,0.015267599046726078
G180,G325,0.015267475471770528
G47,G259,0.015266729474117571
G130,G359,0.015265273127405776
G54,G339,0.015242407943397332
G144,G259,0.01523015194278099
G393,G229,0.015225140140916388
G355,G0,0.015222789893946495
G1,G235,0.015216757078920484
G277,G112,0.015212036689293884
G395,G165,0.015202492065062093
G262,G77,0.015201183248163934
G1,G392,0.015180821400474276
G30,G120,0.01516661967420459
G398,G156,0.015161953431395453
G123,G325,0.015161156337544713
G277,G134,0.01515754536671507
G355,G331,0.015132455315225488
G41,G102,0.015122478687486715
G123,G131,0.015116256193049293
G115,G118,0.015114916706422912
G144,G393,0.015101041117494746
G80,G34,0.01509543643366849
G123,G315,0.015079446999087698
G1,G245,0.015076073323872554
G359,G373,0.015067943904209284
G67,G79,0.015050972402945312
G69,G307,0.015049044454912161
G170,G115,0.015042464516601031
G19,G280,0.015026858058339934
G47,G278,0.015012433086951812
G355,G61,0.01500666513557286
G262,G255,0.014963302065192058
G391,G337,0.01496329154978696
G41,G154,0.014933276989861188
G395,G58,0.014920172872913851
G243,G36,0.01491660112881736
G1,G335,0.014916105248580148
G170,G235,0.014912306851711798
G80,G249,0.01490786544515034
G382,G353,0.0149038045580112
G238,G165,0.014871343153659622
G19,G312,0.01486360964463402
G238,G352,0.014859888851710135
G246,G249,0.014844622593833297
G359,G315,0.014840569496931265
G243,G312,0.014833425028049067
G115,G352,0.014829260747666606
G243,G240,0.014826112999834641
G359,G97,0.014821676074978505
G212,G280,0.014786966991488043
G355,G141,0.014768861957075777
G46,G177,0.014768290347223698
G212,G86,0.014760871042175688
G180,G358,0.014754974218353721
G150,G376,0.014753744269110067
G41,G14,0.014751150826245141
G30,G343,0.01474034558887485
G130,G373,0.01473473051510489
G54,G75,0.01472848883096635
G393,G301,0.014693157164795453
G30,G36,0.014677609632088678
G395,G114,0.014670977403603784
G19,G224,0.014669680554595282
G123,G88,0.01466108014641318
G331,G257,0.014660614623900718
G382,G109,0.014635216377304028
G277,G53,0.014629390948090487
G67,G81,0.014629315890255096
G130,G64,0.01461994622704469
G84,G161,0.014618382203754554
G302,G155,0.014585295871082732
G262,G202,0.014569005574589788
G243,G253,0.014564686566877802
G30,G24,0.014559668795037171
G373,G271,0.014558362620057996
G170,G278,0.014557917862873162
G262,G5,0.014534852883362422
G395,G253,0.014511467568028937
G170,G388,0.014510522658570236
G1,G284,0.014504447173458265
G180,G331,0.01449514197877063
G144,G48,0.014493088082750058
G170,G129,0.014470145389511585
G243,G342,0.014456981692587668
G130,G36,0.014456701397515578
G180,G157,0.014443475868004756
G19,G188,0.014436407853687393
G246,G218,0.01443534368754433
G302,G141,0.014427545909811865
G243,G216,0.014416444677429942
G46,G373,0.014411033969732062
G130,G331,0.014405423322622249
G382,G223,0.01440359148515527
G391,G41,0.014396576072066784
G115,G99,0.014389220027249974
G30,G113,0.01437662868567677
G243,G163,0.01437562131161594
G69,G244,0.014359522849225134
G196,G132,0.014338092654187534
G19,G52,0.01433165180744879
G170,G234,0.014320335604131361
G80,G45,0.014317394282559251
G212,G81,0.014301719242866648
G1,G9,0.014300911431179127
G355,G86,0.01427564362968551
G246,G267,0.01427089029600001
G238,G242,0.014255928939331322
G41,G315,0.014250510348250436
G102,G377,0.014238430726100246
G395,G66,0.014223907565017908
G302,G398,0.014220191052884135
G80,G384,0.014208043676103808
G54,G349,0.014120497959567532
G302,G48,0.014117806928445248
G395,G229,0.014117460368941195
G150,G295,0.014115885725875299
G30,G361,0.014113527006101807
G67,G338,0.014111189421469841
G1,G181,0.014100930548227555
G123,G165,0.01409999003511661
G331,G211,0.014087398049446281
G253,G62,0.014074491472608724
G373,G303,0.01407200777088398
G373,G75,0.014070727995991766
G41,G312,0.014060701739981779
G262,G299,0.014031805935923014
G46,G41,0.014022920020081875
G391,G331,0.01402140884055849
G180,G393,0.014003251279448792
G30,G45,0.01399984754357022
G395,G5,0.01399106063970703
G102,G301,0.013986328004575624
G246,G352,0.013982449661074758
G19,G53,0.013970838912348647
G382,G144,0.013969675582384836
G115,G54,0.013957825057230661
G393,G278,0.013945713510955624
G196,G179,0.01393165661209353
G69,G287,0.013924409338441426
G80,G388,0.0139225464399408
G253,G287,0.013907773474112914
G238,G384,0.01388778059237851
G246,G230,0.013874294608515164
G302,G321,0.013869622625930528
G150,G271,0.01386616495986473
G382,G237,0.01385185109929618
G395,G156,0.01383017408374753
G84,G156,0.01382784311992269
G130,G218,0.013820383585726098
G46,G284,0.013813486306256062
G246,G302,0.013806424902436734
G212,G293,0.013805839632120787
G19,G90,0.01377993805006197
G331,G47,0.013774216824047086
G253,G229,0.013774086567569177
G170,G144,0.013762602059777456
G1,G218,0.013756804210495386
G243,G289,0.01372982179631674
G393,G47,0.013726928158578268
G46,G330,0.013723511450823081
G395,G335,0.0137106318556982
G123,G323,0.013702644160706136
G373,G280,0.013699698787015824
G393,G25,0.01368148255421588
G102,G380,0.013678783948943146
G102,G17,0.013670041780911676
G115,G190,0.013662876341093224
G238,G369,0.01365483225847225
G46,G161,0.013653002851629376
G19,G66,0.013650444655368722
G46,G88,0.013630508215615018
G46,G345,0.013606914515599922
G69,G164,0.013600734995765945
G180,G322,0.013590814714201475
G170,G196,0.013568601111552735
G67,G42,0.013551796932341681
G102,G244,0.013536554969639111
G123,G44,0.013535097188388228
G102,G131,0.01353264088645148
G1,G196,0.013519325724135969
G130,G159,0.013480474218564485
G144,G225,0.013467976417576327
G359,G253,0.013463128603791535
G331,G191,0.013457371936532167
G373,G260,0.013457351839705617
G212,G262,0.013453724461386332
G393,G145,0.013451797579060967
G115,G304,0.01345165492816389
G331,G39,0.01343857485229058
G355,G244,0.013431245734809402
G54,G188,0.013428861128938138
G19,G150,0.013417236617427532
G19,G275,0.013415052478660884
G395,G374,0.01339384261637113
G30,G168,0.013381149007040965
G80,G109,0.013373189080164015
G393,G315,0.013363806752889229
G393,G254,0.013361052449239092
G359,G195,0.013349799422188844
G30,G345,0.013348078846192081
G180,G142,0.013336044279315416
G54,G100,0.013332814004448815
G47,G149,0.013320655450056187
G19,G242,0.013316735815034703
G331,G267,0.013313536022398709
G102,G20,0.0133082396000701
G115,G223,0.01330129093266463
G196,G75,0.013295228862274466
G30,G85,0.013293347847043793
G19,G301,0.013290152415183103
G395,G316,0.013283918358793494
G180,G192,0.013274125927402465
G69,G260,0.013262566984109117
G391,G270,0.013257703587522781
G150,G369,0.01324176324034504
G355,G320,0.013240363401584647
G115,G96,0.013232010215917207
G393,G150,0.013224089497609975
G67,G296,0.013223134524012622
G1,G385,0.013219828353718426
G373,G211,0.013213195113855353
G41,G145,0.013208883278796407
G355,G84,0.013199952551993153
G115,G247,0.013188156006103272
G54,G389,0.013187978317108268
G170,G322,0.013173875667068104
G253,G48,0.013172036398290815
G19,G104,0.01317168146549845
G123,G365,0.013164197637485591
G123,G211,0.013158559032116768
G243,G29,0.013155956739322894
G243,G154,0.013151065648752642
G393,G211,0.0131393145784654
G19,G100,0.013139081569786656
G302,G66,0.013128850251981197
G382,G204,0.013119586682605336
G331,G204,0.013092474664655657
G19,G27,0.013085798718558167
G395,G331,0.013077562624229697
G115,G269,0.01307588440211763
G115,G136,0.013042222667297765
G30,G269,0.013040522547595934
G373,G208,0.013016968628323904
G395,G149,0.013007768770220828
G54,G211,0.012987704629893959
G123,G258,0.012971986590992968
G67,G212,0.012966774771129258
G170,G360,0.012962985864664659
G382,G82,0.01296167127528388
G170,G26,0.012957512041511389
G395,G241,0.012955764473707089
G19,G343,0.01295138349252968
G67,G341,0.01294881724947819
G246,G376,0.012947201326758695
G302,G80,0.012938821019345612
G359,G4,0.01292477074239999
G115,G324,0.01290863191211232
G170,G18,0.012886655451653128
G46,G211,0.012884761347826984
G46,G247,0.012878334473405181
G246,G179,0.012873289427407203
G243,G256,0.012873097888428463
G359,G94,0.012868960620626119
G212,G278,0.012841959490632632
G69,G240,0.01283934330828361
G41,G336,0.012837813737079373
G180,G288,0.012816829708841404
G391,G240,0.012809383689386018
G30,G66,0.012804379958236054
G382,G33,0.012803611389303957
G277,G71,0.012797267997476658
G19,G322,0.012792397550127926
G144,G398,0.01277622513241243
G46,G267,0.012764731771704535
G277,G174,0.012746322083590736
G19,G244,0.012745408114953265
G373,G220,0.012738190108008186
G84,G373,0.012731882709695969
G150,G288,0.012730541703644307
G30,G218,0.012726749565072647
G170,G163,0.012707836618892245
G395,G364,0.012697816198384698
G47,G150,0.012689198159970091
G19,G168,0.012686705543327938
G1,G75,0.012678735191699028
G1,G130,0.012672649663543084
G382,G169,0.012671369310467376
G47,G169,0.012665296075168003
G262,G385,0.012660199302098538
G359,G372,0.012645721996655476
G395,G371,0.0126323617372874
G238,G157,0.012616500583724696
G253,G297,0.012614813495610278
G123,G132,0.012612284123015002
G393,G164,0.012606191145137391
G398,G359,0.012601150002215039
G302,G39,0.01259821550875842
G54,G259,0.012594156840393361
G19,G8,0.012568031617892524
G246,G277,0.012562417287831196
G170,G190,0.012560426555329497
G246,G321,0.012526531815463052
G54,G42,0.012510645795229737
G115,G253,0.012500940215869269
G80,G150,0.012481991188075525
G41,G362,0.012476786381926726
G170,G71,0.012476375502884121
G398,G141,0.0124735550433666
G67,G300,0.012466106071596872
G180,G204,0.0124557296060544
G54,G277,0.012451147715886027
G1,G320,0.012449343524671409
G243,G365,0.012447421829932541
G69,G283,0.012438148637236107
G19,G336,0.012430569703464601
G150,G167,0.012423921333852436
G47,G199,0.01241758661646665
G19,G40,0.01238556871612378
G391,G336,0.012368254127687592
G243,G265,0.012361315796231336
G355,G215,0.012341218466804464
G398,G321,0.012338545930675779
G115,G188,0.012322475727022497
G391,G321,0.012312759392433446
G180,G376,0.012312224194797203
G253,G237,0.012306785900288442
G331,G376,0.012303825979976174
G382,G150,0.012300425337494217
G395,G118,0.012294726571572274
G373,G167,0.012291588675706455
G170,G206,0.01227885656329289
G395,G238,0.01226618772742366
G398,G123,0.01226586602379881
G130,G349,0.012242208565451315
G123,G145,0.012235512196505122
G102,G142,0.012221151115728343
G391,G290,0.012203805151260818
G373,G399,0.012190512076142627
G115,G22,0.012189273583660606
G331,G363,0.01217766588384886
G54,G170,0.012154004366571998
G246,G364,0.012147505225455844
G47,G211,0.01214137967449691
G102,G253,0.01213343919924352
G80,G52,0.012110655018188081
G395,G355,0.01210791720327543
G46,G288,0.012090062510135627
G54,G317,0.01208702280954814
G355,G368,0.012068723473247701
G262,G280,0.012068143654675893
G302,G352,0.012067477148290956
G54,G87,0.012057822247958094
G243,G119,0.012041756566056015
G80,G209,0.012026288891635376
G130,G165,0.01202600693688917
G170,G30,0.011979419133008047
G30,G200,0.011970646083744462
G19,G153,0.011962835735513162
G398,G315,0.011954573564647256
G69,G223,0.011918065502914466
G391,G324,0.011916413966250941
G19,G324,0.011901211168520089
G398,G57,0.011898678748270289
G30,G169,0.011896569745830535
G359,G43,0.01187940998460249
G359,G249,0.011876977166039596
G69,G46,0.011873575146947951
G102,G230,0.0118580526348274
G102,G138,0.011852309846203946
G19,G234,0.011844042181552043
G150,G262,0.011841808555365249
G373,G385,0.011835050138120917
G238,G206,0.01182594565176047
G19,G263,0.011824921812025109
G395,G83,0.011823279766802676
G246,G135,0.011818986435915821
G331,G179,0.011815852726304338
G54,G184,0.011812130073524989
G277,G342,0.01181146297119147
G30,G375,0.011786869051378275
G382,G373,0.011785138280737698
G359,G339,0.011782318555971484
G246,G211,0.011765405127081574
G391,G206,0.011758798449622243
G69,G241,0.01175769448896781
G69,G338,0.011751125626341966
G395,G244,0.011744386777002777
G243,G42,0.011743256069488756
G373,G99,0.011728210952046764
G130,G299,0.01172305604131875
G54,G156,0.011708923038680971
G243,G193,0.011707203196680352
G373,G223,0.01169994715700462
G80,G185,0.011688468698317613
G84,G225,0.011676309160875122
G243,G87,0.011670145388584692
G19,G292,0.011669747114423586
G391,G163,0.011669525542083295
G80,G242,0.011658568450329178
G19,G46,0.011648166384132397
G359,G290,0.011637658790465313
G115,G31,0.011623943565583543
G355,G254,0.011616873167537425
G19,G196,0.011611786547870064
G144,G385,0.011589892831629561
G302,G67,0.011581525654459204
G80,G98,0.011580603726030626
G238,G303,0.01156817350534909
G1,G336,0.01155495319468772
G238,G98,0.011547287808203882
G115,G256,0.01154129853216759
G46,G188,0.011530704943335475
G331,G150,0.0115269978363505
G84,G306,0.01152625134071826
G262,G365,0.01152616161381917
G1,G229,0.011523032409970518
G391,G191,0.011499732964432612
G355,G210,0.011483941355148547
G355,G398,0.011483336072025903
G355,G274,0.011455197601570974
G47,G26,0.011454015502115989
G393,G341,0.011435496828279684
G144,G275,0.011393811340176613
G238,G179,0.0113878708790916
G115,G335,0.011378439805634688
G144,G132,0.011378044242195545
G1,G223,0.011354053253079664
G30,G359,0.011354000752551661
G130,G41,0.011340540296795758
G1,G61,0.011338158259635826
G373,G267,0.011335504264690127
G1,G352,0.011307384043949702
G395,G283,0.011305169386897226
G1,G237,0.011302566009373762
G41,G237,0.011260158206568352
G46,G299,0.011241986117791689
G238,G278,0.011229737753183963
G30,G264,0.011229370005526219
G1,G51,0.011211425464658935
G180,G223,0.01120007657490029
G359,G132,0.0111991930524367
G170,G386,0.011195508696913166
G243,G203,0.01118894322659843
G150,G310,0.01117431812351899
G395,G301,0.01116368138439612
G243,G237,0.011162505378475393
G246,G206,0.011156023632554905
G115,G306,0.011154180959582056
G373,G245,0.01115015009725484
G382,G255,0.011148729775491903
G302,G204,0.011146526098175152
G123,G216,0.01114237261742727
G102,G334,0.011141057490264533
G277,G355,0.011140672562438142
G69,G289,0.011126019068249754
G391,G349,0.011115688885511683
G144,G205,0.011110412895710381
G67,G71,0.011103147618050535
G30,G97,0.011088238048713485
G102,G389,0.011061340090979963
G359,G156,0.011059932134839114
G355,G22,0.011035551643218747
G382,G306,0.011031442915090395
G123,G87,0.011027093612677327
G355,G315,0.011025370985544396
G115,G179,0.011023736648123665
G398,G183,0.011019242302913512
G123,G210,0.011019094000643978
G41,G169,0.011018932672147763
G102,G57,0.011017178231833485
G212,G165,0.011013434223165225
G102,G329,0.011013317431430927
G393,G360,0.011012417253239964
G393,G334,0.01101216623933289
G1,G141,0.011008078379824262
G30,G131,0.011007595346961054
G331,G308,0.01097304755995987
G123,G292,0.010966543382676955
G262,G47,0.010966252340832872
G30,G237,0.01095012024001141
G238,G374,0.010942585923092107
G196,G219,0.010933266210250286
G395,G323,0.010933184780729521
G196,G304,0.010927130629525342
G19,G202,0.01091984410919669
G30,G152,0.01091358847951556
G30,G287,0.010894033000947422
G391,G315,0.010890344150999043
G243,G158,0.010869329240992452
G238,G301,0.01086867561438723
G382,G221,0.010859532398991005
G19,G352,0.010849821025644864
G196,G129,0.010839781654481018
G144,G340,0.010834342570204158
G170,G28,0.010831895211678783
G19,G111,0.010823059430473143
G47,G190,0.01082104086914805
G144,G271,0.010807413952052758
G30,G395,0.010802726389890575
G123,G267,0.010794471463612385
G115,G237,0.01078463554768774
G355,G352,0.010777422292168479
G170,G205,0.010772628096892745
G243,G69,0.010768936485381735
G80,G56,0.010729372133014791
G355,G113,0.010724879114384842
G130,G341,0.010719794002947883
G180,G110,0.010689527797654086
G30,G283,0.010675542818401435
G395,G338,0.010669892185018973
G382,G196,0.010667449302669496
G115,G374,0.010666081500314305
G302,G53,0.010643028629102436
G391,G167,0.010642998252486352
G277,G332,0.01064123747090967
G19,G24,0.01062037968495233
G180,G232,0.010608548471601448
G130,G214,0.010605074486899771
G302,G179,0.010603209939165636
G243,G145,0.010584353915466152
G123,G141,0.010579771720991303
G196,G156,0.010579032452911141
G46,G294,0.01057794638679678
G130,G177,0.010562799778195103
G1,G327,0.010557652848348168
G262,G315,0.010548355585632177
G391,G251,0.01054052668701171
G102,G327,0.01053566801261717
G196,G135,0.010534800330796235
G391,G248,0.010533533733556238
G393,G156,0.010526364621220946
G123,G349,0.0105224493691645
G355,G75,0.010519461499756348
G47,G218,0.01051436021785862
G130,G101,0.010498387055281732
G393,G177,0.010496300100076447
G19,G178,0.010486675037607794
G102,G274,0.0104857391469033
G196,G187,0.010481689868659105
G212,G238,0.010475301650856542
G170,G241,0.010473394326617355
G46,G370,0.010469014181030432
G355,G16,0.010460794198622874
G170,G243,0.010457418560170422
G277,G236,0.010443852814750482
G246,G324,0.010428644256503056
G123,G142,0.010422691000174247
G196,G309,0.010420773035789282
G382,G225,0.010393889027455583
G355,G262,0.010380714950362531
G19,G160,0.010366546718059493
G262,G335,0.010340418511428404
G302,G102,0.01033029087000975
G277,G210,0.010330268207853849
G30,G89,0.010324036315521496
G1,G55,0.010322611329206286
G196,G369,0.010321011508343275
G1,G169,0.01031023877193403
G212,G148,0.0102855197400879
G115,G134,0.010261275769440033
G1,G375,0.010254439285560695
G30,G364,0.010216422574176638
G373,G112,0.010190185892795578
G30,G248,0.010190070617801512
G373,G127,0.010182808270035058
G19,G394,0.010181184179250447
G19,G267,0.010164173056664429
G19,G143,0.0101628045294345
G115,G334,0.010160095301677954
G30,G5,0.010157103572343847
G115,G315,0.010149863138343429
G19,G141,0.010134789865720615
G19,G151,0.010129184291411476
G246,G53,0.010127641079189731
G41,G335,0.010109531524993387
G395,G352,0.010109049932690746
G373,G279,0.010108969500247325
G393,G240,0.010102078443310285
G80,G134,0.01009789846810443
G102,G269,0.010089459530738705
G115,G288,0.010075596147877152
G67,G267,0.010060214941366968
G67,G45,0.010051797694292292
G170,G82,0.010041798465629734
G393,G228,0.010040993958335909
G359,G218,0.010018154730018793
G355,G349,0.010015215069178185
G115,G169,0.009997895539742896
G30,G397,0.009995665537907646
G67,G297,0.009991034342956617
G123,G373,0.00998760825378378
G246,G232,0.009985037766264526
G1,G338,0.009976628505308047
G277,G390,0.009975764582731944
G47,G39,0.009973494195618382
G84,G356,0.009965991039930358
G243,G200,0.009962630023658492
G123,G256,0.009958201176639234
G80,G316,0.009957479415714995
G359,G210,0.009944293018376484
G212,G126,0.009939976410064943
G180,G328,0.009939244335676906
G391,G178,0.009933302804483866
G123,G161,0.009929685642784375
G180,G82,0.009920616709778396
G30,G150,0.009908396604328865
G80,G178,0.009901066732242489
G243,G60,0.009898484824325444
G170,G165,0.00989335345968647
G47,G177,0.009887882764878286
G302,G77,0.009884366967509717
G331,G168,0.009869989422802511
G359,G105,0.009867990738936842
G262,G109,0.009860852852875385
G238,G217,0.00985631044942259
G144,G363,0.009856115761531475
G41,G355,0.009853051847623195
G115,G13,0.009849757822356933
G382,G238,0.009825564191392702
G54,G379,0.00982190949982406
G359,G335,0.00982098689584588
G373,G92,0.009820641913146383
G69,G253,0.009816007000532284
G243,G223,0.00981387405769285
G1,G398,0.009811842417591355
G262,G86,0.009792248512019805
G144,G145,0.009782953312112402
G115,G344,0.009776673490006854
G123,G99,0.009766791365377947
G30,G236,0.009760865718943159
G30,G390,0.009755831654047337
G130,G226,0.00975013438084718
G196,G100,0.009743727005117303
G54,G225,0.009740775958590714
G41,G188,0.009728413280000694
G30,G326,0.009721162009767425
G246,G323,0.009719623718784438
G393,G309,0.009716382367519323
G395,G267,0.009696750197104073
G1,G315,0.009677513301557888
G302,G120,0.009675145843556943
G180,G310,0.009673472357593776
G243,G310,0.00967198191116881
G355,G205,0.009667110171425578
G395,G275,0.009653533688017864
G150,G108,0.00965188758085489
G115,G314,0.009646210218624666
G150,G61,0.00963059615497494
G54,G58,0.009626066170181531
G170,G174,0.009622875906186355
G123,G342,0.009613847135870733
G46,G179,0.009610175732509177
G1,G103,0.009608601006763716
G19,G284,0.009608246605903044
G115,G355,0.009592460731824716
G398,G382,0.009591251931413386
G41,G130,0.009580654895459104
G243,G35,0.009571348598580245
G41,G277,0.009569645112270639
G373,G130,0.009558610639323367
G80,G96,0.009555396450313884
G69,G229,0.009551554011053093
G382,G334,0.009548515106997432
G359,G199,0.009538926728059748
G30,G295,0.009535989427581337
G123,G260,0.009523406840072496
G1,G179,0.00951963742961397
G115,G150,0.009516962848958182
G30,G341,0.009510732682249284
G1,G306,0.00950990087314645
G398,G324,0.009501837702846933
G355,G321,0.009501539252903528
G102,G257,0.009497692856668807
G355,G231,0.009493235138195522
G243,G51,0.009480907761611777
G115,G199,0.009480108320283207
G123,G334,0.009477806264040767
G212,G53,0.009476866867923373
G30,G242,0.009466623314431221
G80,G241,0.009455673578967275
G69,G75,0.009452722935927332
G84,G196,0.00944977830545625
G130,G125,0.00943118551750504
G1,G101,0.009422780776458445
G170,G320,0.009422706122967285
G115,G220,0.009417858492441148
G196,G302,0.009416424110498478
G277,G365,0.009414906075612739
G123,G199,0.00940628850652201
G395,G315,0.009391509406577181
G212,G338,0.009382380390286466
G391,G312,0.009371849093939504
G391,G307,0.009364847187423989
G355,G145,0.009357386162813917
G359,G330,0.009354131555599707
G180,G52,0.009348207194414655
G115,G266,0.009340417526012314
G395,G333,0.009325210610779459
G302,G279,0.009323527163426604
G243,G137,0.0092990771102217
G180,G302,0.009288747601771355
G1,G62,0.009288001704829874
G46,G342,0.009285361974891548
G391,G132,0.009274416161121207
G69,G280,0.009264191787045156
G302,G261,0.009262052255389758
G302,G349,0.009258605781743132
G331,G246,0.009258217057477508
G382,G53,0.009248556286870657
G123,G75,0.009248382953416158
G47,G249,0.009243951355046923
G123,G353,0.00922660865083303
G393,G267,0.009211207667288723
G46,G308,0.00920510651494108
G243,G264,0.009203676072821847
G393,G344,0.00920116489935685
G253,G307,0.009191399661052008
G359,G157,0.009172880741578758
G54,G158,0.009170658769733518
G46,G193,0.00916824082155853
G382,G79,0.009155941832854314
G1,G222,0.009152303425957598
G115,G227,0.009141500495891826
G355,G125,0.00913083005806932
G246,G308,0.009130623451979208
G115,G185,0.009122939845391451
G30,G188,0.009118787197083077
G1,G44,0.009117862942696252
G393,G255,0.009111145921077389
G80,G188,0.009103853244822248
G30,G314,0.009103497216204699
G212,G79,0.00910116712276035
G80,G382,0.009096548312992399
G30,G99,0.009089286415964149
G102,G238,0.009076211835561634
G382,G271,0.009066424085145838
G359,G145,0.009058403819726949
G115,G200,0.009053903486008636
G1,G189,0.009052142174697719
G19,G349,0.009040430348470803
G331,G317,0.009039682194712267
G19,G128,0.009031464647129802
G170,G366,0.009018933307318587
G359,G331,0.009015325749123698
G54,G207,0.009004713112616206
G180,G163,0.009000544560378368
G395,G314,0.008973734223206332
G355,G199,0.008968958912819597
G331,G185,0.008949075929222283
G238,G270,0.008945409780554367
G262,G199,0.008936165846565189
G238,G212,0.008930390333074648
G150,G302,0.00892261954401452
G238,G91,0.008921261665864544
G19,G278,0.00891546917800614
G243,G45,0.00891137060831423
G47,G363,0.008906969999213726
G277,G39,0.008883514226434464
G47,G366,0.008882822142561766
G19,G176,0.008881213248010403
G382,G317,0.008877149927445545
G54,G91,0.008876910546650879
G150,G54,0.008875186262285895
G1,G382,0.008873478925927696
G115,G7,0.008871698953119228
G262,G358,0.008866265192534795
G391,G105,0.008866207393362191
G382,G52,0.008845465497180835
G359,G300,0.008841886491959723
G170,G222,0.008839556945987294
G238,G69,0.008839475555533521
G359,G39,0.008834822086462635
G302,G168,0.008832143633524303
G243,G225,0.00882801168340349
G180,G269,0.008827587952361451
G277,G65,0.008821121894339423
G196,G154,0.008816737225286336
G30,G158,0.008814412921766383
G391,G194,0.008794929658539417
G243,G178,0.008774861634856537
G30,G141,0.008763750418670009
G80,G184,0.00874239807790373
G243,G324,0.00874216976455476
G393,G58,0.008735514054542357
G54,G65,0.008717159399184632
G54,G132,0.008709460653500187
G115,G196,0.008702520697458041
G398,G133,0.008692516442031825
G391,G75,0.008686440246832183
G115,G333,0.008676311207140328
G395,G394,0.00867616482946651
G19,G93,0.008673245498081038
G19,G223,0.008671473848170241
G80,G202,0.008665018672078043
G84,G210,0.008658084422035292
G102,G383,0.008655448075646319
G196,G375,0.008650572517010222
G373,G316,0.008650446577470508
G67,G69,0.00864748325346669
G30,G229,0.008646497315155877
G80,G147,0.008629680731923002
G102,G198,0.008613260475070147
G302,G233,0.008605413270565333
G30,G27,0.008601177407795792
G41,G204,0.008599309542536071
G102,G323,0.008588747258957363
G395,G181,0.008584686638981778
G246,G334,0.00858064290743664
G243,G167,0.008572296013949647
G359,G233,0.008569705592781134
G180,G85,0.008566362619702061
G150,G212,0.008564336454053356
G382,G110,0.008564178515576323
G395,G53,0.00855530484294971
G170,G60,0.008539187343507733
G102,G81,0.00853321987412161
G196,G114,0.00852977146739313
G170,G379,0.008529479160058428
G130,G199,0.008515952487402209
G84,G393,0.008513069651355107
G395,G300,0.00850443662614244
G1,G30,0.008501019711428722
G355,G253,0.008498431287571079
G180,G258,0.008483970574212789
G382,G344,0.00845506681900967
G1,G11,0.008452864324833482
G41,G35,0.008449525841125988
G391,G39,0.008445052128467231
G30,G76,0.008436504424856453
G80,G331,0.008433681661631151
G30,G339,0.008425178232251133
G69,G298,0.008420644609846595
G47,G123,0.008419803004750412
G47,G318,0.008404183813274999
G123,G42,0.00837146032879408
G355,G39,0.008369628975056984
G302,G273,0.008360200802902826
G170,G233,0.008358452004562847
G1,G269,0.008357333537999466
G277,G54,0.00835029808632623
G1,G238,0.008347777668414026
G253,G397,0.008345161389636882
G359,G281,0.00833323010083739
G30,G11,0.008329503754780511
G243,G188,0.008328500978376875
G123,G128,0.008312778043751148
G302,G248,0.008308739876153853
G170,G267,0.008308490871052086
G130,G84,0.008305802623678263
G302,G256,0.008289267380378496
G46,G397,0.008282570414454682
G30,G245,0.00828205733743384
G355,G192,0.008280698034294928
G180,G159,0.0082565258767372
G41,G189,0.008256142485427838
G19,G62,0.008249723156377307
G1,G199,0.008246289346225538
G1,G184,0.008225471269158572
G302,G243,0.008223615512055707
G196,G297,0.008216950222862757
G1,G119,0.008209779772677013
G395,G45,0.00820395982752499
G277,G285,0.008197216758639447
G102,G8,0.008189017242211188
G30,G7,0.008180751402077972
G170,G398,0.00817823209534408
G277,G373,0.008178039014903576
G373,G104,0.00816777300514411
G30,G1,0.008167145097290702
G373,G202,0.008163516606953108
G331,G205,0.008158944066331358
G391,G254,0.008155231244505654
G170,G156,0.008154853300641522
G395,G87,0.008138350097943226
G395,G206,0.0081296098904216
G19,G364,0.008115893114618303
G180,G388,0.008112160174975326
G212,G84,0.008108506244581384
G1,G39,0.00810600237552249
G359,G51,0.008101497613084662
G355,G167,0.008093176828156676
G373,G131,0.008085028065468097
G359,G223,0.008080362835910723
G19,G254,0.008068992377493676
G243,G254,0.008066804578607822
G115,G211,0.008064715148532867
G243,G227,0.008060824029576377
G115,G225,0.008058409624755406
G150,G136,0.008057189970387124
G84,G324,0.008048007452424885
G243,G82,0.008043012680726137
G302,G167,0.008035914484521567
G391,G157,0.008034312231477929
G144,G185,0.008033175517163954
G382,G47,0.008028264339117831
G170,G209,0.008024237356195146
G123,G116,0.007984201066048302
G46,G263,0.007983691431861381
G115,G32,0.007983084561662301
G302,G300,0.007978341892848045
G243,G11,0.007974216434226803
G243,G262,0.007970167423244964
G170,G132,0.007967493091417501
G355,G67,0.00796742665222562
G80,G371,0.007952422753154999
G30,G70,0.007949296465527611
G243,G361,0.007947421853219741
G30,G160,0.007944417967397397
G30,G338,0.007943414588221991
G243,G371,0.007918660108794592
G80,G197,0.007899819499957578
G355,G269,0.007885385504217069
G102,G279,0.007866848649739341
G355,G102,0.00786625425559101
G393,G227,0.007849964251701223
G302,G277,0.00784933535105406
G391,G164,0.00784851845121427
G41,G198,0.00784623870989043
G196,G276,0.007830683995864202
G382,G241,0.007830046593194903
G277,G251,0.007828473196118749
G180,G265,0.007823202876812381
G395,G48,0.007822709670623706
G359,G35,0.007819831833637995
G54,G28,0.007815789903652663
G243,G209,0.007812973531375703
G243,G341,0.007810157635646693
G46,G81,0.007802228848665091
G170,G387,0.007794589845506702
G395,G210,0.007792977484556381
G393,G157,0.0077754531214218325
G115,G103,0.007770698573576207
G84,G89,0.007768864410401553
G262,G316,0.007757961587670413
G30,G253,0.007745953486047478
G46,G320,0.007743823963276305
G196,G87,0.00773345089220534
G115,G331,0.007727586533278971
G67,G91,0.0077193264804792106
G170,G58,0.00771928983630624
G1,G369,0.007711130421111663
G395,G20,0.00771023701964299
G170,G168,0.0077066983694685925
G130,G390,0.007701189453492824
G41,G152,0.007696310620206551
G1,G344,0.007690305390350153
G115,G87,0.007688076120174955
G144,G372,0.007685226319303989
G1,G36,0.00768263782999567
G243,G155,0.007668396476841366
G180,G397,0.007667427190333878
G262,G69,0.007664842673237568
G1,G264,0.007650278042267462
G246,G168,0.0076417972968686465
G355,G140,0.007620924039685322
G391,G243,0.00759537797896611
G1,G270,0.007594761209101029
G54,G84,0.007589855195757021
G30,G71,0.007584997898346988
G395,G36,0.0075847900360764345
G115,G230,0.007584373134225511
G102,G265,0.007571701668191308
G302,G230,0.007565954559823396
G395,G142,0.007561880817525658
G19,G74,0.007560486455592233
G373,G126,0.007560460111195072
G30,G10,0.007558266918344606
G243,G187,0.007557892102497084
G30,G374,0.007552843292915105
G54,G177,0.007547172103461557
G1,G173,0.00754620769330867
G180,G249,0.007540456204784558
G253,G120,0.007532490582066148
G355,G56,0.007522454460747615
G19,G295,0.007510453698375667
G359,G231,0.007507764253406509
G277,G269,0.007499371033438132
G130,G265,0.007491089864533083
G355,G27,0.0074872854765988504
G80,G78,0.007474915832645576
G212,G344,0.007474852944005836
G302,G81,0.007471749515140985
G19,G255,0.007460540856694993
G391,G69,0.0074582172527759075
G373,G329,0.0074504441753898
G373,G241,0.007441453840045187
G238,G376,0.007439574079763478
G84,G80,0.007427457817545544
G170,G126,0.007420418520074849
G30,G23,0.007419365782973621
G46,G257,0.007409026259253035
G1,G28,0.007408330506457899
G359,G0,0.00740616595717059
G246,G372,0.0074042688689403835
G144,G293,0.007399597395767121
G19,G38,0.007393183308095165
G30,G370,0.007390069787828165
G359,G130,0.007387884323934182
G80,G173,0.007386078039664942
G170,G130,0.007384774972947303
G1,G86,0.007383785799793659
G67,G65,0.007374796235343983
G19,G390,0.007374506047055793
G54,G98,0.0073609044807046164
G170,G89,0.007345098349992061
G170,G311,0.007336364781700296
G359,G11,0.007322158074448864
G395,G376,0.007314990658540639
G243,G275,0.007308356888137156
G69,G92,0.007307428467975649
G123,G297,0.007285354262767496
G238,G235,0.007281168374942054
G170,G143,0.007280353538462646
G373,G384,0.007265006632276888
G30,G335,0.007262949081473728
G277,G184,0.007257166038378268
G123,G40,0.007252957007778189
G246,G239,0.00724255073130349
G243,G304,0.007226782346738764
G1,G373,0.007226566745916863
G277,G68,0.007224800552585391
G302,G267,0.007205630453393869
G262,G333,0.007203718496365093
G246,G293,0.007196429155878245
G102,G68,0.007184701322899653
G170,G224,0.007182191679061216
G391,G65,0.0071736163732398495
G243,G93,0.007173569033490292
G359,G62,0.007170565990863624
G54,G182,0.007166535732622117
G130,G44,0.007157724179309644
G19,G114,0.007151794676915794
G398,G317,0.007145270511070556
G1,G186,0.007123877821887087
G30,G279,0.0071035497948875185
G1,G185,0.007095563447631242
G359,G361,0.007074558703059599
G395,G30,0.007065849806692479
G102,G169,0.007059163525387935
G47,G46,0.007055856902532756
G115,G385,0.007049887026887712
G170,G172,0.00704910423743663
G80,G390,0.007044686025946219
G130,G102,0.00703898711932216
G238,G341,0.006987609388384622
G196,G221,0.006964998073377179
G54,G249,0.006958669573239616
G170,G374,0.006940866266251518
G80,G110,0.00692841059475012
G30,G84,0.006927613272669109
G115,G218,0.006926584216614743
G115,G249,0.0069233834632790245
G302,G192,0.006917730732685895
G395,G55,0.006916316749069168
G277,G4,0.006915273694879674
G41,G192,0.006899167937789288
G391,G253,0.006893450921145884
G115,G34,0.006893260531898062
G30,G185,0.006888516501447771
G170,G260,0.006885344276349651
G262,G334,0.0068813190722722545
G395,G161,0.006880556342405697
G243,G40,0.006880308618348429
G170,G99,0.00687118856584267
G80,G18,0.006866306418403689
G391,G169,0.006859919342677358
G47,G9,0.00685231713646825
G19,G92,0.006850630264429357
G391,G212,0.006838787450653014
G41,G228,0.006836510133222395
G238,G268,0.00683580351938257
G130,G33,0.0068047047649917175
G212,G297,0.006802026728304794
G196,G182,0.006800563447038915
G30,G362,0.006788448978315779
G19,G89,0.006781860340121928
G130,G334,0.006778922058476855
G69,G138,0.006777477156261938
G355,G64,0.0067625741984865435
G115,G70,0.006761605099315223
G30,G207,0.006755240766720169
G19,G101,0.006752965359074357
G180,G33,0.006736433164527482
G238,G194,0.006733652733051022
G115,G18,0.006720995374571569
G262,G283,0.006693608107675698
G1,G142,0.00669271426145328
G41,G104,0.006690809612205972
G355,G281,0.006673308355716317
G41,G299,0.00667246118015799
G115,G170,0.0066716910932455055
G54,G316,0.006668315686738466
G373,G152,0.006663343047643849
G130,G52,0.006661272077298969
G130,G324,0.006653900120048642
G212,G106,0.006651692715488398
G67,G343,0.006632046856538454
G373,G247,0.006629676522497366
G115,G37,0.006622891310343473
G80,G87,0.006608933770669054
G395,G122,0.006608009817569795
G19,G126,0.006595715694323906
G246,G41,0.006593474691352061
G150,G293,0.006593116590470571
G355,G291,0.006591760756202547
G170,G255,0.00657402923067886
G398,G204,0.006573571025990391
G302,G249,0.006563501753780884
G395,G104,0.00655785699398799
G115,G241,0.00655270982264174
G302,G91,0.006537107090577032
G123,G225,0.006528715455135108
G373,G206,0.006519963978047522
G243,G185,0.006511707880291449
G359,G191,0.006507131038578154
G359,G33,0.0064994561566476886
G19,G68,0.00649813024083248
G395,G37,0.006490968313081852
G277,G273,0.006485785714436254
G395,G33,0.006480766578678909
G123,G10,0.0064763239120943245
G398,G206,0.006451589554269846
G262,G331,0.0064504327684787865
G391,G264,0.006445444856065664
G382,G135,0.006440044543183462
G355,G80,0.0064304270499923495
G212,G161,0.006419572933148321
G243,G37,0.006418509806378293
G243,G349,0.006400436969685501
G243,G369,0.006397226052009444
G246,G276,0.006397009637992224
G180,G28,0.006386138437458146
G355,G115,0.00637640386804364
G123,G341,0.006371257395170603
G238,G331,0.00636477523414633
G262,G375,0.006362719289476154
G395,G327,0.006359276615186302
G30,G48,0.0063503742143578325
G180,G296,0.006347366079000258
G170,G4,0.006347307416096385
G115,G267,0.006331030964368111
G123,G257,0.006324822255034397
G277,G173,0.006322385861455435
G395,G224,0.006317693588764573
G277,G354,0.00631472658814803
G54,G138,0.006312457646572137
G262,G162,0.006306836158001844
G243,G316,0.006301487721925625
G302,G126,0.006298762498199051
G253,G258,0.0062943079109693545
G19,G262,0.0062941963682242065
G170,G315,0.006292335044799122
G80,G368,0.006286610648708987
G355,G308,0.0062689092989289055
G262,G84,0.006260651502382905
G238,G50,0.0062604149060746656
G393,G356,0.006253449023904789
G30,G328,0.0062507385898403645
G180,G333,0.006247850793145385
G373,G76,0.006244466203997906
G80,G322,0.006239683738338317
G54,G148,0.006229726764529334
G102,G307,0.006208154430486848
G130,G47,0.006206980349486038
G1,G302,0.006203529179321269
G243,G168,0.006181741288982225
G150,G312,0.006180272133817652
G1,G52,0.006167646692831524
G130,G126,0.006163800235099937
G19,G314,0.006148470886984978
G19,G299,0.0061421731120638035
G395,G350,0.006141506912857697
G382,G331,0.006134748808037077
G19,G228,0.006133067218950225
G196,G103,0.006131414045965705
G355,G350,0.006123815647657665
G359,G172,0.006114711727678447
G1,G70,0.0060955426941775095
G243,G222,0.006094244213007701
G238,G297,0.006091953888601731
G238,G314,0.006081451015329642
G30,G68,0.0060699224491167145
G115,G363,0.006066428700977001
G80,G224,0.006045961843405959
G331,G188,0.006040280393275005
G180,G209,0.006038872292193114
G382,G97,0.0060157880312117495
G30,G254,0.006013172056525292
G19,G290,0.006011365268601802
G243,G302,0.005993873794996649
G115,G307,0.005993043430362891
G30,G156,0.0059916264643737095
G243,G53,0.005988748122706819
G243,G190,0.005988737296523508
G1,G34,0.005985506585671228
G115,G293,0.005983140715383646
G391,G340,0.0059819696376882045
G246,G260,0.0059809714677690196
G41,G249,0.005979222190462874
G46,G53,0.005962103323245274
G391,G291,0.005941561349613406
G373,G100,0.005935341823115517
G123,G376,0.005935209241593874
G30,G31,0.005932894541451657
G69,G122,0.005919945233014076
G170,G182,0.005915834493351396
G180,G352,0.005913666665980352
G243,G267,0.005910182932811946
G382,G84,0.005898656442565056
G398,G148,0.005897093561640643
G382,G341,0.0058944956543747346
G277,G330,0.005892476438508681
G144,G326,0.00587589509989251
G180,G337,0.005874659867445788
G277,G69,0.005862776293762098
G359,G48,0.005860944915276146
G359,G259,0.005855364703006041
G115,G66,0.005854871374902641
G398,G157,0.005852494407727005
G359,G308,0.00585199511232027
G115,G375,0.005848199215982185
G115,G21,0.005831003587374546
G19,G374,0.005812464957315102
G262,G157,0.0058124493276057385
G1,G149,0.005803240252824006
G253,G277,0.005800635583673164
G253,G274,0.005798563203483084
G277,G229,0.0057925999865773015
G373,G71,0.005786352596845207
G243,G79,0.005786312604916785
G46,G389,0.005778640189378365
G373,G287,0.005772398835111395
G30,G39,0.005765214897225484
G373,G83,0.005765137696706991
G84,G168,0.0057628821326649315
G238,G330,0.005756659718576682
G46,G47,0.00575331774434043
G102,G95,0.005749065526216145
G19,G123,0.005742338895048799
G1,G201,0.005742140420488711
G277,G117,0.005740137327867708
G262,G67,0.005735563640192079
G262,G312,0.005729279222917084
G243,G126,0.005720047702880371
G19,G376,0.005716384015795994
G212,G112,0.005695783299248358
G102,G193,0.005689962258353512
G393,G361,0.0056876566929623396
G102,G344,0.005685331807613644
G212,G175,0.005685137184741451
G47,G374,0.005683534689386746
G123,G92,0.005664431745598067
G1,G244,0.005663515820739717
G331,G65,0.005648658705738663
G262,G132,0.005639585198511335
G373,G128,0.005627690426000198
G393,G206,0.00562355708182409
G47,G168,0.005616752923846266
G150,G18,0.005614054027695513
G84,G304,0.005599405767253263
G393,G48,0.005584273502852163
G54,G329,0.005583598758001032
G19,G370,0.005575420128103423
G84,G386,0.00557018403686578
G180,G8,0.005560387874186109
G395,G384,0.0055581660807924975
G393,G203,0.0055556090932058905
G262,G135,0.005549902651165291
G373,G340,0.005542832054777555
G277,G292,0.0055421266896315755
G373,G363,0.0055374884258843765
G41,G321,0.005536517121863385
G359,G38,0.005527012034495814
G123,G350,0.005523087378976853
G243,G161,0.0055129047059599215
G212,G42,0.005503402362358717
G46,G276,0.005469006883648847
G102,G93,0.005466500096345583
G115,G396,0.005463887122399657
G243,G52,0.005454796478218435
G359,G13,0.005454343200218977
G331,G300,0.0054405980135793786
G373,G317,0.005439984189984592
G355,G255,0.0054342183481492085
G80,G275,0.005428492623306379
G391,G72,0.005427995658189477
G196,G246,0.005422325562516039
G238,G318,0.005414265166659299
G1,G293,0.005412285789156538
G30,G139,0.005403151716428144
G395,G211,0.005403091647077321
G243,G376,0.005399846554049792
G54,G155,0.005393897966748766
G84,G378,0.005391809215616161
G331,G158,0.005390969527259884
G170,G289,0.005384336122590719
G170,G371,0.005369736725229907
G243,G296,0.005367604590857042
G355,G309,0.005356802262211923
G54,G351,0.005346114600764253
G41,G120,0.005343990212762301
G391,G328,0.005343216870352321
G30,G249,0.00532951998961409
G359,G45,0.005317825258968838
G1,G172,0.005317043732958092
G80,G167,0.005316594866885904
G30,G273,0.005312895256914739
G115,G1,0.005299968039635058
G115,G347,0.005296249059943442
G41,G278,0.005276690634528791
G115,G382,0.00526074294995801
G212,G56,0.005258104724359645
G262,G382,0.005241428143282462
G277,G363,0.005224831919672823
G355,G395,0.005214027840476657
G47,G290,0.005202965298217552
G212,G52,0.005185339159317057
G196,G338,0.005185274525383365
G150,G53,0.0051776815098795725
G19,G344,0.005175867181653353
G1,G239,0.0051679840402912205
G46,G277,0.005154252514308816
G1,G48,0.005145044927580628
G1,G168,0.005136838030917024
G246,G161,0.005131442775185097
G1,G161,0.005131232072258567
G30,G267,0.005129753622556292
G1,G148,0.005118684026214609
G30,G117,0.00511698621497032
G180,G44,0.0051083252502764544
G47,G194,0.0051006507467984685
G243,G15,0.005089356324618391
G130,G53,0.005088256355132603
G170,G173,0.005084994158620142
G123,G356,0.00508002708419588
G180,G105,0.0050794031457412694
G382,G264,0.005075758538644448
G212,G87,0.005068416457385677
G246,G158,0.005058346596812285
G262,G301,0.005051999246528917
G67,G277,0.005047027973385437
G246,G306,0.00504585924923226
G238,G141,0.005041648244922231
G1,G241,0.00502890142571313
G391,G84,0.0050111140387306685
G212,G308,0.005005288099589694
G246,G391,0.00500430170676517
G30,G136,0.004990395031013831
G1,G152,0.004977432476539888
G395,G216,0.00496786575994472
G355,G248,0.00496097570807405
G393,G38,0.004960747582869129
G102,G223,0.004956245069886553
G54,G306,0.0049388018561501434
G67,G112,0.004930277856964288
G180,G389,0.0049139562972757116
G359,G154,0.004907148140241291
G395,G133,0.004898566041735393
G115,G135,0.004896117408933254
G212,G167,0.00489399266391391
G69,G221,0.00489357807363959
G212,G340,0.004886139525702882
G243,G306,0.004884640219743774
G54,G129,0.004881708504606383
G243,G387,0.004872911315364492
G1,G67,0.004860903491640121
G30,G315,0.004856407693211098
G391,G170,0.004852939457489221
G102,G262,0.004845967431215348
G196,G288,0.004843431862515096
G80,G218,0.004835444266072936
G355,G216,0.004822128834240026
G19,G212,0.004803739948617519
G123,G168,0.00478640435792263
G123,G143,0.004783594454599499
G238,G304,0.00477995293437572
G170,G169,0.004778312748008051
G382,G302,0.0047763955912356534
G262,G138,0.004767606127781654
G30,G211,0.0047446177205203496
G102,G315,0.0047234900481738645
G102,G282,0.004714979577593311
G115,G0,0.0047132633697129014
G262,G297,0.004706237542395485
G391,G202,0.004694796639944796
G180,G146,0.004679499261018825
G84,G317,0.004679311119399038
G262,G144,0.004672112084572952
G243,G100,0.004662234586453241
G238,G313,0.004655534973940931
G391,G188,0.00465454915880209
G243,G392,0.004651964521680957
G243,G340,0.004648707139271832
G30,G238,0.004637266589670314
G19,G2,0.004635272298252273
G19,G283,0.004626614141045787
G115,G339,0.004620389431339255
G170,G131,0.004618937014594853
G30,G227,0.004612061327516945
G277,G280,0.004601681756620679
G1,G216,0.004597077781880555
G19,G30,0.004589419382925737
G170,G181,0.004588883051973707
G196,G294,0.004583288311500955
G1,G317,0.004580945839734948
G123,G377,0.004579865853422148
G123,G238,0.004566014281823613
G238,G256,0.004563374437784221
G54,G364,0.004555194717583165
G170,G204,0.004550884433862527
G130,G330,0.004548144551065475
G395,G167,0.004542786824617041
G123,G316,0.004539065364916495
G277,G252,0.004531694081823939
G123,G397,0.004528559024032396
G130,G242,0.004525296557071068
G170,G329,0.0045240085224385815
G46,G223,0.004523333931349842
G253,G193,0.004517749522099809
G277,G276,0.004515619049519831
G373,G234,0.004512748612728629
G180,G97,0.004511603299105941
G1,G198,0.0045107182716401
G243,G305,0.004506842090728803
G170,G149,0.004496512596475915
G243,G172,0.004489892686390494
G102,G295,0.004486261920141024
G80,G73,0.004482197445966049
G391,G59,0.0044796190256363964
G150,G375,0.0044671506960713425
G115,G361,0.0044623897040415375
G30,G225,0.004461049814856916
G238,G102,0.004458706687249139
G115,G102,0.004449608748681631
G84,G74,0.004448425879162679
G395,G39,0.00444759982318222
G355,G336,0.004439852303977566
G123,G53,0.004439814093837875
G67,G284,0.004435079690954025
G331,G53,0.004421370078688119
G115,G236,0.00442053370815915
G238,G299,0.0044148482615210954
G54,G81,0.004403876121238451
G391,G217,0.004399473732742756
G1,G281,0.004391041101277075
G19,G384,0.004386495942243815
G393,G181,0.004385600698169165
G19,G340,0.004381697426330423
G277,G139,0.004373834609650996
G277,G201,0.004367512637170945
G359,G168,0.004364601122933659
G123,G363,0.0043641059778049135
G359,G235,0.004360469935946958
G1,G25,0.004358832165187544
G54,G76,0.004353362503655048
G30,G321,0.004351930158249731
G243,G331,0.00433734081131483
G84,G157,0.0043317727555219065
G391,G325,0.004320870499527684
G46,G213,0.004319297109858004
G46,G258,0.004312654931668651
G1,G367,0.004303153802098017
G262,G172,0.004302415647237656
G243,G131,0.0042970815513781735
G395,G203,0.004284225712557377
G243,G352,0.0042836753522849415
G41,G344,0.004281993646086973
G19,G82,0.004269573930267459
G41,G153,0.004266340894441625
G180,G167,0.004258619002166487
G123,G85,0.004256298321236147
G277,G299,0.004244900510327082
G19,G194,0.0042437666234935115
G123,G344,0.00424296931395067
G391,G110,0.004240828661675154
G373,G294,0.004238638543723805
G277,G234,0.0042245114742241185
G393,G135,0.0042158117464117795
G170,G140,0.004214919404207257
G382,G287,0.0042045266536433895
G1,G297,0.004204459982795172
G359,G64,0.004202259421796712
G238,G108,0.004180048108537768
G196,G138,0.004162417400723928
G150,G280,0.004160776075717673
G395,G144,0.004151061580804562
G243,G140,0.0041449846845233555
G130,G69,0.004144494603061391
G382,G377,0.0041397938077572735
G123,G312,0.004137034616718993
G391,G210,0.004136836942252871
G243,G242,0.004134878133251765
G355,G87,0.004128285001135115
G123,G8,0.00411608691626187
G246,G398,0.004115933008725758
G115,G297,0.0041152837608229124
G1,G363,0.004107503036836185
G302,G150,0.004106654283859548
G69,G87,0.0041008908584688475
G144,G25,0.0040859991374756
G123,G185,0.004085932547646873
G170,G91,0.004085463422245968
G196,G313,0.00408467447292625
G115,G53,0.004079525683870339
G212,G92,0.0040765789056897705
G123,G338,0.004071804451952356
G170,G90,0.004071181690102633
G130,G238,0.00406943068807071
G391,G274,0.004067088400029346
G355,G31,0.004062068190357881
G395,G96,0.004056641408827669
G115,G94,0.004054878757615234
G395,G232,0.004050716370739508
G130,G312,0.0040506499074318
G170,G183,0.004033284181489488
G19,G218,0.004020037359626524
G243,G288,0.004016636137157244
G41,G238,0.004004776386322739
G30,G206,0.0040023589902480165
G1,G164,0.003999719371509707
G180,G188,0.003997595753513723
G331,G329,0.0039811049830604794
G393,G183,0.003975840849316625
G170,G361,0.003970579208133044
G398,G304,0.0039636799935576505
G123,G268,0.003956502399200312
G391,G376,0.003951633311894243
G30,G40,0.003940132712952204
G262,G324,0.0039311157593345455
G180,G67,0.003924946626455511
G130,G229,0.003897684638679136
G391,G317,0.003885057204059697
G391,G377,0.0038777540511953507
G373,G123,0.003867154731159783
G46,G297,0.0038666907900730824
G84,G71,0.0038540564365166785
G398,G129,0.003847441416839875
G46,G271,0.0038433626831999856
G253,G323,0.003843276316799066
G150,G126,0.003839387715180456
G67,G382,0.003834515580387013
G30,G252,0.0038334165530522664
G196,G342,0.0038324597647302616
G123,G95,0.003818446932237589
G359,G387,0.0038143022268625794
G398,G276,0.0038093211628559276
G355,G91,0.0038090827537251466
G393,G119,0.0038079519900505454
G238,G62,0.0038074432919892875
G355,G126,0.003803973729280756
G47,G316,0.0038038432715366555
G115,G341,0.0037958102279036093
G243,G381,0.0037948263643923577
G19,G167,0.003785122584189969
G144,G273,0.0037769766601518096
G180,G185,0.003773350263055652
G67,G100,0.0037595304226558796
G30,G316,0.0037523226921895216
G359,G67,0.0037474660961074116
G277,G34,0.003744310067551257
G84,G288,0.003741226179011098
G393,G67,0.0037382835780085527
G170,G74,0.0037373606982635107
G355,G127,0.0037309622385712504
G1,G271,0.0037271260006017867
G243,G280,0.003725961639597382
G102,G273,0.0037160586357574826
G253,G46,0.0037150754446586
G180,G143,0.0037114330470070026
G115,G281,0.0037096216617079503
G373,G195,0.003703731754795901
G253,G148,0.003702845449690906
G115,G139,0.003695846276191579
G393,G123,0.0036747874614550258
G47,G88,0.003672832583089536
G391,G395,0.003659770578826209
G69,G132,0.003657114392446273
G253,G260,0.0036499947231257157
G1,G329,0.0036394173887956092
G253,G129,0.0036366929990805097
G277,G319,0.0036321308349115677
G67,G350,0.0036285697313951093
G1,G249,0.0036275459497642614
G46,G301,0.0036248195743699
G359,G100,0.00362046966294818
G123,G310,0.0036193630765789034
G102,G260,0.003612213839245426
G391,G276,0.0036088132327014577
G180,G251,0.0036024666777652765
G170,G259,0.0035934914040248594
G243,G10,0.0035932786415467863
G395,G258,0.00359066151355443
G1,G325,0.0035867664798556465
G393,G340,0.003584640342157115
G253,G353,0.0035768656416685918
G331,G105,0.0035736547669791563
G243,G279,0.003561845282536478
G102,G27,0.0035603701641395737
G382,G167,0.003546811608048428
G355,G76,0.003537398470482525
G277,G147,0.0035373453321221604
G130,G304,0.003533849539747773
G69,G257,0.0035331682578043644
G170,G357,0.003528304556522789
G395,G288,0.0035236435155708845
G30,G2,0.0035236426952432376
G1,G79,0.0035172143830415146
G393,G295,0.003505991220878066
G19,G256,0.0034892990341125474
G212,G247,0.003488010754766277
G243,G249,0.0034837248103408366
G130,G19,0.0034798914045687246
G170,G114,0.0034739096260948954
G243,G177,0.003456461433201316
G19,G179,0.003453468349696169
G180,G40,0.0034385642140830758
G19,G245,0.003437685510823428
G130,G87,0.0034374941495502673
G395,G362,0.003436125978059597
G373,G318,0.003430976687998341
G130,G156,0.003400477390285664
G382,G234,0.0034000831112404734
G243,G85,0.003384335558719807
G382,G183,0.0033830758791448673
G130,G247,0.0033670298197964466
G355,G193,0.003361519065313536
G80,G69,0.0033593619867317293
G54,G250,0.003353713258900784
G277,G59,0.003337419283248086
G19,G373,0.0033347421986936465
G355,G184,0.00332397098156317
G84,G164,0.003321554981380828
G19,G122,0.003320420742486606
G262,G178,0.00331926861132794
G382,G69,0.0033126887847109154
G355,G72,0.003302835054631189
G243,G64,0.003301171131601553
G46,G126,0.003285880338015079
G150,G186,0.0032838286346905665
G243,G317,0.0032824284383589433
G130,G379,0.003280821731780195
G253,G372,0.0032690430024951977
G253,G363,0.003263531651441387
G391,G135,0.003256733977349907
G393,G72,0.0032451140159210946
G180,G84,0.003243950367906201
G395,G155,0.0032399919195010424
G243,G348,0.0032394129859744485
G395,G215,0.003237903842704646
G359,G121,0.0032294310467294654
G30,G144,0.003217813409071563
G30,G134,0.003213065660853845
G170,G236,0.003210645255553951
G382,G46,0.0031754109073694053
G102,G363,0.0031681446696686516
G170,G192,0.0031660076407121554
G395,G24,0.0031592977831305
G144,G210,0.0031572101458386403
G246,G103,0.003144342520746718
G277,G11,0.003143096413139368
G46,G64,0.0031311466778173036
G41,G47,0.0031309628958613445
G359,G59,0.0031174322654726125
G1,G227,0.0031139976885498537
G115,G389,0.0031134842946881035
G115,G312,0.0031056535383635273
G393,G179,0.0030953696102180572
G262,G166,0.0030913257026426375
G277,G327,0.003076261341043607
G46,G312,0.0030717717169339853
G243,G136,0.0030603869045452564
G1,G210,0.00303538907583795
G47,G84,0.0030236937913691725
G359,G16,0.0030162294192737915
G80,G39,0.003016114503417565
G170,G376,0.002996168465543375
G355,G142,0.002990400406552657
G180,G217,0.002990089828564659
G130,G363,0.002986313747303751
G238,G151,0.002985456413790853
G80,G391,0.0029791777070181796
G170,G112,0.0029704574984952513
G19,G365,0.002965865149560345
G391,G234,0.0029652752397066606
G123,G313,0.0029645200978190844
G382,G324,0.00296382368986952
G395,G54,0.0029578758158705747
G243,G39,0.0029455692349489512
G30,G80,0.0029420318682775014
G180,G156,0.0029357233748444414
G398,G158,0.002934642210577404
G391,G318,0.0029299168159529973
G84,G114,0.0029257348561531615
G373,G276,0.0029256629915545146
G30,G278,0.002924842137638599
G19,G70,0.0029208704597028998
G180,G230,0.0029193074666048133
G180,G236,0.0029029644867694868
G359,G86,0.002902584561369201
G150,G81,0.002895201668705563
G150,G179,0.002882094297906035
G180,G92,0.0028813790866852665
G19,G180,0.0028802875176565934
G196,G334,0.0028766300754930196
G262,G110,0.002875721975859717
G395,G277,0.0028705837843188836
G391,G40,0.002862256896130254
G277,G353,0.002861409985958935
G30,G307,0.0028572020080396814
G277,G205,0.0028569631501210724
G391,G142,0.0028563561660193137
G382,G179,0.002848099126241045
G355,G53,0.0028414793650068243
G391,G91,0.002836054925476325
G69,G30,0.002835186514676756
G123,G259,0.0028296684883131057
G170,G368,0.002829329097728952
G144,G316,0.0028284567767705993
G180,G239,0.0028283279146839087
G238,G265,0.002823602699135258
G170,G8,0.0028225711018574047
G115,G205,0.002815774485631889
G212,G185,0.002814158067093314
G180,G307,0.002806380115335891
G246,G19,0.0028009463330067458
G1,G21,0.002799293059106915
G19,G142,0.0027833466897409266
G243,G231,0.0027803583326020086
G243,G224,0.0027802727570424082
G130,G205,0.002777721678530007
G115,G138,0.002765688519480388
G359,G230,0.002763939859440113
G150,G76,0.002751638614728047
G302,G295,0.002749415784772724
G115,G64,0.002748495309016854
G115,G117,0.00273372894469516
G382,G92,0.002723023099165084
G395,G383,0.0027162530782724285
G382,G187,0.0027140303619572204
G395,G158,0.0027049984475865513
G395,G304,0.0026947813466050366
G382,G108,0.0026944183206277506
G196,G109,0.0026943295691351787
G373,G254,0.0026871129972990127
G355,G40,0.0026846609111730174
G253,G398,0.0026820002312383795
G19,G288,0.0026766848751355356
G359,G159,0.0026716892410448487
G398,G376,0.0026492007084883556
G144,G47,0.0026487869920871487
G246,G184,0.002645387238214461
G262,G100,0.0026441185556801555
G196,G141,0.002633853903697858
G144,G81,0.0026181005716876538
G212,G246,0.0026128053174652166
G1,G324,0.0026087746740947222
G46,G122,0.0025870891053593748
G19,G157,0.0025866856621957444
G1,G29,0.002578263264906497
G1,G247,0.0025766205785526138
G355,G259,0.0025420087388392243
G359,G326,0.0025408526119688347
G243,G38,0.002536861296177457
G115,G163,0.002526065962743289
G30,G126,0.0025248162952089225
G47,G179,0.0025184205882336635
G382,G132,0.0025148115815039687
G30,G104,0.0025138226172953977
G130,G103,0.0025098984385192036
G246,G317,0.0025081795140067253
G54,G229,0.002503039376374805
G47,G210,0.002484153709114298
G393,G88,0.0024792962210862385
G41,G369,0.0024567784563415546
G359,G215,0.002446157161959773
G1,G214,0.0024406190140929297
G180,G200,0.002432420361253995
G54,G105,0.0024264005926651067
G47,G373,0.0024261240771453474
G395,G318,0.0024244575425914766
G19,G9,0.0024188849006895885
G246,G109,0.0024127784649238815
G130,G118,0.002404043562170416
G355,G8,0.002398128135688068
G212,G145,0.002397092829957842
G19,G85,0.0023844549793844635
G84,G290,0.0023794597422285707
G395,G260,0.002373364617657199
G180,G259,0.002369184616427926
G359,G299,0.0023519916679297925
G115,G97,0.002347276992882962
G46,G205,0.0023325254112361443
G84,G88,0.002330823230959733
G212,G259,0.0023290309866742243
G130,G357,0.002324808692577403
G47,G99,0.00231837955119632
G355,G363,0.002307430035114237
G102,G333,0.0023049243819089626
G150,G143,0.002297413593829442
G277,G63,0.002273685153676097
G54,G118,0.0022687383587575646
G115,G329,0.002266843382309345
G393,G349,0.0022578385040546156
G170,G203,0.002235098099680293
G180,G79,0.002220397029635335
G243,G274,0.0022018688801991315
G212,G136,0.002193145240083974
G150,G266,0.002189870719781571
G123,G93,0.002184750135366162
G80,G292,0.00217727288950003
G373,G222,0.002168041956568792
G102,G287,0.0021632462473126224
G30,G349,0.0021592156679200603
G19,G331,0.0021489867354148977
G262,G284,0.0021344070361840745
G170,G188,0.002112571544828981
G19,G377,0.002111892671698319
G359,G84,0.0021041626530097016
G243,G9,0.0021008415660858093
G355,G202,0.002099838813967879
G30,G106,0.0020968554434115747
G391,G393,0.0020824314945569744
G46,G349,0.002080408362440389
G391,G58,0.0020778614827104656
G67,G57,0.00207548765863394
G47,G330,0.0020745197702747853
G180,G64,0.002073402911792685
G196,G78,0.0020700967353579625
G54,G176,0.0020325804895276883
G395,G236,0.0020235752524767926
G80,G155,0.0020126968286784674
G243,G92,0.00201208834157883
G30,G193,0.0020044419446307287
G1,G248,0.0020037283536017397
G196,G372,0.002000793066011086
G393,G97,0.0019966793422136614
G180,G272,0.0019963148240269533
G80,G379,0.0019945659428290893
G67,G61,0.0019907663336762166
G243,G303,0.0019715604739219544
G355,G101,0.0019710205422048682
G355,G261,0.0019631501149813373
G84,G144,0.0019597471331328775
G277,G265,0.0019554832031751235
G243,G269,0.0019411429622340146
G395,G250,0.0019324029672884852
G373,G313,0.00193174167074614
G30,G299,0.0019313538000169418
G80,G70,0.0019285065281692028
G80,G229,0.0019278587463679164
G30,G333,0.0019227646661138745
G359,G61,0.0019177980632734473
G69,G317,0.0019158903133814076
G102,G339,0.0019117770718364152
G30,G396,0.0019092041549493757
G54,G372,0.001902176213374629
G1,G128,0.001899619664884722
G262,G159,0.0018958178349077134
G180,G380,0.0018929310083718384
G398,G278,0.0018898529623463944
G393,G35,0.0018890273145029252
G115,G152,0.0018867790552811459
G170,G225,0.0018839300112486607
G123,G392,0.0018730113486151237
G180,G50,0.0018652835889063912
G67,G138,0.0018651651242766187
G196,G289,0.0018650431437470527
G238,G382,0.0018630388670461684
G393,G287,0.0018598027264297018
G243,G105,0.001857300276197571
G19,G247,0.001856137944717659
G391,G80,0.0018476071879424787
G115,G43,0.0018400297247258505
G54,G293,0.001833538238834767
G67,G162,0.0018324382970605763
G69,G324,0.0018221200190997183
G54,G41,0.0018115656566830979
G1,G221,0.0017968575511269173
G54,G255,0.0017924612507323398
G180,G125,0.0017802035888988404
G398,G267,0.0017786695673702169
G115,G252,0.001776955175780262
G115,G259,0.0017691484043633847
G54,G187,0.0017666917121220704
G277,G306,0.0017609249523897752
G243,G174,0.001760578537116718
G398,G349,0.0017576845106885564
G355,G9,0.0017536256471948827
G395,G298,0.0017461148268574332
G331,G369,0.0017458225062980115
G243,G295,0.001745429630820734
G67,G386,0.0017379529038242525
G170,G25,0.0017304376616340284
G19,G131,0.0017154489315494778
G355,G137,0.0017116845493992637
G1,G208,0.0017039685332648057
G180,G193,0.0017038910173018881
G54,G210,0.001701201837163005
G130,G354,0.0016903777024072433
G393,G373,0.0016764222080026536
G212,G143,0.001660465136400377
G331,G395,0.0016473034362234212
G243,G239,0.001646627214320004
G1,G127,0.0016383079176825917
G302,G47,0.0016317283463854887
G243,G48,0.0016245579540200214
G395,G207,0.0016221690765506648
G84,G177,0.0016156041313681868
G46,G329,0.0016070942750501735
G123,G166,0.0016010239270238778
G196,G41,0.0016004355372274404
G359,G162,0.0015999189422815502
G262,G293,0.0015959646434463015
G123,G111,0.0015952309885350693
G395,G322,0.001591796114894968
G30,G212,0.0015916331594883638
G395,G150,0.001587426994823199
G69,G79,0.0015802408675922724
G196,G390,0.0015724850441928007
G393,G149,0.001569992597991704
G355,G304,0.0015663526328609928
G115,G292,0.0015658142698709299
G395,G265,0.0015547381320077172
G393,G57,0.00155210154787256
G115,G186,0.0015498826452014225
G115,G141,0.001543185494616451
G243,G205,0.0015378920633599066
G30,G199,0.0015364073190158051
G359,G248,0.001531723468823392
G180,G363,0.001524357901481338
G395,G263,0.0015197798637960822
G69,G62,0.0015107485979982682
G391,G329,0.0015085651605282954
G355,G373,0.0015064566950806664
G243,G207,0.0015054602895067555
G130,G317,0.001505018483089704
G391,G227,0.0015007201792688642
G262,G246,0.0014988824391550595
G102,G336,0.0014987807163524547
G150,G35,0.001492908519218114
G123,G273,0.0014918683735103619
G302,G202,0.0014830957634393016
G19,G102,0.0014692202706611639
G1,G45,0.0014674605309520153
G102,G283,0.0014539482138370557
G170,G102,0.0014460098016062517
G30,G369,0.0014419637966414812
G359,G146,0.0014405252056430215
G277,G302,0.0014304744557380872
G277,G260,0.0014239169367255972
G243,G71,0.0014172309551068046
G46,G357,0.0014145520813088966
G19,G205,0.0014124351208751537
G30,G385,0.0014032552898075347
G30,G174,0.001401917402278803
G1,G333,0.0014009016130801504
G115,G278,0.0013957546270411889
G355,G286,0.0013905077276686537
G359,G247,0.001386151539480844
G41,G391,0.0013842302936364348
G30,G324,0.0013674034105208305
G170,G251,0.0013510806906404937
G180,G80,0.0013441204878275187
G54,G268,0.0013409705554718598
G391,G115,0.0013311695081194563
G46,G206,0.001322986810197102
G180,G263,0.0013189715159094978
G30,G356,0.0013168216289952892
G331,G130,0.001311086113237811
G47,G143,0.0013088414487621575
G212,G390,0.001307217694407864
G359,G250,0.0013064912020012368
G180,G81,0.0012968234308900657
G382,G168,0.0012720247675269691
G30,G330,0.0012719098649833453
G47,G241,0.0012700149383263054
G180,G102,0.0012669966522366738
G46,G228,0.001250193807722469
G80,G50,0.001240904807160076
G355,G224,0.0012363616795324807
G395,G70,0.0012345849673382984
G80,G276,0.0012257152705946878
G170,G147,0.0012246386599177768
G123,G205,0.0011975336760156052
G80,G48,0.0011861605040342227
G1,G274,0.0011810446269562604
G393,G204,0.0011790393583115677
G30,G268,0.0011667532224956569
G47,G332,0.0011557720149724393
G331,G99,0.0011439966040663052
G391,G208,0.0011427495420335727
G170,G148,0.0011382416528071607
G212,G365,0.0011361725091753733
G84,G6,0.001132414271155395
G395,G126,0.0011269336796343662
G238,G221,0.0011233386139615081
G46,G197,0.001122244571515267
G130,G364,0.001119090276130344
G46,G372,0.001116800117193964
G150,G324,0.0011002284600386825
G144,G20,0.0010959858994603264
G123,G229,0.0010873786763861276
G393,G118,0.0010865065852177641
G115,G254,0.0010845864943270708
G243,G375,0.0010823423733747062
G246,G132,0.0010801545711387195
G180,G144,0.001079313452253712
G54,G332,0.001063839720367353
G355,G195,0.0010628589414604529
G170,G338,0.0010599093371858916
G19,G139,0.001055631380390186
G84,G384,0.0010427769345063842
G123,G76,0.0010415641673076834
G393,G132,0.0010391363631490833
G19,G15,0.0010334352463586133
G393,G244,0.0010309690996515852
G331,G297,0.0010289354387742755
G80,G396,0.001024819642203273
G1,G326,0.0010173891286473277
G102,G158,0.00101456491792902
G1,G81,0.0010006115101624038
G19,G69,0.0009972182831408105
G302,G153,0.0009970805799132398
G1,G304,0.0009823507648530384
G355,G288,0.0009796160360073178
G398,G379,0.0009791269144019954
G19,G51,0.0009767235332325437
G395,G162,0.0009746788755220365
G373,G205,0.0009554098163460506
G102,G340,0.0009532264284899464
G395,G69,0.0009529898071695131
G30,G308,0.0009438595749943508
G359,G263,0.0009343242533891745
G1,G215,0.000931747677822504
G382,G256,0.0009046622188770143
G46,G98,0.0008884160544268133
G41,G314,0.000875882584861494
G277,G135,0.0008717698922306588
G359,G174,0.0008663086218501804
G393,G205,0.000860928917103862
G46,G100,0.0008579286201026853
G69,G371,0.0008537448012189905
G355,G334,0.0008535582547260848
G395,G308,0.0008481831113136482
G30,G393,0.0008265330315236283
G395,G184,0.0008238755433106308
G150,G135,0.0008231452893271984
G359,G340,0.0008134328592432766
G47,G181,0.0008077549531709666
G1,G301,0.000802970543882519
G212,G224,0.0008014215121217652
G262,G126,0.000800197954492203
G115,G161,0.0007964864511644763
G1,G379,0.0007935219786296983
G130,G228,0.0007894479911628866
G1,G334,0.0007869824724341355
G393,G161,0.0007849127096917763
G1,G35,0.000784823743579504
G19,G108,0.0007813793430634375
G19,G287,0.0007708414855769688
G30,G376,0.0007675143186747033
G150,G50,0.0007640084498123229
G243,G133,0.000762988048262539
G393,G351,0.0007581458172880168
G69,G129,0.0007560157698996289
G359,G15,0.0007512114128988799
G243,G6,0.0007496886747018448
G69,G105,0.0007425205481091657
G30,G327,0.0007240338741628591
G46,G300,0.0007177307132757299
G1,G159,0.0007166612732995908
G115,G309,0.0007119293054890577
G102,G122,0.0007081464571594281
G395,G247,0.000703401016477416
G1,G46,0.000701352840632833
G115,G154,0.000698343885428776
G47,G203,0.0006978152475781985
G19,G75,0.0006922948879738329
G47,G376,0.0006870655279423155
G180,G361,0.0006847342011736847
G212,G103,0.0006832654830746798
G46,G367,0.0006823264947333069
G395,G324,0.000678409239405299
G30,G118,0.000675842727625147
G262,G129,0.000673767130196172
G302,G384,0.0006716320062442327
G41,G118,0.0006693704151663482
G19,G156,0.0006679001351040867
G253,G283,0.0006627474960890917
G170,G201,0.000658223103634374
G1,G258,0.0006565085721006187
G123,G21,0.0006507548333132517
G391,G246,0.0006436915902431062
G355,G118,0.0006425486033704852
G355,G63,0.0006343924547658683
G277,G393,0.0006314162648198424
G243,G395,0.0006289705163113023
G355,G190,0.0006228330972179799
G115,G5,0.0006149985261728521
G46,G234,0.0005925618070282412
G196,G293,0.0005737323537924333
G130,G60,0.0005701160325032179
G150,G134,0.0005661997252649972
G67,G218,0.0005609181997582036
G170,G146,0.0005502923533432548
G277,G103,0.0005349687097063599
G243,G113,0.0005215361301021283
G238,G245,0.0005141479033246021
G102,G393,0.0005119878641799691
G30,G61,0.0005084530963300193
G180,G139,0.0004990533607020821
G130,G113,0.0004963755837588679
G115,G158,0.0004883868818358027
G130,G79,0.0004878199517174206
G115,G122,0.0004791981343289335
G115,G302,0.0004773020114773596
G395,G257,0.0004724813107549741
G144,G303,0.0004692406241930125
G80,G222,0.0004631039754097663
G170,G288,0.00045889474932775745
G393,G66,0.00045711561318599603
G30,G123,0.0004397017882856553
G243,G61,0.0004257246978518897
G359,G376,0.0004194943939632434
G243,G315,0.0004156807637882773
G30,G389,0.0004081183450692829
G123,G37,0.00040783171311461336
G123,G240,0.00040708644344156913
G253,G364,0.00040471710493086843
G170,G331,0.0004003929991539916
G180,G19,0.00039537670812608144
G80,G350,0.0003780486334943531
G54,G71,0.0003711358958922162
G382,G351,0.0003697419228052973
G391,G137,0.0003682784856480284
G243,G346,0.00036674480856455777
G123,G347,0.0003609763835454097
G54,G273,0.00036000387206719386
G47,G242,0.00035948706249200324
G355,G111,0.0003580610826612249
G246,G54,0.0003531723014739141
G212,G109,0.0003381599502976229
G395,G16,0.00033005504012739023
G180,G131,0.0003163031294616536
G170,G328,0.0003068732308132635
G359,G181,0.00030317830088361086
G180,G319,0.000298831382800277
G123,G12,0.0002988114370565502
G130,G168,0.0002968121136186219
G391,G365,0.00028671743783674833
G170,G382,0.00028482314799612926
G359,G353,0.0002743462523055809
G359,G167,0.00026979274867941494
G355,G326,0.0002696594835189005
G170,G97,0.0002694112377397244
G359,G236,0.00026286814918283913
G382,G161,0.00026094300263532905
G41,G241,0.0002458978507301618
G355,G160,0.0002392229515329851
G69,G399,0.00023529064650135156
G123,G331,0.00023220444728738743
G80,G127,0.0002255208394716414
G393,G369,0.0002213992873306425
G67,G123,0.00021778582552089976
G395,G391,0.0002041491450862007
G170,G179,0.00019825678697415333
G150,G104,0.00019544663282207442
G277,G271,0.00019326880975054084
G80,G182,0.00019232064309187072
G302,G376,0.00018238436984754913
G196,G157,0.00018177735923975702
G30,G247,0.00017813759791442292
G30,G317,0.00017521419691468934
G41,G397,0.00017422018888720026
G30,G373,0.00016921858352406116
G395,G188,0.00016865051551241683
G30,G59,0.00015843858904341507
G359,G149,0.00015554119039135061
G391,G195,0.00015432750000515458
G277,G284,0.00015263995514006035
G262,G310,0.00015146396635000448
G393,G80,0.00014621021234473286
G212,G199,0.00014518956441693376
G391,G100,0.00011865227718710694
G180,G268,0.00011810934580348473
G19,G281,0.00011756767021374459
G30,G334,0.00011094283230739764
G395,G43,0.0001011265546651749
G355,G366,9.12702870100382e-05
G262,G347,8.895504590707148e-05
G130,G10,8.674617883905854e-05
G150,G232,8.467758931578195e-05
G373,G91,7.112057868433053e-05
G243,G372,6.959909060239022e-05
G243,G396,5.6792271565447167e-05
G30,G313,5.517219716178953e-05
G180,G273,3.248627957298106e-05
G355,G295,1.814154990177272e-05
G180,G214,7.62329259538716e-06
G395,G178,3.368621136236316e-06
